0.05,0.05,180,1701747,1744135,1866469,1881618,2041851,1972807,2001787,2068716,2113340,1995858,2047064,2010860,2071420,2154537,2157905,2233172,2155179,2101992,1996993,1913081,2022993,2041144,2112301,2128634,2146992,2015617,2063355,1978456,2000622,2043252,2009464,2032915,1943651,1927630,1913771,1879281,1883472,1900927,1944943,1948438,1949437,1912054,1970323,2008899,2047081,2032866,2113079,2038249,2082461,2012265,2038211,2050983,2120537,2040785,2140273,2184463,2246483,2202663,2416216,2552847,2389574,2365625,2333817,2228409,2061912,2153469,2176139,2117899,2134706,2046466,2044534,1986897,1966591,2079946,2048664,2180761,2213620,2120853,2299006,2126723,2197429,2105144,2141212,2088846,2146570,2038976,2135865,2101570,2129155,2138646,2174492,2172801,2243952,2213592,2242310,2256415,2254976,2316050,2317657,2293616,2356079,2309301,2280773,2240939,2336299,2272040,2333890,2063808,1933107
0.1,0.05,180,1602032,1612965,1757160,1875263,1958319,1965855,2043555,2013072,2112186,2148228,2159465,2187347,2214105,2137274,2175275,2185618,2128874,2143886,2168222,2169080,2144806,2120618,2133491,2066017,2046644,1942636,1938237,1909146,1919623,1891743,1853970,1902034,1942335,1897805,1953794,2007508,2020064,1996556,1988639,1959447,1974309,1916138,1890157,1874629,1887693,1832126,1895593,1853762,1889483,1934640,2063032,2056632,1999220,1970389,2018589,1996623,1962166,2010689,2025120,1996573,1999461,1909396,1977190,1930454,2001084,2022321,2024280,1939117,2019097,2022055,2033506,2104570,2082173,2195927,2186123,2174919,2154103,2084283,2083568,2102767,2066763,2037264,2184664,2078942,2025614,2135889,2081710,2118403,2067929,2162111,2119719,2165195,2175020,2233117,2241626,2195975,2176341,2198456,2237666,2297063,2301534,2356932,2317984,2423060,2345361,2339151,2521245,2509614,2170275
0.15,0.05,180,1650201,1664648,1799677,1831679,1809097,1910285,1983594,2034617,2085674,2126964,2130518,2189641,2127467,2097866,2219452,2229446,2199845,2145329,2103480,2144350,2181625,2155556,2079693,2101840,2121226,2079521,2023868,2034845,2061853,2007181,2014007,1937403,1941263,1910798,1952079,2018405,2127803,2015333,2092143,2043879,2123277,2094838,2098404,2050562,2081841,2068253,2118306,2094879,2043345,2101415,2096032,2023372,2046861,2051749,1942083,1972821,1976199,2162405,2101155,2105921,2171957,2107447,2142148,2098897,2068915,2084797,2109792,2039290,2104160,1992779,2035925,2019732,1990310,2011346,2038653,2002479,2128810,2062590,2093303,2053317,2090334,2113619,2031127,2029366,2063084,2071334,2064223,2100499,2096217,2065309,1976496,2065841,2031979,2012061,2072083,2135874,2143298,2146619,2180825,2247886,2158743,2225632,2335138,2294139,2295404,2324617,2349582,2341862,2152225
0.2,0.05,180,1607974,1651384,1725558,1869009,1793479,1949547,1982620,2007501,2016047,2031823,2060789,2077999,2097677,2171285,2197019,2311603,2235676,2259408,2244374,2248202,2207077,2186219,2226047,2230360,2173365,2143849,2199714,2212610,2123907,2150736,2133522,2123807,2111739,2202234,2109227,2176764,2154013,2085787,2114144,2053134,2126821,2101159,2058905,2101160,1954655,2097681,1991608,2075888,2020833,2038927,2029188,1991867,1955258,2058150,1984403,2027915,1926082,1966933,2033897,2056692,2034685,1925770,1921041,1922980,2010218,1965983,1919319,1979276,1969005,2011237,1998671,1921737,1876311,1900916,1938514,1939709,1874038,1891353,1927149,1920378,1929301,1929024,1954309,1900022,1956752,1941944,1895228,1934280,1968182,1864889,1987704,1986634,2007925,2042034,2010767,2064934,2069379,2100459,2093143,2105581,2122265,2154261,2180075,2179322,2202923,2269074,2174504,2218779,2004744
0.25,0.05,180,1591825,1663170,1762057,1757936,1756354,1781404,1786678,1929517,1930060,1979716,1974565,2070315,2003918,2117934,2133202,2174932,2117923,2173998,2170706,2227329,2198542,2122050,2142605,2159039,2176788,2122468,2130619,2171299,2048644,2062832,2011544,2114593,2146352,2166900,2057847,2040526,2029205,2086818,2103082,2109371,2047525,2054521,2067697,2106545,2010374,2097371,2089580,2011940,2030379,2034024,1988877,1938017,2056861,1920380,2013589,1992931,1973015,1949085,1900169,1930812,1899961,1972058,1956502,1879428,1950766,1958908,1993146,2028658,1998918,1997665,1964097,1890172,2021246,1971247,1935370,1946427,1910866,1973001,1921630,1988839,1902040,1953308,1889624,1948856,1868666,1901385,1992297,1843902,1905781,2014142,2011923,1995315,1973556,2004487,1904023,1943243,1960203,1978499,2088090,2006977,2080438,2045958,2092489,2148256,2092050,2231507,2205745,2170681,2005950
0.3,0.05,180,1650866,1711023,1697859,1814774,1779833,1814142,1882882,1892799,1898060,1936952,1889340,1914940,1976713,1921029,2002546,1923419,2002080,2060563,1976293,2101568,2027739,2014674,1991117,1908340,1997788,2010133,2036563,1997689,1985210,2003812,1904465,1991693,1983553,1931452,2014823,1922711,1970358,1886994,1925949,2017529,2054240,2000859,2058167,2098863,2137009,1939426,1962524,1959165,1951263,1995974,1968318,1927709,2034311,2007075,2078058,2028697,2029530,2033459,1981730,2066711,2017730,1945609,2107165,2020329,2021227,2010345,1913144,1977116,2004778,2002807,1935913,1956329,2056368,1936319,1976166,1846875,1980119,1941839,1968725,2026140,1933064,1846303,1947895,2002749,1906404,1871442,1895839,1913139,1985847,1944884,2003672,2026888,1907837,1999758,1987929,1995965,2001078,2113226,2072967,2129677,2122429,2133292,2229277,2169800,2215701,2291299,2309231,2405037,2062713
0.35,0.05,180,1684555,1712550,1738771,1792961,1747434,1821032,1886583,1935820,1924112,1970565,1984207,2070473,2027589,2046588,2086095,2083675,1999571,2209406,2083863,2167016,2103200,2154672,2057512,2174958,2241405,2105076,2049925,2064252,1936233,1954975,1966167,1974803,1944403,2006264,2115240,2021948,2018822,2003057,2023774,2021376,2043650,2014192,1995855,1961039,1924655,1938482,2002529,2036476,1950773,1956428,1997612,1902054,1897291,2022733,2057520,2006013,1945564,2036635,2001116,1996722,1912289,1931333,1949597,1910083,1903960,1978326,1934224,2000901,1989271,2037324,2040873,1999300,2023469,2037830,2033720,1987471,2025123,2017323,1963710,2007956,2041140,1938270,1946354,1982440,1982575,2068274,1957528,2035472,2021512,1986993,1952363,2027072,2045828,2018567,1996291,2074379,2049250,2045483,2097881,2133431,2202817,2160187,2165452,2129045,2206752,2102747,2168481,2139630,1882197
0.4,0.05,180,1674158,1734608,1812727,1867395,1873591,1957908,2015862,2150194,2058992,2152013,2207151,2235411,2310588,2327759,2187069,2289823,2294928,2265232,2257115,2171404,2209036,2168473,2137658,2140806,2116650,2131557,2093942,2139419,2091933,2137561,2106940,2122626,2065905,2106053,2051305,2060858,2037373,2025773,2028798,2018911,1956187,2103661,1989079,1944449,2042659,2065510,2043666,2028553,2046814,2015144,1998273,2050525,2022142,2060333,1968589,1986600,1986263,1915332,2043085,1999554,1987390,1925055,1926392,1947242,1949210,1918784,1935157,1983038,1945140,1948736,2002470,2033141,2051055,1959118,1978521,2021820,2052101,1941017,1955607,1942722,1934329,1906702,1941383,1902447,1898985,1948659,1892221,1957745,1913629,1924003,1864901,2029328,1857157,1926339,1915550,1967201,1990747,2014876,1974721,2068887,2031696,2051984,2090686,2084257,2162934,2173538,2124212,1932296,1824443
0.45,0.05,180,1660982,1668950,1671933,1769226,1780217,1846626,1879068,1811630,1904544,1900019,1943375,2044071,2046743,2028533,2032490,2146640,2051208,2140658,2091488,2154865,2167305,2089058,2119828,2133718,2152966,2132372,2136140,1941102,2112557,2015531,2052819,2056750,2021526,2100642,2086333,2094924,2091359,2044907,2007099,1951666,1961788,2015341,2013969,1978162,2031277,2020364,1980041,2041101,1967709,1943457,2016290,1866486,1922798,1989751,1960846,1911979,1976961,1906431,2020701,1959428,1834237,1895748,1872096,1945977,1927808,1981425,1964658,1995479,1965196,1871579,1858221,1935973,1845134,1909928,1873414,1901157,1845699,1908524,1874120,1845533,1775094,1842387,1802797,1933767,1918989,1850193,1951518,1936543,2043745,1962516,1911075,1905279,1935995,2026274,1981605,1967880,2062982,2057992,2035608,2056510,2041430,2050452,2074801,2130989,2171924,2092137,2139211,2182572,1888875
0.5,0.05,180,1616214,1657247,1751774,1794665,1844621,1853401,1923480,1891802,2049981,1939334,1997114,2052329,2020825,2008903,2063650,2026302,2119338,2024955,2074543,2038588,2023248,1962119,2131965,2075938,2059686,2061769,2042321,2069282,2023316,2000827,1940988,1873708,1902045,1930932,1934792,1886455,1890435,1877167,1996814,1938986,1915957,1962001,2034790,1992166,2032845,2001335,1958405,1866177,1986834,1978847,1909425,1949891,1965629,1920153,1893981,1970958,2012428,2004682,1916833,1999369,1951166,1922210,2034769,1999967,2091284,2036112,2036280,2097178,2067561,2139146,1984096,2026551,2045401,2017832,1971436,2007273,1988915,1954972,1940786,2039937,1938630,2048355,1986854,1978962,1937629,2017637,2017102,1994835,2056631,2047134,1988274,1954984,1994117,1973572,1968360,2020000,2003041,2067592,2094812,2035890,2044016,2115614,2049533,2149612,2090183,2146813,2107149,2060913,1873099
0.55,0.05,180,1659278,1799678,1824797,1823580,1799805,1903387,1957651,1993972,2002692,2021104,2058292,2080662,2034386,2043165,2044221,2110497,2000495,2063783,2053187,2098279,2157430,2133383,2156089,2049094,2039463,2046712,2003289,2081676,2000689,2028302,2097862,2039204,2027449,2089631,2108838,2045376,1955528,2084403,2041413,2051415,1937503,1874057,1894860,2025487,2019091,2004502,1909744,1866616,1985898,1971853,1920319,1945915,1886222,1920977,1928269,1915996,1948864,1922084,1878483,1819631,1951041,1936030,2013306,1920359,1972593,1983526,1970196,1923770,2007845,2001699,2027003,1968476,1996575,1966463,1947048,1997429,1931478,1961391,1912497,2023263,1921250,1920640,1918071,1901289,1991574,1979374,2023221,1973948,2012091,1943453,1959308,1986086,1967788,2013278,2031833,2001760,2108127,1946596,2011727,2016545,2039375,2064503,2090886,2127915,2086740,2171013,2282222,2139707,1945633
0.6,0.05,180,1612740,1688025,1750060,1849342,1878725,1985010,2027876,1997627,2042265,2133877,2172380,2148432,2157575,2202374,2220812,2191871,2335544,2242005,2205436,2144849,2256992,2209401,2111287,2288979,2223627,2228381,2254078,2139644,2231228,2145812,2167583,2190998,2145084,2168143,2118166,2120543,2126282,2073670,2097900,2027819,2076337,2014783,2112714,2087638,2059648,2062370,2065778,2138843,2128873,2066971,2100953,2082897,2057334,1931531,1983055,1979415,1920782,2012857,1994388,2009741,1912735,1935339,1970913,1901846,1983372,1939732,1946000,1876139,1967298,1959137,1938509,1961395,1983318,1959907,1896030,2016123,1967018,1880220,1837993,1941535,1950025,1939269,1920572,1928872,1909184,1901999,1972104,1922091,1899859,1956542,2015935,1903149,1965744,2045009,1973086,2011300,2007840,2094987,1971705,2087724,2048107,2048428,2095071,2177016,2130780,2088028,2135774,2228686,2006371
0.65,0.05,180,1683195,1705837,1724946,1776025,1782115,1941740,1944064,1893341,1960026,2009094,2091350,2063667,2064425,2086732,2261595,2131417,2188165,2216422,2167143,2098123,2023152,2202863,2173729,2164869,2112530,2080327,2041107,2082093,2148824,2077506,2167020,2078470,2109923,2016477,2022127,2050883,2002558,2010906,2008820,2070280,1969176,2001411,1991468,2044794,2008997,1977980,2081315,1901448,1934507,1950398,2027678,1944900,2012967,1995635,1978220,1972863,2023295,1982284,1946702,2009944,2037501,1936329,2037041,1976033,1959042,1921861,2015400,1883966,1960320,1951336,1937309,1982992,2007954,1931232,1923757,1959076,1994165,1975553,2000782,2027246,1903137,1909526,1978904,1936069,1971174,1930333,1936967,1997454,1891965,1984398,1999388,1975825,1939630,1924382,1981954,1973313,1957419,1999064,2034512,2014090,2076789,2087403,2035469,2102685,2228247,2204823,2164628,2171664,1884768
0.7,0.05,180,1694217,1682965,1857130,1882635,1941125,1997807,1984716,2064693,2123806,2170868,2199645,2203648,2249376,2151635,2208735,2140507,2239573,2171724,2258172,2262044,2182675,2164562,2158367,2223815,2184207,2152128,2102091,2152303,2138264,2077314,2163976,2032901,2007710,2076135,1982850,2030627,1971191,1994924,2013903,1988408,1990855,1961218,1954975,2010552,2011873,1846763,1853682,1885431,1979406,1966576,1965417,1906781,1906957,1949879,1936165,1824419,1864689,1848945,1906059,1973307,1927332,1921289,1944175,1981394,1957191,1975992,1942787,1983499,2048605,1948966,1939420,1949688,1922766,1859207,1862725,1942860,1898383,1906269,1857804,1908274,1834948,1895103,1893720,1869242,1972313,1993891,1864044,1876540,1909553,1964246,1899925,1974627,1928584,1995179,1993032,2006914,2055276,1963087,2038600,2013714,2065472,2010255,2049825,2073698,2190246,2204499,2158215,2236653,1963205
0.75,0.05,180,1719774,1742718,1799181,1851735,1948917,2061352,2027675,2097748,2147056,2162557,2138990,2281893,2253777,2192787,2172495,2214198,2250463,2248850,2181858,2216466,2233683,2153424,2224493,2238026,2190773,2219739,2130343,2091749,2104876,2170660,2117917,2126871,2076466,2056374,2123518,2060073,2157106,2140876,2105104,2106238,2042057,2088114,2119362,2020646,2092804,2105107,2181129,2075654,2083735,2092553,2006755,2051752,2044335,1979312,2037352,2065614,2062177,2139273,2028519,2083704,2065334,2010675,1948675,1966690,2040982,2111818,2058630,1960887,1989388,1957517,2033242,2025126,2057843,1975566,2003447,1940263,1959571,1948337,1955181,1936751,1892054,1946199,1979253,1949019,1912134,1923091,1956120,1996848,1948292,1958797,1976515,1931059,2023859,1919208,1952347,2050301,2018623,2050287,2076938,2092340,2021464,2141451,2124996,2140459,2090833,2107172,2116017,1942450,1860974
0.8,0.05,180,1608429,1707065,1776072,1808233,1917351,1967242,1904020,2002365,2033445,2091530,2071839,2240009,2090618,2115827,2149946,2169104,2182954,2140882,2217709,2082747,2203302,2108819,2105767,2050515,2062072,2095372,2165193,2102206,2104630,2120739,2108366,2149654,2189006,2145221,2064517,2131411,2047028,2042824,2032223,2038059,2064265,2058971,2046542,2068186,2081508,2067992,2133415,2067397,2104657,2132113,2101333,2075256,2144566,2053136,2090837,1938620,2078199,2050992,2033788,1988006,2071011,2136951,2050831,1993803,1971816,1917817,2002773,1987985,1951845,1986960,1934925,1961981,1893357,1946983,1938376,1923637,2033832,2085455,1950473,2038624,2055836,1953351,2068417,2025065,2041806,2050528,2056880,2040326,1981416,2057860,2058528,2101704,2105327,2134551,2083071,2105806,2169419,2189304,2127397,2207586,2154440,2128433,2180661,2083819,2170925,2142656,2212250,2232986,1927331
0.85,0.05,180,1624616,1634568,1722269,1815703,1843744,1936025,1984354,2053636,1994826,2116537,2167300,2176751,2161765,2148873,2279546,2368057,2221652,2271704,2253521,2251070,2209080,2183985,2222984,2132448,2173829,2185475,2153172,2305136,2183964,2126897,2232449,2234716,2176713,2184380,2175849,2139249,2044775,2161178,2045901,2098801,2117157,2098875,2055387,2024698,2063316,1998689,2105090,2063743,2164345,2170238,2091096,2063190,2074726,2067908,2102873,2058904,2131851,2046870,1969547,2069979,2049979,2063486,2023429,1997090,2005683,1917109,1967010,2031284,2044237,1997642,1936451,2079643,1889976,1975511,1918933,1903786,1941397,1951871,1945646,1948554,1953126,1949719,1998507,1943446,1940649,2045086,1991170,2011781,1940299,2009443,2054830,2093603,2071827,2108790,2198311,2196914,2243884,2140664,2138461,2133359,2168522,2175964,2255727,2222212,2262841,2224026,2206808,2295718,1955930
0.9,0.05,180,1760976,1654266,1839235,1824463,2008457,2073838,1924154,1997910,2016141,2107924,2072885,2100370,2079882,2163988,2122699,2129226,2127111,2124297,2146551,2051742,2140416,2068170,2012760,2055740,2080994,2077359,2150257,2044944,2135628,2031814,2112354,2045797,2060706,1959117,2006337,1948664,1984867,2056939,1964001,1941193,1916571,2004121,1978249,1925909,1945624,2004106,1991191,1975336,1929070,2018809,1980042,1914006,1909609,2009847,1985810,2034752,2009664,2055388,1947754,2046593,1995011,1904601,1975345,1971015,1991120,1943716,1957554,1938987,1902767,1969582,2009595,1943451,1930969,2001930,2009953,1970243,2013777,1986286,1929868,1985553,1897497,1968583,1936022,1956189,1940608,2023661,1972908,1939383,2018085,1971453,2030766,1999729,1991718,2104671,2002374,2082192,2058014,2155553,2049770,2190197,2114360,2065846,2093890,2124418,2195319,2168619,2167461,2117536,1894739
0.95,0.05,180,1731894,1719159,1739709,1857329,1873867,1883568,1900972,2018194,1976390,2052732,2085680,2158003,2092729,2118800,2124134,2182019,2223487,2158381,2186807,2126689,2076998,2047386,2028246,2103481,2164575,2013139,2130273,2153516,2070429,2103949,2060371,2021101,1989798,1994243,2025862,2067447,2021066,1958502,2046237,2007745,1901596,1923821,1936565,1967027,1949354,2021011,1937376,1881263,1885631,1889569,1920961,1990572,1942220,1988079,1980777,1967602,1987606,1985387,2016388,1971271,1945274,1909322,1973688,1936795,1939922,1876714,1939398,1991501,1907591,1953218,1918796,1911920,1943442,1890961,1950682,1934623,1914600,1956368,1846715,1958746,1901778,1885419,1940020,1887939,1865249,1966073,1858933,1839867,1833758,1959075,1895257,1952535,1880066,1961413,1926893,1960433,1945836,1955613,1985326,1955590,2031806,2047097,2021328,2020928,2097510,2034409,2117908,1889849,1754017
1,0.05,180,1565126,1676068,1743234,1835615,1961955,1875881,1933654,1987108,1990455,2051657,2112588,2124715,2150733,2119745,2062054,2192437,2145120,2121218,2160397,2099666,2077147,2056225,2061477,2116034,2116244,2036690,2083307,2106653,2019716,2086617,2030390,1970698,2062300,2017581,1977256,2040796,1992650,1987678,1992826,2001869,2021684,2011498,2037113,1967131,1906573,1942293,1961233,1960069,1907830,1961587,1950839,1978607,1980150,1982876,2030820,2039214,1998790,1940014,1954625,1967937,1923935,1992749,1941932,1965483,2076603,1963068,1906958,1954368,1926525,1895746,1926850,1876136,1935329,1919471,1828906,1862261,1898573,1959904,1918624,1966220,1908394,1909843,1852516,1962739,1933468,1919792,1925041,1905185,1920529,1925792,2000750,1941236,1920222,1924708,1941346,1899059,1994691,2005251,2016969,2035296,2036847,2104778,2009650,2102667,2200506,2189688,2196762,2237051,1894311
1.05,0.05,180,1639138,1647296,1791385,1861291,1947043,1988143,2050642,2066638,2162360,2114856,2157993,2172168,2184732,2194947,2138827,2156585,2080305,2130740,2159704,2059285,2085522,2093257,2120620,2078905,2036273,2071482,2006900,2095796,2006857,2063125,2077589,2084402,2143013,2078457,2244720,2150685,2154913,2167711,2105003,2052889,2104754,2067889,2092112,1990831,2011716,2054976,2053969,1969281,1993626,2041999,2018518,1991101,1973473,1937016,1976245,1976798,1935819,1919269,1986983,1944473,1919906,1915946,1971015,1963331,1936940,1959664,1846587,1919266,1909634,1944300,1945457,1974068,1997230,1895946,1934495,1941920,1838186,1918604,1842299,1863818,1884278,1908789,1864936,1896825,1884763,1865161,1876171,1927327,1869986,1997502,2046135,1971195,1961971,2030918,2062914,1994037,1981580,2094600,2029933,2017321,2216822,2168085,2168440,2140312,2160661,2232380,2164330,2222515,1931833
1.1,0.05,180,1664698,1670992,1821797,1844954,1963101,2058669,1994390,2081202,2114337,2120320,2178977,2249825,2183850,2084112,2055805,2150161,2094556,2018209,2079761,2083023,2019258,2074238,2053615,2057801,2066587,2076192,2012941,2123837,2088779,2083469,2037362,2036523,1962936,2082083,2032022,1982343,1964578,1988664,2042465,2018424,2028905,1981297,1976695,1967760,2020520,1966149,1962828,1953882,1992747,1931759,2009168,1949737,1959958,1969033,1995374,1916598,1973059,1970932,1934473,1930264,1885208,1951880,1963229,1964951,1998902,2018648,1988927,1908975,1954746,1981163,1965202,1959932,1984157,1975612,1953491,1947574,2014030,1956363,1983619,1993385,1948090,1981679,2016999,1966967,1859720,1943443,1951928,1945992,1996875,1981803,1921161,1986586,2021174,2010865,2076458,2027520,2087416,2040349,2067659,2097044,2164453,2099969,2191572,2282846,2306006,2319989,2345282,2228417,1947753
1.15,0.05,180,1692596,1739715,1768249,1830789,1883067,1835587,1951831,2015917,2017874,2059082,2057812,2014107,2046479,2114335,2103385,2123623,2043026,2092096,2042707,2043985,2046571,2045614,2037367,2057948,2057378,2056295,2108584,2052237,2098974,2017287,2071506,2016922,2063474,2051401,1990850,1963917,2012108,1969267,1951389,2006544,1915117,1975100,1994689,2048273,1934926,2002989,1912471,2005262,1942044,1989058,1879904,1887327,1902882,1840790,1961998,1972542,2039048,2008994,1961783,1983209,2040189,1898296,1970413,1998085,1951500,1971318,1909428,1941776,1988163,2051840,1995072,1949682,1972576,1934309,1982048,1911664,1921695,1951192,1950546,1947859,1873310,1887575,1978842,1884854,1902764,1984804,1954878,1906962,1942548,1960551,1971099,1918788,2015438,1996682,1965115,2044412,1980963,1998472,1974302,1979589,2079955,2171548,2074345,2157858,2170782,2122327,2372385,2304598,1925093
1.2,0.05,180,1695613,1760180,1646894,1795714,1975333,1999832,2080343,2176561,2168507,2231350,2125515,2196919,2150132,2248219,2098243,2193316,2144423,2170524,2189999,2139457,2105351,2135903,2122877,2156953,2155664,2138371,2158481,2200692,2109137,2210503,2181668,2177673,2247888,2251092,2188918,2139359,2189957,2165095,2084739,2121826,2267360,2109645,2058429,2052965,2121158,2073805,2128260,2115924,2036486,2069659,2079666,2096065,2115057,2026415,2017411,2056057,1925827,2031128,2080481,2002129,2034308,1982988,1934490,1898448,2109072,2002513,2077119,2009691,2004258,2033620,2041473,2093402,2046823,2049193,1969880,1953994,2005446,2005139,2045705,2052472,1984889,1964880,2048450,1926015,1891737,2016103,2031827,1994223,2016987,1987495,1954669,2074997,1979662,2052301,2092784,2037229,2036413,2027649,2034010,2028816,2079762,2109674,2089669,2165753,2142114,2288013,2254240,2286674,1937765
1.25,0.05,180,1684252,1728739,1871059,1849050,1893050,1925083,2026000,2014873,2039333,2149214,2107943,2189980,2095802,2146012,2048623,2152986,2080095,2192144,2101493,2047642,2115683,2083393,2030192,2050879,2016039,2011206,2047315,2047306,2017134,2033615,2017420,2052638,2091325,2125331,2084188,2036460,2047017,2068787,2047665,2016971,2003283,2062521,1955281,2005477,1932673,1896386,2032810,2039720,2017548,1990496,1953392,2053199,1998142,2055267,2035178,1957643,2045169,1996113,2033299,1982615,1943551,1993856,1931967,2026482,1971156,1945876,2030148,2051085,1991424,1952643,1951525,1969193,1921607,1959206,2021081,1820895,1882136,1990346,1957048,1873001,1889190,1913940,1933201,1945861,1813785,1889640,1920602,2003004,1997473,1998075,1992855,1986823,1975211,2104665,2018635,2050031,2080619,2074127,2147431,2039613,2122520,2143402,2190407,2184969,2210180,2202433,2259914,2129758,1865661
1.3,0.05,180,1647167,1638426,1871671,1898888,1901288,1873969,2056758,2039168,2115521,2082966,2049950,2130076,2209696,2216214,2226397,2181597,2284531,2219486,2211578,2218181,2185247,2167454,2087053,2147074,2131799,2174932,2122359,2128987,2142696,2006778,2100074,2106189,2015307,2098455,2085373,2110366,2057993,2035982,2060143,2008097,2010464,2117377,2009892,1985934,2070009,2045056,1987531,2012601,2004106,1899114,1899317,2012775,1939838,2014464,1971972,1939486,1993112,1968281,1946989,1888982,1827617,1922773,1872911,1808695,1879652,1910999,1820364,1873351,1895456,1861662,1888898,1819338,1844480,1829915,1787937,1866331,1815496,1889498,1852624,1882031,1827438,1877609,1842746,1902924,1848251,1918016,1910895,1964608,1952732,1964158,1863014,1958092,1944036,1943981,1985563,2025589,2026457,2032047,2163794,2043972,2115128,2137290,2205215,2192680,2269172,2300633,2228073,1963232,1859481
1.35,0.05,180,1672885,1610628,1757502,1817970,1784592,1901422,1936488,1954759,2070932,2082538,2139496,2119377,2112194,2150271,2124921,2228279,2124204,2217376,2255390,2147983,2080532,2127589,2122971,2048625,1986030,2011466,2045166,2019495,2098523,2060817,2048819,2051623,2071846,2058635,2106915,2073136,2047134,2080358,2039891,2097948,2071663,2094001,2042147,2024426,2022687,2083013,1967337,2037929,2012621,2010551,2043245,2034429,2002989,2000416,1992113,1923550,2020443,2017426,2036726,1967896,2045024,2034292,1991268,2016291,1980124,2061818,2013864,2042153,1982781,2002536,1979796,2011537,1997948,2084765,2075897,2011015,2072011,2026288,2000027,1976010,1955141,2046033,1975023,1985076,1968348,2020328,1959402,1970765,1981265,2035966,2015513,2068425,2109211,2133773,2210886,2140044,2170463,2184428,2203826,2204699,2295063,2181347,2242661,2172945,2278759,2301682,2277015,2275283,1983806
1.4,0.05,180,1672846,1621919,1732216,1790363,1795593,1897506,1907101,1936200,2013844,2057909,2130121,2090728,2110023,2072424,2051436,2107803,2091045,2106291,2100151,2090465,2090179,2073067,2095872,2090661,1983857,2058871,2078672,2078013,2077030,1971418,2036373,2053776,2113527,2060028,1966156,2011298,2026010,2003071,2039858,2028408,2023392,1990702,2021194,2020572,2044365,2037537,2093026,1999481,2049238,2068785,2043989,2018596,1955135,2006458,1973974,1950727,2016837,2060799,2100799,2028326,1995727,1957384,1982919,2018199,1992724,2023357,2053319,2013492,1970179,2043184,1974786,2004240,2005427,1957994,2025233,1998460,2037064,1991476,2067575,1959431,1946110,1970783,1963581,1963700,1940429,1963358,2070310,1914880,2016717,1969270,2016606,2067128,2082925,2126203,2075861,1969485,2032653,2134015,2044436,2122998,2161765,2127806,2068977,2149420,2181701,2245246,2200525,2212326,1943231
1.45,0.05,180,1575814,1711463,1709285,1776099,1874511,1954217,2003348,2047152,2122083,2159053,2108673,2195620,2151546,2128293,2133135,2144236,2156189,2123604,2214943,2141204,2144227,2133519,2039856,2111810,2035297,2095010,2070372,2057820,2020611,2090532,2110915,2140596,2158679,2149520,2045677,2184000,2118940,2116406,2138257,2135899,2087602,2093303,2083823,2061623,2048983,2073623,2083955,2001983,2002206,2001039,1976327,2000904,2012983,2007503,2091531,2053765,2134649,2165361,2079838,2084999,2105603,2059246,2027018,2037497,2071134,1970685,2001225,2023224,2009277,2036937,2077647,2019410,2057308,1971275,2017834,2025866,1969046,1982887,1981884,2021487,1966934,1910508,1908965,1945537,1976074,1880745,1890212,1887928,1986084,1969515,1930434,1977384,1947785,1918206,1964133,1979903,1989840,2065485,2048385,2080302,2101849,2082023,2084975,2099986,2114742,2224253,2225658,2131395,1837435
1.5,0.05,180,1645044,1720368,1775750,1891014,1930048,1912126,1947811,1991922,2012757,2136006,2070045,2119369,2042776,2062577,2090412,2119655,2123508,2102301,2075498,2098638,2118647,2091226,2028647,2076469,2064274,2029642,2025406,2053115,2082724,2031783,1930855,2053792,2027200,1970529,2095833,2071793,2070248,2121076,2073997,2059480,2040393,2076875,2170052,2045826,2122479,2081495,1996686,2071075,2130058,2035310,2100644,2083226,2111357,2061359,2028858,2000397,2045385,2056218,2052546,2118666,2073198,2061049,1966573,2055507,1960495,2018568,2027278,2011038,1997398,2085600,1987896,2010131,2010364,2004780,1964201,1968542,2004661,1972023,1891070,1885326,1899016,1866201,1906430,1888068,1934736,1925460,1966361,1892607,1934952,2012458,2013039,1942401,1966375,2001728,1979795,2039412,1998416,2101437,2101648,2003380,2197338,2103274,2129238,2157517,2152741,2213777,2198453,1943327,1789839
1.55,0.05,180,1729340,1731794,1845057,1829352,1912710,1920178,1886743,1972284,2004044,2029724,2133822,2107817,2107946,2144241,2179965,2278124,2178147,2167541,2093238,2114426,2095894,2137388,2117624,2095176,2047037,2094680,2055333,2052521,2021948,2090020,1962732,2081025,1977803,2101313,2009711,1993955,2119571,1994181,2058438,2018470,2001912,2010010,2067622,2032684,2066966,2081962,1992185,2088575,2037334,1970960,2076096,2027799,2056222,2034839,2065656,2004993,2018697,1986575,1942558,2101686,2081088,2025769,1974160,2006271,2008356,2033914,2034355,1995823,2064474,2032030,1978495,2019540,2001524,1928177,1902654,1975252,1992285,2072143,2029288,1999657,1908228,1880213,1975446,1916858,1970234,1939932,1858184,1937807,1897797,1994039,1951805,1943460,2055342,2067184,2078874,2063884,2126537,2126215,2180844,2117988,2157742,2178700,2203214,2191152,2150309,2271955,2246337,2295728,1976365
1.6,0.05,180,1684689,1784062,1751604,1733415,1857986,1836082,1901677,1907658,1964812,2048508,2064223,2004544,2081944,2104437,2076759,2070521,2178658,2093615,2158420,2117571,2019335,2069653,2036107,2121613,2022502,2081684,2033926,2079417,2047015,2068335,2061597,2046662,2060237,2064730,2046732,2086361,2115430,2085633,2085831,2062946,1984351,2151574,2094650,2106732,2124957,2021769,2115568,2104292,2135397,2065969,2067805,2051055,2111635,2070656,2029946,2027438,1967863,2053174,2067603,2047026,2028578,2087836,2035515,2097500,2024861,2020454,1997521,2050030,2061521,2014888,2027648,1995199,2050401,2007675,2036201,1964392,2029467,1996648,2013086,2079428,2037144,2030735,2053377,1974361,2082270,2030192,1977194,2069642,2028710,2011101,1989492,2011547,2033157,2043537,2093388,2079215,2063325,2046277,1993169,2116169,2035529,2068454,2138722,2262427,2265726,2341286,2418210,2330684,1979014
1.65,0.05,180,1651032,1748929,1849214,1795692,1842699,1841709,1947481,2020436,2035354,2008895,2163768,2060000,2092485,2093448,2127847,2106535,2096775,2045453,2081513,2043842,2077155,2051868,2038847,2024792,2038330,2043027,2052081,2005537,2055478,2006101,2018797,2033461,2113224,2080994,2030837,2053492,2077449,2036527,1953498,1996733,2020890,2026705,2025023,2077490,2062840,2078265,2083810,2028004,2002002,2044985,2070291,2013036,2008965,1991919,1954693,2015500,2010197,1897192,1962480,1975407,1961589,2005943,1936506,1985124,1938317,1951397,1974028,1927163,1972193,1934188,1956985,1957584,1911418,1928429,1940316,1957957,1894598,1964794,1958060,1995572,1934738,1969066,1913016,1952970,1941653,1915590,1914456,1963380,1937395,1951785,1894640,1972941,1934384,1879142,1985984,1958906,1930499,1975411,1960693,2024007,2019971,2141690,2171076,2177921,2333585,2294010,2214678,2013696,1838175
1.7,0.05,180,1653777,1691505,1757468,1796725,1850028,1904591,2017926,1995158,2038796,2098758,2090452,2068971,2078244,2112200,2107112,2135157,2099015,2036040,2034428,2060438,1984246,2005706,2004583,1971504,2001880,1993114,1995681,1953405,2016511,1954396,1998258,2022367,1872183,1960962,1995185,1951861,1932833,1952873,1974819,1952245,1881936,1915420,1976394,1948731,1967556,2015486,1961094,1950565,1988693,1910976,1967677,1909961,1898101,1930893,1898234,1989429,1917456,1911798,1870725,1879921,1923620,1896803,1942584,2061008,1941247,1957249,1949677,1991292,1900988,1923001,1942688,1949685,1895690,1955951,1942490,1994342,1972122,2011557,1938839,1984195,1968302,1971881,1942729,1959480,2006101,1942910,1953505,1968900,2015228,1949126,1994790,1921590,2025490,2003444,2020344,2018919,2061485,2054854,2017721,2058642,2087766,2165099,2113540,2155682,2227311,2422360,2388300,2436287,2092300
1.75,0.05,180,1629198,1825961,1824713,1869000,1909883,1999120,2067640,1946593,2020629,2064335,2157807,2113142,2139857,2098512,2101694,2136377,2268874,2229599,2190905,2162938,2089400,2117757,2109489,2064822,2138899,2178671,2176606,2102244,2133101,2006435,2103657,2085941,2057038,2063113,2045126,2055782,2018408,2134368,2096171,2086915,2072152,2104440,2080348,2105894,2102580,2021248,1994167,2068090,2014969,2016523,1984229,2040505,2102992,2063616,2066300,2048656,2058660,2047552,2079568,2024385,1986368,2056662,2022497,2105925,1981675,2043445,2050245,2003020,2055677,2050667,2031711,2044476,2118748,2041720,1958643,2073299,2061261,2066365,2024463,1975804,2060387,1997653,2010362,1987827,2039486,1999288,2031891,1975002,2036360,2055452,1995945,2002692,2001718,2007012,2092438,2154151,2124019,2065878,2167653,2075969,2193385,2066566,2197027,2250432,2234189,2328166,2369019,2398100,1839469
1.8,0.05,180,1697575,1808412,1797185,1907676,1970465,2032810,2105211,2178188,2165954,2163775,2139424,2301072,2279298,2218498,2257763,2319440,2317128,2239831,2277510,2256104,2282938,2157753,2148751,2162016,2137687,2183308,2140566,2170266,2149034,2162110,2136274,2058521,2104596,2119962,2096062,2148621,2161123,2117669,2079792,2078522,2110237,2152859,2105752,2139197,2119244,2158441,2064793,2081270,2106878,2107836,2029046,2008499,2080635,2021341,2061024,2011733,2029611,2036829,2018485,2090662,2088233,2039499,2042345,2052170,2075576,2075143,2086173,2091392,2041262,2157545,2066746,2062962,2086709,2077865,2085376,2100252,2053629,2056389,2052234,2041945,1992832,2089259,2069044,2093209,2064409,2052044,2027635,2026724,2063349,2030418,2039034,2127734,2061076,2076129,1993878,2046803,2133010,2187476,2184303,2171465,2135479,2173420,2331959,2340154,2371165,2406824,2430187,2236562,1883833
1.85,0.05,180,1715336,1820832,1865970,1911595,1949402,2102227,2094775,2090848,2129404,2173621,2206748,2236893,2207707,2182320,2175446,2231175,2145306,2173850,2151053,2141998,2088561,2139078,2086558,2062720,2103413,2136107,2137534,2070661,2147450,2088048,2055719,2057417,2056994,2073652,2046105,2082119,1971047,2129150,2126152,2100965,2094375,2009166,2045485,2145325,2105905,2096236,2044013,2036201,2106733,2021783,2002392,2015070,2008570,1997790,1975872,1967278,2014535,2012402,1989985,2011506,2030036,1968042,1963266,1980686,2004459,2011677,2020548,2044534,2048566,1987133,2004244,1922728,2001493,2036027,1984638,2045633,2071875,2014063,1955079,1977358,1959228,2011462,1907357,1949783,2041647,1942734,2023983,2046168,1983371,2023527,2073094,1974019,2058732,2045007,2056311,2055648,2036895,2126841,2118606,2163120,2061439,2238297,2194033,2276801,2270673,2232562,2270045,2151961,1845432
1.9,0.05,180,1584568,1685775,1732051,1856794,1899202,1985999,2028302,2062911,1974636,2064906,2077885,2092392,2018249,2196563,2130661,2148944,2146210,2143291,2181263,2147247,2136016,2175761,2135424,2076026,2077634,2129516,2083325,2044929,2070317,2138083,2023506,2128292,2029416,2098464,2035150,2029469,2094688,1999670,2075849,2114508,2088116,2069391,2081729,2118725,2064877,2077694,2073001,2005690,2074683,2045662,1956413,1991955,2032246,1991489,1990864,1969802,1959277,2008393,2006397,1960702,2012082,1946382,2021260,2020583,1963070,2014817,1912055,2048342,2012654,1924998,1927220,1951082,1998908,1920352,1887735,1994121,1952522,1969956,1917413,1930050,1900684,1928545,1979654,1972101,1991150,1922090,1933879,1961510,1893111,1967282,2032277,1954295,2073446,1972658,2010845,1938155,2023819,1987114,2074761,1965404,2018164,2079114,2061732,2068204,2121992,2195377,2154946,2110044,1932038
1.95,0.05,180,1603967,1710196,1711773,1755947,1833374,1838932,1920369,1928914,1990859,2018023,2071322,2082985,1990403,2045248,2089538,2036038,1959146,2010059,1988287,2070836,2063288,2016100,2131387,2041858,2040277,2082811,2041600,2049868,2052761,2034086,2009755,1966001,2016497,1965276,2069726,2009697,1983955,2051484,1976031,1904646,1931546,1940976,1948619,1996341,1962020,1915363,1953811,1967797,1976183,1992105,2005540,1954423,1954046,1928223,1995524,1938544,1952593,1939271,1999976,2009184,1918919,1966477,2005294,2046875,2030766,2070064,1921424,1997387,2050666,2067003,1968952,1929291,1990850,1939841,1970811,1988633,1983028,2043524,1963760,1867193,1879183,2031268,1912696,1992421,1909527,1951088,1937153,1891085,1907953,1921820,2023315,1975256,1952937,1980029,2028932,2025122,2012795,1926143,1964493,2032491,2033809,2064283,2035494,2128828,2125770,2181439,2254889,2234708,1880904
2,0.05,180,1655055,1746583,1737963,1854997,1800172,1914613,1968987,1965934,2049803,2134425,1983096,2014340,2094099,2113381,2045970,2039678,2102210,1956991,2037219,2054501,2084709,2091624,2059265,2070051,1976932,2062515,2058004,2045015,2019434,2036777,2039374,1957196,2030081,1914424,1957667,1936271,2004386,1972269,1962252,2002972,1997062,1977168,1960357,2040679,2056313,2001294,2122367,2015704,1996991,2019825,2022493,2113824,2036446,1992719,1916916,1957150,2053370,2051799,2025265,2023108,1919650,2010222,1984039,1958040,1972701,2029046,2026607,2077318,2085777,2029083,2009953,1987734,2034610,2009365,1967746,2017876,2029386,1976893,2069582,1988061,2008236,2028013,1985172,2084033,1994279,1943553,1932823,1984143,1964380,1990622,1984103,1989380,2035415,1985621,2006325,2066558,2057480,2050224,2062040,2066925,2051744,2142965,2119795,2081874,2145532,2183118,2128498,2034041,1838971
2.05,0.05,180,1697959,1701301,1718968,1870585,1734877,1872875,1942709,1962102,1982306,2087793,2005455,2028331,2023605,2070917,2069701,2088975,2056019,2105218,2008607,2029532,2075604,2042558,2166660,2172718,2047196,2054039,2094942,2056837,2000247,2016319,2093530,2077948,2035645,1984294,2005466,1983290,1950466,2023039,1947952,2012229,1940494,1954574,1991550,1941424,2044035,1958538,1950826,1976644,2049146,2014882,2015110,2019864,1985808,2007527,2046717,2062299,2000468,1978443,2023821,1988192,2060820,1996742,1987723,2059712,1950127,1981499,1960144,1910698,1987342,1956337,1910078,1941196,1933404,2012668,1954591,1901955,1948691,1952324,1947010,1935642,1989487,1934569,1946644,1957970,1901939,1944249,1942800,1916267,1966232,1996573,1954325,2010919,1971446,1948202,2044353,2056696,2101770,2072724,2077770,2191927,2134340,2205641,2201381,2185369,2205634,2306573,2182297,2005107,1884997
2.1,0.05,180,1623585,1691037,1694026,1761874,1765940,1864753,1862311,1918552,1983292,2052557,1997371,2074953,2076126,2070484,2019713,2091468,2152892,2038605,2094044,2029410,2098821,2111719,2027826,2021083,2118946,2033542,2049095,2033748,2043575,2041101,2036354,1993685,2026260,2111973,1977469,2074577,2120022,2005590,2061679,2039586,1989546,1996161,2057466,2038978,2005030,2068216,2150359,2018101,2082481,2082119,2105626,2076052,2077937,2091845,2064087,2029733,2033408,2058656,1990880,2040266,2021543,2093559,2035511,1946332,1912038,1953816,1973100,2050430,2004833,1964586,2076038,1945083,1961075,1949697,2001635,1951807,1953986,1943494,1966326,1975090,2036344,1958947,1951635,1991740,1966387,2059172,1969133,1930564,1921781,1934849,1903327,1928687,2011423,2027868,2017100,2065858,1994284,2028741,1999513,2035866,2190886,2291933,2291234,2308971,2211671,2200150,2287401,2285618,1907173
2.15,0.05,180,1656664,1678454,1751620,1732736,1829373,1843857,1849308,1878296,1950672,1974430,1945439,1995152,1983814,2087688,2033561,1955548,2017426,1936597,1913979,2010845,1942802,1934258,2018104,1934305,1898313,1945841,1957399,1908449,1954317,1879320,1907756,1937506,1907729,1890704,1873896,1847734,1915379,1959894,1837376,1889856,1908925,2008645,1954069,1961937,1994634,1988354,1956314,2014221,2025905,2034475,1969272,1969754,2044194,2008910,2053885,1999439,2021785,2001749,2005530,1974269,2009339,1885700,2081496,1903104,2020047,1950160,1995636,1936178,1949987,2042777,2015408,1946478,2006395,1983669,1924069,1945743,1923540,1976809,2051472,1942192,1950967,1935806,1948640,1964308,1958180,2015944,1996561,2011636,2062054,2008477,1994392,2049145,1989068,2042279,2056525,2012141,2091182,2073624,2159203,2118906,2205397,2257444,2259716,2325118,2268476,2369882,2313284,2304954,1833069
2.2,0.05,180,1631350,1783613,1835157,1886130,1886146,2017915,1973343,2011386,2012914,2125540,2152651,2121838,2084110,2132633,2119155,2148685,2133505,2062973,2151193,2135098,2127989,2118059,2114946,2029537,2127555,2056804,2089977,2074783,2016438,2022747,2024884,2031979,2064108,2042789,2115423,1973361,1995917,2070592,1966886,2076934,1944612,2048732,1937354,2101774,2097245,2044332,1958168,2046179,1992451,1974142,1988808,2052343,2001335,2002757,1979892,1968542,2001128,1958288,2033702,2044070,1948905,2013405,1932175,1974346,1969625,1970192,1935341,1932486,1978761,1977379,2017235,1932681,1960297,1934164,1926285,1865999,1935741,1894145,1959191,1975679,1976251,1990597,1972660,1951233,2008657,1942436,1936030,1953447,1962347,1909023,1946372,1974470,2026137,1969632,1931987,1994764,2004970,2106927,2090128,2180400,2172165,2216480,2235920,2284828,2274850,2378444,2282959,2114797,1838382
2.25,0.05,180,1600572,1702291,1763425,1800896,1979975,2018091,2072442,2117820,2058527,2191661,2179305,2225731,2158482,2121151,2161942,2164022,2181281,2084288,2162541,2127507,2063541,2088818,2031768,2064803,2084957,2073430,2083780,2133866,2134637,2070209,2018870,2065712,2044861,2027670,2021248,2055158,2103065,2014531,2034337,2021886,2033550,2020291,1997755,2002934,2088195,1995049,2155652,2059830,2079782,2060008,2085786,2058104,2115888,2066570,2023270,1968191,2050968,2080984,2042666,2074182,2031424,2033259,2065843,2041351,2086340,2081327,2045137,2022388,2112421,2071560,2045356,2006637,2034640,2036642,2030587,1977902,1992839,1989605,2007418,2078475,1965557,1890090,1910750,1927568,2007774,2010147,1992307,2022377,1981370,2007340,1983356,2026899,1981992,2038154,2036874,1962790,2097078,2000301,2109893,2115241,2128608,2140080,2171542,2215363,2263644,2377310,2388395,2470879,1920455
2.3,0.05,180,1761199,1833391,1882168,1959542,2018255,2108262,2118879,2139010,2131441,2150554,2204581,2149436,2139636,2189682,2114401,2169667,2164450,2142481,2129638,2150205,2161699,2172238,2124699,2107069,2150395,2078883,2190865,2193113,2133804,2113162,2087055,2072086,2041157,2103659,2057210,2069626,2013625,2072705,2055375,2045720,2077018,2056708,2076982,2059856,2102108,2092653,2120365,2103547,2128088,2124909,2113261,2238170,2093587,2119256,2125000,2086095,2156835,2120172,2057381,2204312,2059762,2080082,2072706,2082878,2142983,2083608,2036908,2131156,2057621,2039935,2073121,2026399,2044975,2046975,2013507,2047288,1974803,2044658,2013800,1998040,1993240,2090007,2041681,2032441,2030730,1980100,2022196,2060627,2062111,2038563,2079601,2015055,2068362,2048099,2112509,2035688,2146907,2087512,2173767,2094417,2087584,2128448,2275427,2317144,2426191,2347002,2355417,2311597,1885411
2.35,0.05,180,1708167,1786464,1866132,1885502,1936786,2035730,2064633,2216273,2208768,2134969,2182478,2256064,2226231,2157821,2178167,2205150,2208363,2199955,2133403,2165603,2144557,2072319,2084041,2091416,2142436,2075956,2120054,2041212,2131588,2047320,2041030,2071566,2046482,1997514,2041187,2049961,2086768,2024722,2003039,2089801,2006847,1962093,1966437,1901044,1974651,1971624,1880787,1956489,1959024,1966363,1952784,1945794,1947667,1950333,1934509,1933998,2008591,2043392,1926583,1931475,1868841,1984442,1983573,2011203,1880497,1929236,1976479,1957957,2016511,1987457,1975767,1972173,1905238,2003074,1978832,1969014,1957243,1876983,1914143,1903081,1942302,1884374,1884102,1872645,1914051,1948264,1913680,2096487,1862528,1975729,1929454,2023606,1984296,1982436,1993831,1985036,2010503,2014156,2073454,2042523,2139911,2207079,2204198,2304130,2344929,2383575,2396834,2143100,1846531
2.4,0.05,180,1726813,1870936,1893654,2008620,2059407,2093117,2120721,2137259,2198719,2226236,2184997,2181038,2172129,2167821,2240446,2143999,2111112,2119672,2193744,2074909,2066196,2089137,2097240,2086356,2112391,2085383,2115301,2139202,2146039,2026174,2031988,2104647,2045339,2040125,2002981,2008354,1997251,1966875,2024195,2032059,1930073,1977851,2008509,2003654,1968896,1974215,1965356,1964523,1954003,1943830,1976713,2004833,2091070,2049849,2007174,2067556,2059122,2032202,1962601,1976037,2005015,1959865,1917120,2048986,2000818,1901912,2012975,2015220,1996018,1963868,2002063,1946020,1952580,1996754,1916886,1978036,1968482,1893248,1923549,1996961,1948656,1930702,1973111,1957332,1955989,2077295,2066223,1936030,1962183,1989445,1912464,1979070,2013593,2092810,2077040,2040193,2067145,2084912,2047771,2148261,2183163,2195072,2179300,2258483,2250110,2335027,2294433,2121331,1932049
2.45,0.05,180,1731721,1760418,1919252,1898399,1957829,2085353,2038136,2090812,2153700,2133998,2059045,2139258,2149510,2141631,2128729,2200856,2196189,2095517,2082411,2119578,2093718,2158497,2131341,2055130,2026646,2144148,2105569,2052308,2140671,2154522,2171864,2110618,2108063,2153829,2143269,2179193,2153113,2085332,2103899,2102575,2106165,2050584,2053693,2074134,2076889,2052865,2066104,2110401,2064691,2100820,2092648,2085423,2061277,2135499,2092359,2157887,2094111,2073410,2121129,2106483,2071568,2077540,2076391,2139237,2099359,2177269,2095541,2131087,2185009,2150562,2144439,2116926,2122231,2106698,2022670,2075659,2053770,1942585,2107745,1975441,2046729,2024373,2014745,2017061,2023208,2064227,1971996,2042029,1996655,2021361,2003378,1987158,2081179,1983111,2032057,2041528,2017223,2005347,2019080,2077654,2132928,2136785,2139463,2194582,2186348,2216828,2241903,2303753,1982060
2.5,0.05,180,1811303,1799671,1852387,1931795,1926140,2032506,2071405,2245089,2216994,2136734,2215425,2195670,2258056,2197927,2191694,2234905,2145068,2243436,2161694,2207324,2209426,2177377,2179042,2112797,2167665,2183330,2189715,2111540,2173908,2169653,2157476,2111836,2089308,2058951,2140062,2085821,2005276,2120984,2035630,2007554,2148830,2004616,2083018,2049375,2125831,2046531,2060376,2055952,2047801,2015933,2066215,2112453,2186126,2084255,2028167,2012332,2061250,2147969,2054023,2031975,2089134,2063498,2051079,1964587,2048703,2071951,2060094,2032431,2074651,2061289,2047248,2109064,2107227,1985137,2056240,1989560,2103034,2064990,2101522,1939452,2044202,1968877,1995922,2051314,2007401,1983696,2006858,1967659,2007532,1960062,2068632,2056659,2059402,2062447,1985214,2125217,2143672,2258589,2278870,2291683,2376054,2343765,2404276,2424817,2357203,2455556,2406663,2386730,1888011
2.55,0.05,180,1674991,1704510,1748345,1844412,1855334,1967552,1900610,2059001,2039891,2071527,2139336,2176681,2190321,2217982,2183744,2146568,2189816,2152708,2111208,2189988,2099304,2153399,2212171,2176315,2180690,2135253,2142946,2085300,2082074,2111818,2166459,2158030,2130290,2056235,2046802,2075278,2084322,2039856,2086645,2012434,1988431,2103121,2043888,2051115,2086275,2055869,1984977,2067962,2008591,2031169,2086555,2059586,2110817,2067954,2087409,2108559,2091395,2072886,2142670,2049431,2108701,2070159,2053043,2076118,2070402,2040100,2024777,1988091,2024210,2035752,2045202,2068807,1986884,2025457,2012871,2103811,2083032,2073806,2085524,2089702,2017944,1924514,1954487,2085281,1995088,2013602,2024210,2065292,2057218,2039122,2084403,1942238,2008500,2020933,2058077,1980795,2030322,2032268,2081307,2087759,2108776,2097207,2374555,2342035,2383725,2326310,2243580,2180582,1889943
2.6,0.05,180,1801604,1786813,1873264,1885306,1873163,1993742,2039241,2040093,2083467,2121239,2134658,2132902,2258710,2151117,2211495,2174482,2214558,2276034,2185679,2235693,2216846,2194975,2152184,2188470,2183957,2181822,2127825,2097886,2163193,2121911,2073757,2149062,2126134,2076600,2104929,2105005,1933254,2071859,2079888,2121785,2047650,2073124,2105029,2097070,2169656,2042771,2086287,2059256,2010451,2061185,2026833,2030741,2058575,2073647,2095119,2057448,2115688,2147751,2116160,2135237,2036627,2047722,2029783,2040797,2007569,2109544,2031099,2036071,2032735,2110814,2029148,2055087,2042229,1969524,2073547,2030015,2017629,1964701,1952926,2034493,2022708,1993705,1971057,2011342,1940405,1990622,1989726,2024364,2000772,2094146,2087771,2076821,2046236,1997176,2112035,2046301,2060503,2076759,2009517,2086093,2176135,2121054,2151260,2159538,2320259,2368163,2425849,2036118,1862382
2.65,0.05,180,1773540,1765962,1923933,1928804,1953508,2012937,2076297,2091820,2176804,2224820,2124712,2174881,2207225,2199614,2232876,2191566,2291109,2192688,2210547,2223145,2192778,2162161,2162848,2136460,2161897,2030172,2024202,2045543,2081257,2038488,2066180,1987301,2041704,2028190,2077014,2021002,1982426,2058570,2038788,2056839,2061375,2063650,1977712,2107433,1975233,2065784,2043043,2023976,2032686,2124822,2117466,2088944,1995825,2087311,2070447,2049633,2083840,2072936,2097227,2044257,2052905,2092614,2062644,2040374,1985288,2131285,2069905,2042592,2050261,1977255,1993233,2072346,1999318,2024216,1965548,2046123,2051318,1998976,2033370,2022784,2045258,1973951,1990524,1977134,2025688,1976874,1926251,2066149,2006296,2047583,2003449,2071414,2079138,2102112,2116229,2037752,2080533,2090638,2171085,2166461,2176450,2229278,2250691,2329023,2285641,2392086,2440375,2304667,1935524
2.7,0.05,180,1745883,1774154,1850713,1884518,1921582,1957622,2001762,2053747,2049301,2075830,2167565,2160682,2153571,2133267,2177010,2183421,2177876,2170781,2146329,2158648,2128003,2119665,2155709,2037844,2104988,2100277,2074351,2081223,2069087,2060049,2011295,2075959,2003894,2027563,1999304,2078751,2078612,2107485,2087454,2112926,2043605,2071362,2022271,1977246,2059084,2006244,2055851,2046885,2006377,2030715,2032258,2172830,2063712,2105165,2059751,2050530,2167561,2064639,2083255,2007717,2015218,2029711,2048228,2044579,2016442,1976702,2045604,2114161,2118597,2066726,2011635,2033045,2046737,2072388,2093406,2171193,2034490,2162015,2100292,2133583,2055596,2040554,2131571,2116361,2051389,2129956,2128896,2029292,2088421,2044394,2128894,2184946,2095374,2114127,2069781,2081196,2117292,2205519,2106572,2210204,2232909,2379932,2357642,2420098,2425886,2479342,2483509,2248007,1909968
2.75,0.05,180,1758108,1813099,1870485,2009280,2047950,2092900,2012427,2146698,2148341,2150540,2165463,2188473,2137599,2117208,2057567,2179642,2149927,2063933,2097810,2057546,2054515,2089098,2132031,2017312,2068803,2063949,2090333,2086424,2069783,2088828,2160760,2098827,2051298,2048040,2012712,2143555,2086333,2042282,2078956,1993848,2037866,2061336,2088809,1965992,2070686,2079652,2033866,1954990,2063674,2009106,1988258,2028995,2023610,1982257,1991596,1956110,2018078,2005331,2041386,1955980,1980044,1994780,1944150,2003730,2004876,1966542,2038148,2091375,2066818,2022211,2087494,2050268,2031943,2024859,2010562,2031000,2014406,2003547,1957607,2029781,1921749,2015342,2007327,2091103,2039685,2033093,2037195,2074100,2065789,2152055,2131754,2074229,2053043,2113255,2119742,2114154,2092814,2129045,2171268,2078498,2171068,2195263,2161043,2214333,2333806,2298222,2318004,2073625,1872668
2.8,0.05,180,1673696,1712082,1796765,1823703,1917578,1935955,2017997,2073957,2125109,2118590,2075165,2209219,2123449,2160636,2180491,2147103,2145561,2210751,2177277,2134247,2231588,2131587,2181223,2096701,2194759,2130882,2163476,2092522,2065337,2034706,1995564,2118513,2050364,2160669,2085118,2089335,2079056,2037872,2053678,2001457,2019593,1983207,2002579,2114603,2088300,2041607,2048730,2050168,2080014,2020197,2015348,2006213,1971635,2045518,2046198,2023196,2067589,2066023,2039953,1956978,2032414,2079664,2020313,2051286,2014085,2036861,2027563,2005724,1975062,2026965,1986585,2054443,2002855,2016821,1999333,1935265,1939048,1903995,1941447,2030928,1910089,1999455,1935063,1951770,1990706,1958920,2008737,1968974,1988699,2002857,2035185,2071771,2037086,2091910,2013061,2104420,2099196,2044163,2084830,2126712,2134097,2143096,2197625,2168055,2344925,2306849,2456504,2409908,2001674
2.85,0.05,180,1649727,1785821,1870647,1940984,1971570,2091918,2013745,2041821,2115697,2093869,2087701,2096398,2082299,2056148,2136535,2201290,2154910,2104926,2100188,2120432,2040340,2086760,2024215,2023899,2040770,2045194,2031689,2071355,2025119,2014841,2080725,2086294,1991103,2055829,2006507,2094044,2021464,2008556,1998355,1946994,2004363,2055019,1964876,1992443,1903247,2071605,1967532,1940067,1944109,2015085,2030206,1989444,1948801,1901161,2014900,2013889,1985941,1972896,2026547,1939613,1966501,1950831,1981947,1964848,1982589,2042400,1970010,2044656,1918279,1978640,1948312,2060149,1918721,1965270,1931505,1946179,1916968,1927487,1931253,1947039,1886325,1879999,1880518,1873327,1896255,1962799,1946671,1905349,1954255,2004408,1896043,2006864,1873254,2010384,1957780,1978035,2029635,2055634,1989542,2008390,2119194,2080733,2099038,2156489,2214108,2132448,2195880,2118058,1844092
2.9,0.05,180,1716186,1768411,1844319,1854173,1936232,2105570,2054778,2081923,2097745,2090493,2114990,2148371,2044963,2125193,2054452,2079303,2045806,2115108,2017368,2029898,2169783,2074588,2064587,2061821,2027432,2062300,2053916,2092294,2005832,2084510,2044882,1934964,1957851,2025452,2013911,2018896,2007577,2076490,2082101,2060864,2031794,2074700,1963071,2025526,1973076,2026721,1947176,1965866,1956421,1954934,1969210,1894629,1966582,1969659,2028129,2041897,1965640,1947796,1924823,1996050,1933957,2100096,1976376,2001938,1999914,1967377,1915146,1974667,1949559,1972668,1972980,2006030,2002151,1962092,1954412,1917618,1928111,1952067,1892971,1954004,1922645,1951421,1917651,2041796,1921449,1934558,1924602,1891659,2004969,2007857,1988434,1909481,1988285,2045726,2070018,2059021,2134310,2113139,2026809,2120130,2060114,2096973,2249307,2167059,2226330,2245605,2241688,2103172,1834223
2.95,0.05,180,1697118,1856954,1849694,1952327,2046448,2147169,2046170,2100913,2137617,2113596,2129673,2089400,2190754,2223509,2093561,2082303,2116770,2114852,2142876,2098029,2149762,2106197,2123224,2051775,2050111,1999482,2113202,2050505,2108034,2060813,2051040,2076631,2097504,2059297,2121383,2107076,2096885,2060534,2235417,2120975,2212901,2172912,2202413,2174719,2149772,2162600,2070929,2097752,2040636,2054160,2092602,2058775,2042549,2016261,2090110,2059788,2026987,2119619,2047666,2141222,2014314,2096784,2063019,2065702,2118573,2072709,2126034,2070154,2012632,2087181,2050877,2064957,2133332,2073665,2174261,2078040,2027342,2025937,2119674,2069347,2076388,1992498,1962872,1950409,1950267,1985907,2015190,1913676,1985585,1912873,1979765,1994887,1994365,2024332,2055826,1997009,2016411,2123948,2023182,2146746,2086190,2104557,2047665,2177386,2132901,2198400,2283565,1938515,1846739
3,0.05,180,1620714,1671155,1716889,1829476,1894310,1931554,1976991,2034165,2102618,2089782,2129822,2160092,2251701,2178630,2183404,2159722,2153612,2115631,2116330,2110694,2133403,2109064,2116146,2036448,2108575,2144043,2128971,2114601,2050450,2128413,2073527,2080985,2008465,2088345,2150192,1988192,2035663,2115635,2100551,2127246,2131528,2094834,2082491,2089139,2044841,2048864,2106971,2050466,2054125,2099367,2070972,2043150,2125153,2088164,2088228,2064373,1986106,1965424,2063818,1969214,2053245,1945828,2055689,1941911,2018479,2025869,2028844,2010904,2004859,2110565,2050051,2021116,2029611,1999516,1998652,2010340,2021937,2042529,1944022,2047391,1973076,2004329,1886752,1980542,1919863,1883239,1924837,1927171,1943359,1969475,1907864,2031025,1987080,2042590,1998674,1947923,2022283,1954889,2063865,2146724,2159544,2285805,2184874,2358775,2299286,2321852,2279963,2174504,1838029
3.05,0.05,180,1653555,1736673,1823135,1902514,1915047,1945977,2067753,1992837,2051385,2027811,2058510,2140280,2033642,2088421,2093758,2108595,2060115,2067088,2007362,2072948,1973938,2005513,1965233,2081014,2086302,2057262,2090727,2058933,2042705,2071160,1981272,2012975,2004354,2031032,1981030,2013638,2087816,2072322,2060237,2024880,2017149,2040389,2027174,1968780,2034797,2010769,1974559,2035384,2014976,1967789,1954059,1959699,1955983,1966907,1862609,1982695,1934769,1883655,1910447,2017838,1986731,1987811,1896393,1990678,1957504,1964128,1986246,1955625,1990296,1952324,1980402,1947394,1976950,2046401,1905377,1927778,1953376,1968669,1895045,1922381,1954427,1943500,1909781,1939424,1961237,1983330,1968930,1888528,1990219,1934520,1926426,1950383,2020386,1979379,1950977,1980525,2055815,1997814,2079928,2183517,2206380,2329295,2249969,2277160,2355033,2378318,2318668,2111184,1811009
3.1,0.05,180,1631393,1852429,1897806,1930349,1924830,2025396,2062508,2115038,2030516,2058493,2133286,2120920,2069097,2111134,2010706,2083464,2094368,2027013,2018890,2021364,2031568,1992441,1983008,2051036,2027227,2032256,2016450,2012350,1914640,1966647,2050258,1966803,2011796,1940111,1974379,1959737,1939700,2041050,2004323,1971784,1989965,1943383,2051393,1929892,1906749,1985893,1975503,1925117,2010554,1957406,1898816,1944803,1960622,1966556,1957408,1983972,1952679,1859599,2016314,1998381,1979226,1989508,1987930,1970219,2035823,1944698,1953874,1938126,1985773,1954721,1920303,2034261,1984556,2012794,2005858,1992640,1942002,1958583,1927817,1931485,1946397,1920514,2036168,2024623,1974885,2014141,1970282,2016971,2029176,1876307,1944585,2010161,2072403,1956448,1935859,2029486,2038915,2041345,2109799,2186279,2226569,2293499,2262018,2378796,2283600,2397175,2291692,2062690,1789138
3.15,0.05,180,1844220,1923198,2009063,2059106,2020978,2047863,2298409,2333791,2376715,2437346,2445050,2442276,2428794,2459772,2398060,2338310,2255626,2193435,2254780,2099845,2127257,2201894,2072682,2094737,2099673,2109180,2042763,2086279,2058277,2084300,2038318,2057424,2044422,2013700,2029575,2111382,2009792,2009318,2018415,2055719,2028412,1988492,1911527,2002104,1962102,1994800,1973538,1941362,1981318,2051101,1989567,2005073,1908381,1952456,2011146,1936218,1982820,2006908,2035566,2012979,2045109,1997631,1964233,1967394,1996594,2084806,1985424,1995169,1916477,1986308,2079585,1974160,1902048,1934072,1953516,1998692,1932189,1962228,1935073,1895686,1873752,1901098,1932718,1900038,1995640,1880091,2000146,1870802,1883484,1949535,2082740,2051185,2057462,2100240,2135556,2128071,2208806,2260443,2345238,2250642,2259908,2222288,2289345,2314502,2187523,2241467,2279571,1907151,1767794
3.2,0.05,180,1752212,1819431,1790289,1861864,1933500,1949691,1980172,2039086,2068609,2176469,2148308,2161633,2051475,2104258,2038855,2083970,2027420,2029696,2022013,2027090,2075860,2011124,2090610,1993821,2017246,2047205,2066027,2014655,1994944,1952564,1929673,1955457,1990051,2025725,1990627,1943668,1964275,1923897,1999427,2016186,1978482,2025107,2000821,1972755,2008601,1940677,1942710,1972863,1986406,2020433,2039910,1924144,1981693,1925761,2039611,1997805,2042743,2000126,2013565,2115960,2027361,2062938,2055126,2052214,2031266,2011992,2026439,1989497,2056603,2015978,2007149,2043576,2003419,2020617,2039929,1961698,2016689,1988949,1993045,2006418,1933961,1928694,1986048,1959469,1945177,1911867,1889384,1934359,1973175,1928923,1975970,1950485,2037494,1983867,1959748,2001416,2079405,2038475,2021134,2138092,2126007,2221263,2245477,2261251,2272800,2275900,2289123,2326444,1774189
3.25,0.05,180,1606930,1758067,1811723,1837815,1893242,1988978,2036166,2003726,2099539,2028198,2101046,2102951,2057083,2108783,2094057,2146210,2064279,2053046,2063325,2139552,2031128,2084699,2058793,2013501,1988485,2040589,1966440,2017191,2055588,1994895,1971581,2007856,1955898,1959541,2022918,1904560,1965209,1932900,1961696,1941356,2010006,2024520,2030207,1983876,1941195,1999917,2014893,1948518,1990571,2018145,1917883,1980713,1992172,2038958,2016066,2051403,2058959,1950885,2037111,1955211,2087165,2056362,2012198,2120788,2096498,2011568,2051820,2051826,2003329,1955603,2005931,1983684,2007650,2001698,1982429,1954184,1979248,1965670,1904536,1941853,1897673,1935557,1951459,2002846,1930161,1979325,1888256,1939214,1963206,2001455,1955609,2009311,2016005,1979487,2005266,2018365,1986779,2073856,2088773,2018025,2101264,2108098,2215120,2263647,2332760,2403411,2351987,2203731,1886515
3.3,0.05,180,1758255,1820424,1847152,1868695,1924288,1952978,2067954,2058661,2020162,2151169,2022875,2071317,2059479,2088869,2073238,2095019,2143120,2146937,2078822,2143551,2169254,2109397,2113615,2081262,2104155,2097133,2102782,2058918,2094224,1999353,2017045,1957672,2014314,2013869,2022863,1947928,2071474,1991996,1969507,2017610,1967426,1989786,2046941,1894883,2089623,1982608,1993749,2026799,1986438,1989580,1996017,2078829,1997125,2019877,2009658,1977545,2075326,2019068,1993978,1919472,1968768,1966849,1967072,2033990,2026629,2018607,2104338,1955707,2050490,2078219,2079564,2091263,2067717,2002558,2006213,2017754,1971732,1935797,1919048,1914022,1951495,1882819,1980019,1987717,1904278,2013244,1921242,2038716,1953594,1917396,1862630,1901663,1911753,1945961,1970613,1969001,1996176,2012846,2080947,2090260,2166938,2187807,2331705,2280705,2239907,2377987,2243711,2018874,1740853
3.35,0.05,180,1671119,1706060,1886188,1891505,1956329,2073931,2113131,2153337,2204082,2123505,2192196,2245274,2256198,2203573,2213558,2208247,2198676,2266543,2185688,2183279,2219116,2164375,2189820,2156676,2128519,2114105,2174633,2085695,2113433,2156264,2115968,2157789,2115793,2054467,2029054,2036462,2065730,2079205,2053510,2094359,2135360,2142708,2144712,2092996,2076348,2022874,2040269,2084069,2087782,2077907,2060074,2077416,2090694,2119732,2091717,2086953,2118989,2074141,2100822,2057206,2006119,2020967,2028269,2010388,2064708,2079054,2068943,2122340,2045801,2069314,2079322,1994391,2072184,1990998,1987075,2036258,2086806,2002949,2030338,2017534,1975686,1950092,1998103,1930844,1998361,2030484,2008475,2035715,2024301,2022668,2048980,1992709,2037868,2028870,1983171,1946834,1994327,2156248,2075250,2152099,2308999,2223487,2288387,2284692,2312276,2382318,2298996,2365262,1945148
3.4,0.05,180,1771364,1743837,1823813,1868083,1919483,2099708,2193284,2208737,2245907,2185362,2323271,2178461,2215924,2248135,2207318,2297734,2167118,2174288,2131285,2124139,2134809,2159475,2106706,2133223,2219297,2072736,2090135,2104891,2149175,2065891,2120179,2113360,2092520,2086997,2085559,2008746,2003376,2019402,1988963,2026492,2000450,2059704,2000649,2082563,2067708,2071211,2051410,2085512,1984047,2028952,1969948,2108673,2025684,2068062,2031063,2026698,2006242,1978439,1999380,1976609,2074224,2062831,0,0,0,0,0,0,0,0,0,0,0,0,0,0,0,0,0,0,0,0,0,0,0,0,0,0,0,0,0,0,0,0,0,0,0,0,0,0,0,0,0,0,0,0,0,0,0
0.05,0.5,180,1528774,1576677,1668173,1725467,1777138,1768057,1840115,1905233,1869707,1971407,1939577,1941727,1962376,1984170,2013725,2009393,2065778,1952100,1959624,1916242,1841148,1922512,1958331,1858921,1975520,1822975,1818073,1912018,1821654,1808566,1808945,1801539,1931084,1969129,2005187,1849483,1909249,1933662,1955860,1987527,1932754,1851693,1905811,1868604,1839857,1945697,2021607,1909205,1885638,1934378,1960689,2047194,1923191,1871997,1901774,1839728,1877448,1937736,1962122,1894842,1899357,1988298,1866376,1914671,1858725,1844361,1831282,1887254,1912712,1849054,1988831,1913873,1783486,1858299,1802589,1667750,1846843,1815065,1807586,1760773,1818157,1731787,1738554,1760294,1741663,1702752,1815467,1701572,1791847,1851978,1829400,1880817,1992783,1871244,1958409,1967499,1897535,1973843,1997764,1958301,1979817,1951820,1990357,1957052,2101092,2183584,2238333,1903249,1759767
0.1,0.5,180,1508037,1561075,1631029,1599402,1748436,1753121,1838930,1896462,1975963,2000567,2077657,2113638,2158453,2112846,2083977,2095764,2039533,2119507,2131531,2098499,2149854,2039797,2044909,2044336,2058743,2084294,2017087,2032077,1910319,1967550,1948363,1911371,1890060,1914136,2019172,1939999,2013397,1948913,1985714,1983073,1905334,1938626,1911796,1938232,1955840,1900110,1876257,1856794,1823936,1836304,1856988,1946806,1794906,1874674,1837256,1834922,1911569,1930390,1903886,2038982,2035860,2062123,2009647,2033778,2136200,2146412,2139942,2090450,2076523,2007948,2089395,1978680,1967333,1869439,1908450,1923088,1912125,1838960,1895729,1794207,1867103,1908321,1821996,1874559,1936985,2040514,2012760,2075690,2145070,2147289,2085229,2198843,2081890,2195020,2186800,2186426,2228152,2226263,2225681,2350366,2419796,2456108,2460933,2341354,2436482,2508915,2490143,2533205,2099914
0.15,0.5,180,1663361,1708510,1817518,1819724,1809887,1871298,1986434,1965151,1996510,2087994,2119635,2080433,2167709,2177682,2188363,2166524,2155933,2268567,2304392,2160958,2159622,2234865,2212659,2187976,2137240,2133549,2038304,2089627,2089141,1997248,2051064,2037700,2059441,2002946,2057453,2001953,2062069,1956437,2012410,1996306,1968280,1997245,1959977,1904132,2034312,1938646,1961404,1946900,1880366,1901802,1959646,1945932,1954680,1902713,1890197,1935164,1901228,2020219,1979588,1905613,1920658,1912964,1942302,1939105,1911222,1943790,1862496,1829444,1851058,1864949,1900153,1826497,1883721,1935692,1949435,1971833,1955196,2005981,1976160,1873083,1795677,1932440,1797172,1855395,1887163,1974899,1998879,1918612,2027838,1954243,1936648,2038584,2056853,2094188,2038907,2065262,2070398,2042176,2037103,2093724,2147806,2128737,2098016,2253629,2243529,2304469,2414269,2294104,1975003
0.2,0.5,180,1602326,1603381,1587456,1717951,1811091,1812808,1850365,1962509,2099503,1973619,1989564,2059745,2144913,2124102,2243075,2161102,2138919,2167824,2312432,2280999,2332329,2315240,2277634,2244035,2179400,2172022,2226363,2126527,2207995,2083453,2041563,2084703,2002324,1987522,1999664,1981125,2008600,1940656,1977721,2034314,1940508,1967187,1899587,1892860,1902338,1944576,1981297,1987991,1913504,2032170,1890281,1938110,1992766,1904288,1946596,2004022,1981819,1922545,1896424,1975815,1869595,1937439,2006775,1884262,1962896,1962396,1915980,1956671,1913147,1921740,1865205,1895969,1902727,1874255,1865241,1910989,1876901,1855617,1873806,1980991,1923552,1899015,1932666,1934098,1980886,1975062,1943293,1918921,1976237,1928282,1979641,2001593,1919913,2065230,2110133,2093690,2181030,2178929,2158025,2174490,2213870,2212779,2240680,2335184,2285562,2388760,2427514,2186470,1851010
0.25,0.5,180,1479685,1531311,1659217,1705578,1743941,1859050,1872938,1948229,1923945,1956410,1954692,2046702,1976805,1953950,2038673,2024808,1997168,1963738,1993647,1935097,1950018,1933509,2043048,2037033,2012879,2059301,2053228,2062980,2061642,2091919,2062365,2095986,1992282,2066111,2066445,1989939,2077078,2050014,2070019,2016866,2068191,2039232,2037562,2037198,2071968,2064506,1974462,2013451,1989166,2001583,1978583,2023869,1965892,1963037,1993160,2023757,1907184,1963283,1872496,1944693,1919929,1961686,1956946,1904053,1847221,1965639,1879978,1968140,1910417,1920930,1798779,1836197,1878789,1927334,1861021,1977948,1882218,1937016,1928437,1926152,1791779,1901214,1906038,1880363,1986181,1962308,2051181,1896157,1914643,1891143,1867534,1951074,1920437,1911931,1967953,1985030,2031722,2069867,2089299,2100942,2121925,2179782,2269378,2229356,2270855,2313328,2289465,2322229,2011367
0.3,0.5,180,1552658,1603394,1646955,1746838,1816461,1840378,1923349,1990197,2031369,2058330,2114853,2084966,2186209,2071927,2121521,2142865,2132003,2205026,2176423,2136626,2156618,2124315,2055818,2100267,2098489,2028030,2022986,2026967,2066959,2051982,2002288,1982226,2052038,2068312,1963992,2018895,2001945,2003991,1983358,1942578,1919624,2014690,1995611,1920168,1980598,1910871,1999250,1997266,2020444,1984073,2038253,2070715,2032065,1950525,2040898,1998157,1973363,2050555,2025320,2025638,1990056,2074304,2018345,1991217,1999297,1975885,1933239,1976086,1961335,1944587,1973166,1919353,2003015,2012620,1992249,2044375,1996579,1934091,1985827,1968973,2030252,2058147,2018609,2004374,2014322,1990004,2000171,2040413,2000255,2019602,1996366,2018137,2052532,2013743,2095593,2171648,2169650,2216978,2285367,2309339,2364025,2332984,2390753,2401878,2521911,2587927,2595213,2629714,2176525
0.35,0.5,180,1527370,1589604,1628231,1665325,1707030,1837676,1851789,1884049,1897880,1951913,2041803,2063907,2044553,2091933,2063122,2116850,2126139,2176315,2246471,2151969,2243028,2224261,2212392,2092354,2051261,2071907,2037032,1967443,2000473,1975612,1983940,1920527,2035654,2010682,1971999,2054758,1911730,1976962,1873507,1925725,1969531,1947133,1891025,2019342,1897421,1922882,1905625,1880261,1855278,1918835,1902018,1864165,1872524,1837839,1892177,1898240,1861673,1865736,1845645,1843103,1948241,1843497,1888452,1842940,1843138,1860040,1888891,1777448,1863109,1915457,1915543,1871411,1988106,1951845,1990242,1969987,1999945,1982214,2072268,2054451,2022991,1993277,2019148,2046127,2106037,2143761,2140966,2154584,2256336,2241865,2274417,2185030,2295430,2375017,2304457,2317683,2293289,2289818,2354596,2332171,2265521,2314326,2348176,2451668,2317603,2378976,2451812,2404079,2102586
0.4,0.5,180,1507346,1620604,1669608,1661422,1811892,1850459,1832242,1922703,1956203,2011683,2070086,2068642,2044322,1992681,2062232,2175340,2148733,2215098,2307611,2378579,2293743,2378447,2453991,2393738,2307283,2262336,2238400,2253352,2127118,2145525,2151426,2123947,2095484,2049224,2097048,2084387,2026083,2071249,2037477,2042305,2094258,2074480,2024741,1998250,2043227,1942635,2030089,2049036,1943027,1919926,1853718,1892986,1934782,1869245,1933353,1922284,1961563,1928447,1988018,1955030,2001066,2032307,2102612,1976173,2002404,2012751,1941417,1949803,1981031,1914866,1870344,1906649,1888119,1896341,1990914,2015537,1963163,1935723,1933257,1978676,1935268,1907091,1827408,1917615,1948527,2007395,2050989,2016315,2023791,2133505,2152286,2141672,2280038,2124590,2204794,2281343,2309582,2291250,2350244,2346133,2317846,2407092,2337651,2288489,2327041,2495520,2460941,2440617,2175095
0.45,0.5,180,1528322,1580969,1588163,1674505,1746533,1911066,1922368,2008074,2100185,2110125,2110561,2106096,2174397,2135448,2075742,2042176,2071673,2050446,2081195,2118750,2124236,2126490,2054246,2050173,1962257,1923444,1965356,2001956,1988315,1908053,1994955,1948260,1928793,2011384,1937427,1977019,1966009,2073112,2042497,2084060,2130786,2143080,2077019,2102797,2070062,2105194,2020494,2046980,2076546,2007737,2118045,1973277,2004491,1985870,2051880,2031839,2164528,2009510,1932737,1942691,1856370,1876521,1939901,1978662,1975162,1987907,1987495,1918066,2091919,2100292,2058905,2087688,2053116,2039884,1966089,1946921,1994071,1977721,1943538,1989642,2084067,2086444,1976277,2072886,2017393,1991889,2003043,2044855,2002979,2070501,2116221,2138010,2158503,2142108,2159303,2061012,2136998,2244704,2165282,2271134,2424542,2398762,2357546,2382707,2414410,2501912,2511237,2466901,2171806
0.5,0.5,180,1524727,1631952,1657585,1710155,1771470,1787525,1862608,1977130,1980080,2017606,2070869,2085706,1991963,2109910,2071108,2131487,2122984,2097270,2138290,2123906,2081910,2068324,1994421,2034780,2011412,2013034,1988914,2031338,2002875,1961821,1942152,1966336,1883275,1877613,1911797,1872559,2020993,1913580,1885451,1929036,1872793,1874651,1887306,1895867,1911822,1945424,1923841,1922846,1951098,1926306,1945465,1891680,1917347,1897121,1812537,1981752,1959458,1965946,1938249,1951151,1923776,1926890,1969694,1939921,1932134,1951933,1984292,1990312,2030929,2071117,2051250,2016667,2019022,2091313,2045717,1971369,1996372,1990182,2049089,2027335,2168297,2150986,2174932,2306727,2318593,2354635,2402766,2409773,2372073,2417909,2480211,2573464,2650704,2579190,2524337,2485003,2443028,2418091,2404447,2338888,2400424,2359748,2407704,2406789,2476600,2508344,2429777,2312910,2046051
0.55,0.5,180,1597366,1593317,1695310,1760316,1772394,1879648,1850302,1889686,2075506,1998150,1915730,1958363,1893751,1935108,1963209,1939095,1973763,1951481,1970347,2067357,1982152,1979296,1929980,1923222,2041308,2102871,2128636,2182309,2018562,2016625,2010109,1998261,1874443,1982001,1938913,1971403,2028382,1940685,1998055,1978129,2067582,2155592,2097721,2139187,2069622,2022698,1973546,2039699,1884414,1970805,2048414,2045541,1958431,1970234,2023415,2038823,2104144,2088488,1978508,2030813,2017328,2004589,1932464,1963525,2035856,1988735,2106214,2154140,2085854,2106675,2115202,2091141,2115006,2065934,2161213,2029658,1968141,2085992,2084418,2092424,2063417,2044435,1982048,2021925,1948663,1994364,2065487,2047132,2094363,2116813,2398786,2492323,2642280,2685343,2514585,2526587,2501741,2415837,2457894,2485297,2483138,2527398,2444547,2490101,2502525,2494437,2446350,2287849,2121288
0.6,0.5,180,1584603,1666999,1717651,1773140,1785615,1926918,2045614,1918056,1997191,2032213,1997335,2063936,2024780,2081362,2146909,2143481,2073244,2053699,2115437,2211980,2174675,2114737,2079971,2028915,2106910,1967265,2008098,2005794,2016058,1992888,1989302,2080519,1950342,2022570,1992474,2032405,1991672,1922375,1984346,1992958,1983089,1916895,2020188,2023798,2092606,2038441,2098776,2032284,2027179,2061405,1916883,1989232,2021922,2078515,2039200,1928870,2022828,1953807,2117427,2031793,1975187,2083058,2102135,2058962,2020707,2142693,2108759,2101893,2028189,2072159,2017277,2048041,2055945,1980226,1981626,2006091,1970106,2020924,2006368,2018215,2046474,2069298,2088545,2032067,2115890,2110856,2126761,2173402,2171533,2163823,2161964,2176381,2197404,2186653,2264752,2250189,2216557,2223924,2324043,2412381,2528836,2545950,2492044,2724464,2690047,2800852,2881838,2809375,2304245
0.65,0.5,180,1609646,1596511,1691887,1731734,1859033,1931220,1921663,2000842,2092475,1977421,2089277,1977803,2079745,2052330,2041515,2080128,2235535,2128706,2236226,2155483,2176214,2192324,2168462,2131505,2106550,2086811,2037681,2047829,2102604,2082688,2025186,2063041,1958758,2072275,2043885,2048087,2043061,2022387,1977960,1963362,1913609,1928614,1909600,1896612,1921548,1913622,1868198,1977372,1841288,1913687,1890495,1962961,1928274,1929744,1944135,1915261,1894421,1889531,1923523,1900045,1893823,1920294,1925198,1920111,1955783,1926406,1919003,1966446,1892206,2003173,1937591,1982472,1931639,1996740,1963957,1963878,1895899,1953706,1950172,1967958,2037285,2005460,1989560,2032856,2054664,2157716,2142530,2191640,2142965,2263934,2159020,2305490,2300646,2299615,2409501,2424056,2436456,2474675,2513596,2523758,2536491,2603286,2507708,2547310,2533155,2586784,2612240,2541025,2193869
0.7,0.5,180,1565634,1613083,1718648,1656615,1685417,1735718,1825965,1893826,1849452,1915234,1959105,1883111,1936249,1971743,1946373,2042211,1903047,1946693,1996096,1988896,1863988,1956095,1937747,1880012,1906543,1929164,1904614,1938054,1961847,1947393,2047712,1957053,1966285,1983315,1966847,1961028,2016047,1955370,1984558,2000827,1945261,2016309,1983055,2060956,1878438,2021493,1971985,1965818,1963393,1979008,1905652,2018072,1925011,1912735,2030445,2074462,2050928,1934632,1999521,1955025,2030504,2002310,1921516,1992287,2073795,2108227,1978401,2015310,1987687,2004466,2027817,2034471,2009956,1975760,2098794,2068588,1969520,2024461,1967997,2054748,2031543,1989343,1965196,2070740,2060222,2035353,2037964,2060417,2122034,2129273,2226689,2192710,2235065,2370086,2286288,2360658,2453979,2417112,2389042,2397745,2361839,2398048,2437636,2414509,2510111,2476570,2473535,2342726,2098982
0.75,0.5,180,1543178,1551421,1612985,1709692,1741793,1782548,1824597,1828272,1919793,1886267,1935995,2002569,1969234,2052225,1989620,2073373,2115119,1996008,2037847,2021002,1968408,2048113,2006259,1996812,1923236,1951542,1957782,1915675,1909938,1880332,1925605,1942804,1928875,1914713,1938798,1920089,1884529,1799817,1890706,1843064,1830798,1825391,1854257,1885807,1810917,1882970,1851109,1829280,1841915,1807331,1772793,1875472,1822233,1818456,1909742,1856527,1848215,1815533,1871428,1801173,1787499,1784339,1780940,1822450,1799043,1798274,1756732,1849882,1891203,1841389,1834733,1867063,1843291,1816854,1864222,1826525,1841757,1914703,1907355,1892453,1863797,1850407,1754759,1824846,1920739,1928806,1952436,1957501,1984737,2014467,1984421,1976787,2001114,2028038,1948399,1957048,1987465,1965048,1959679,1999221,2114807,2121231,2161509,2132954,2294636,2330701,2300466,2232475,2010410
0.8,0.5,180,1508988,1470841,1627293,1684281,1800743,1756544,1829497,1852550,1917970,1909920,1929112,2011546,2056955,2057522,2003700,2089709,2069787,2067729,2125526,2074159,2099494,2040809,2009571,1964213,2015681,2031375,2004945,1925124,1956079,1908465,1995676,1924527,1989039,1929227,1910885,2033295,1902565,2000238,1896166,1833241,1891177,1826049,1796138,1789196,1729835,1699456,1663721,1780548,1689059,1774361,1827416,1863184,1863516,1844261,1822527,1819305,1829517,1775227,1735454,1832984,1783276,1816578,1823290,1823946,1917586,1890931,1968285,1897149,1932077,1875009,1961284,1859314,1938710,1906458,1869323,1905464,1901892,1924007,1822437,1803561,1889000,1792680,1896040,1771352,1791615,1811457,1845064,1945822,1850708,1852523,1863186,1909642,1903972,1999795,1945020,1982736,1942440,1938909,1926860,1977016,2003434,2006122,2085668,1999608,2043070,2006524,2107479,2100241,1755032
0.85,0.5,180,1508382,1564309,1714758,1720403,1741757,1822907,1857432,1813165,1952312,1956972,1936657,2044232,2006212,1959037,2043752,2042227,2120112,2084899,2079461,2042163,2033155,2089284,2045456,2069922,2008279,1965648,2010807,1920464,1949912,1939021,1888490,1916358,1947315,1918091,1867572,1996292,1977628,1884017,1883726,1783470,1875556,1771662,1857526,1838137,1823829,1821892,1838456,1756097,1878534,1829676,1841034,1941361,1893813,1888980,1900052,1901703,1825546,1827474,1818847,1851416,1816779,1802079,1850154,1828971,1766595,1840450,1799799,1808565,1766663,1798226,1825904,1756341,1714301,1805083,1841311,1787984,1909884,1821692,1829041,1758579,1753394,1735705,1752117,1749747,1822937,1735261,1795104,1765764,1826911,1857870,1799164,1919986,1887711,1823988,1886866,1879734,1901961,1969004,1942352,1983979,2014704,2007993,2031348,2100210,2119546,2071868,2112207,2027783,1856973
0.9,0.5,180,1602597,1619543,1711552,1769173,1798759,1854528,1857983,1949832,1934080,1932951,1998416,2084583,2040944,2006655,2045146,1965139,2034206,2122295,2063778,2156566,2064803,2111355,2049428,1922472,2041811,2127319,2136242,2062381,2056440,2039458,1997044,1910769,1953496,1977572,1978319,1904574,1938699,1947744,1971828,1893499,1940493,1875599,1911266,1897104,1898223,1862228,1985512,1934974,1826033,1942928,1880124,1928599,1913438,1993776,1959788,2060170,1850436,1946691,1937472,1851438,1836047,1837870,1869809,1734252,1775571,1853937,1822814,1841930,1960670,1947617,1947133,1872686,1820907,1859891,1927358,1914784,1910409,1898153,1896327,1839768,1888638,1986125,1939618,2029250,2031641,2024341,2067598,2012255,1943190,1981427,1985048,2012302,1981663,2040567,1977008,2068993,2086213,2001993,1988454,1996089,2024589,2046948,2070853,2118649,2116617,2098007,2154855,1960324,1763666
0.95,0.5,180,1449884,1513847,1560609,1702441,1646911,1685979,1777075,1733656,1874890,1881439,1928105,1995497,1962546,1960021,2027651,1957082,2000579,2001738,1982799,2040388,2015126,1954231,1899041,1969476,2068703,2035002,1941000,1939706,2052436,2030257,1908360,2010196,1957489,1934490,1925599,1914499,1956656,1975416,1901668,1977335,1920677,1913109,1897247,1874167,1930424,1834497,1897863,1945928,1935431,1923779,1908922,1906642,1867215,1881375,1946425,1820335,1830157,1782154,1874293,1801765,1884515,1870277,1817855,1773885,1787048,1756515,1811342,1833003,1888976,1822417,1798182,1804354,1789755,1735323,1756068,1777661,1772620,1770653,1809737,1790737,1895956,1908428,1919865,2018139,1954468,2060182,2090117,2197643,2165718,2286748,2296666,2239458,2221418,2186886,2153037,2154512,2185623,2121325,2100083,2245215,2277858,2357318,2406605,2481335,2552677,2549533,2625040,2634584,2122925
1,0.5,180,1511867,1522266,1655564,1614248,1695228,1811513,1793962,1802764,1866350,1896017,1929435,1972901,1986814,1902481,1891499,1926848,1972717,1985195,1978469,1970632,1895369,1947554,1952956,1967631,1900982,1955027,1973802,1986259,2007348,1990936,1930723,2061613,1789348,1904496,2000164,2022985,2058761,2019378,1961628,1951278,2048292,1984445,2020535,1926648,1909190,1956946,1889295,1894316,1868875,1876041,1867011,1840873,1868667,1853203,1942325,1848959,1874761,1928526,1906564,1838294,1913080,1921554,1977382,1980500,2054093,1873117,1947066,1936504,1935041,1977524,1875657,1936460,1974760,1897220,1977056,1911565,1997540,2042695,2191528,2179252,2161645,2279261,2179233,2167341,2070403,2116065,2098616,2149576,2144648,2003471,2102596,2131963,2084070,2114506,2123274,2076722,2151708,2148983,2231782,2162353,2151811,2225502,2295118,2417802,2500814,2627305,2673177,2660296,2544621
1.05,0.5,180,1576909,1635472,1629683,1738692,1753921,1785577,1915259,1866282,1935612,1967181,2069145,2079255,2045550,2038358,2089890,1982551,2104654,2062413,2184181,2076883,2054681,2023611,2063684,2012593,2007672,2008647,2032377,1997104,1978978,1968439,1969093,1973035,1974865,1948270,1925134,1869853,1936104,1937971,1929757,1981192,1976146,1903360,1998025,1902292,1956301,2026527,1901511,1886880,1980942,1924312,1915743,1860957,1925822,1900015,1972994,1882082,1982186,1907812,1927063,1936037,1890656,1932288,1866913,1878218,1933663,1877208,1937276,1863842,1894691,1910654,1819571,1865314,1857778,1832016,1895435,1784742,1774656,1813981,1877518,1899007,1891046,1856951,1845319,1940710,1875782,1914519,1877561,1864600,1896459,1982811,2016974,2049784,1995974,1951991,1986773,2046324,1994954,1962175,2097311,2013329,2065197,2113826,2174119,2166283,2253431,2211794,2343003,2186366,2007283
1.1,0.5,180,1503648,1578286,1575778,1660759,1733323,1931109,1800338,1881254,1994011,2058216,1993742,2018896,2007035,2006462,2057502,2146562,2065957,2106444,2227702,2278849,2169284,2137074,2135723,2148398,2059438,2153345,2058252,2083461,2104188,2079046,2051425,1990323,2016797,1961946,2029519,1986974,1942161,1999525,1901531,2040259,2016625,2089427,1984162,2042592,2048884,1927924,1895823,1965065,1954896,1913799,1942049,1968124,2024292,1917133,2014315,2052860,2021600,1963241,1961564,2020213,2094248,2068829,2158824,2071430,2006045,2096472,2043809,2112660,2041691,2029779,1948346,1990203,1972974,1937391,1906410,1840960,1982189,1914454,1933347,1944878,1972134,1964519,1935306,1910472,1946893,1892348,1969875,1963406,1901283,1921293,1931144,1920623,1985533,1909545,1971219,2035383,2043479,2094502,2025244,2125376,2126615,2214806,2135521,2179158,2206832,2292295,2227606,2238411,2025195
1.15,0.5,180,1476233,1507328,1606627,1698085,1713928,1780786,1819772,1832306,1918049,1989406,1982131,2000436,1989955,1960190,1966992,2010038,1990439,1852555,1930083,1913545,1885697,1903703,1989712,2006737,1944367,1948042,1940790,1899008,1918045,1854612,1875197,1810166,1927801,1923492,1853980,1900947,1835640,1821901,1858486,1841423,1833905,1861507,1911618,1917269,1943304,1919768,1924519,1961435,1811427,1901847,1811234,1829324,1817450,1861361,1915095,1901513,1971458,2000006,1918582,1962510,1922617,1924238,1932033,1952128,1939177,1950635,1908400,1962455,1920470,1885414,1935502,1957986,1839025,1887562,1922011,1942091,1895610,1949744,1962992,1997861,1935115,1944810,2069567,2001853,2006420,2022353,2000320,2000769,2011425,2009242,1999583,1989165,2032679,2013061,2128372,2133367,2102276,2149014,2213947,2177813,2271569,2417209,2403631,2410717,2460631,2499547,2486893,2453191,2204285
1.2,0.5,180,1533218,1627691,1638634,1720065,1683928,1815784,1806332,1767515,1901341,1872339,2000046,1919489,1985907,1927161,1977900,2039574,1930327,1973748,1881610,1997448,1953387,1907594,1904464,1962915,1989658,1934212,1974953,1904997,1942944,1903632,1873912,1888464,1912502,1808084,1844762,1919462,1877739,1903836,1833273,1860458,1912854,1897806,1910307,1806688,1800409,1806034,1841906,1852829,1836279,1819591,1921502,1923100,1908683,1941390,1909665,1895399,1919230,1886236,1882726,1929500,1887286,1883386,1894748,1855501,1883363,1869979,1820227,1856198,1802650,1789858,1756558,1762631,1858293,1772370,1636576,1648940,1714151,1790952,1866471,1885653,1858375,1792876,1788639,1873310,1977816,1972940,1899443,1921306,1877175,1939695,1948846,1989954,2080001,2082442,2067876,2139652,2105952,2100189,2208916,2241710,2346701,2326045,2329121,2299332,2470697,2630885,2436943,2439118,2071709
1.25,0.5,180,1597725,1602638,1709064,1778308,1790709,1860281,1930920,1917079,2027632,2028017,2051881,2217270,2101921,2216128,2131190,2070157,2148599,2023188,2086957,2084006,2034438,2149237,2090196,2122195,2057657,2188892,2152594,2056132,2090351,2058965,2067556,2008227,2032644,1991629,1995733,1938413,1958761,2050792,2008881,2069210,2004029,2050574,2054162,1977552,1990553,1997770,1882258,1996292,2032637,1979294,2016755,2094399,2009931,1951203,1984542,1976072,1933090,1972810,1993752,2041184,1993532,1982735,2024939,1987795,2031629,2045347,2036624,2044673,1992847,2042226,2030622,2133767,1998452,2011201,2008650,1983394,1957203,1986314,1973763,2046894,2091244,2152910,2063120,2000912,2011664,2077834,2003781,2002097,2160105,2135368,2245264,2239605,2200758,2287201,2255903,2260192,2337842,2257238,2312677,2297574,2381330,2305022,2324727,2504975,2482069,2480475,2538950,2264706,1981763
1.3,0.5,180,1529066,1539285,1616202,1720119,1782144,1812121,1868825,1922757,2014604,2046419,2025728,2062669,2068840,2079635,2083757,2155295,2146521,2184058,2121082,2107532,2046472,2073403,2066199,2060967,2055295,2008979,2091900,2099618,2055786,2044077,2025087,1985399,2071874,2017672,2007747,1998613,1965167,1976504,1983144,1941778,1864685,1953964,1894698,1929739,1903186,1818117,1836300,1902959,1889434,1973935,1882508,1938192,1867628,1857111,1881132,1899017,1920243,1916398,1926737,1852610,1894404,1908154,1914444,1927095,1904913,1974095,1938148,1903418,1936590,1954369,2024750,1949909,2011098,1992979,1999097,1975679,1974497,2010595,2044911,2086322,2093375,2073483,2016181,2170390,2049485,2062318,2069233,1978851,2021510,2078344,2082904,2102009,2096048,2140898,2151472,2167987,2147315,2244907,2240637,2289193,2359610,2284888,2255506,2344565,2389251,2394638,2419570,2379010,2139189
1.35,0.5,180,1502019,1590143,1649739,1692698,1795803,1858668,1890418,1963572,1939142,1972064,2007937,2046940,2033265,1976721,1986547,2015637,1893332,1962909,2017812,2139244,2086585,2097205,2030631,2005595,2049469,2080084,2055524,2038667,2061467,2100662,2070650,2039191,2049470,2056015,2000797,1998997,2028665,2077574,2116892,2088918,2037383,1971072,1958687,2037404,2040851,2044390,2004041,1978731,2026843,1980128,1995302,2076823,2065102,2054739,2085295,1988462,2035020,2014917,2105446,2113670,2076826,2062774,2111130,2076352,2079793,1988953,2068745,2101917,2040383,2088987,2017257,2064683,2063687,2056533,2007252,2024869,2045071,2033528,2124570,2100990,2089721,2066687,2239734,2148707,2164014,2204368,2194949,2188764,2219546,2155889,2131415,2101249,2275836,2351950,2296189,2316888,2287936,2287621,2167104,2138937,2261307,2303508,2219292,2228207,2355299,2318814,2310077,2448460,2152868
1.4,0.5,180,1596979,1668182,1719150,1725570,1817209,1943659,1976216,1943706,2055959,2129266,2056362,2100863,2084969,2080892,2088642,2020025,1996568,2010285,2042199,2057446,2056058,2096185,1994476,1988032,2110998,2051068,2154184,2089442,2173962,2075842,2067042,2040499,2036500,1963536,2057957,1964009,2007087,2016707,2086940,2021147,2065508,2079179,2049014,2043065,1950295,2067789,2061813,2148745,1964713,1921728,2057611,1935671,1950174,1974414,1969525,1955677,1962429,1989863,2028639,1994502,2025435,2016782,2027098,2056041,2129958,2088629,2023803,1990045,2057525,2082088,2075533,2078080,2025841,2030887,2034021,1966762,2034408,1935484,1985441,2014389,1892780,1963621,2011424,1998077,2109509,2118129,2202652,2158437,2121950,2205093,2291548,2295510,2361391,2358711,2289082,2323109,2368010,2440122,2496539,2444565,2528535,2592146,2550789,2541085,2544681,2608165,2769001,2558666,2053093
1.45,0.5,180,1513386,1605793,1655127,1725439,1779797,1875007,1861011,1946236,1980710,2019233,1994452,2118019,2132935,2107255,2121146,2099179,2062712,2039889,2081554,1989097,2097997,2043333,2015831,2070623,1969397,1995506,1973805,2009659,1974831,1882143,1988589,1967455,2044093,2087002,2061559,2038349,2034023,1958106,1904371,1943162,1844546,1916183,1890281,1928999,1933744,1945760,2049353,2005233,2060253,2043802,1979229,1970388,2002367,2046276,2066052,1995623,1973941,1942311,1997624,1945102,1946429,1955460,1969998,1957826,1888688,1943403,1877357,1851038,1942184,1881915,1945421,1955600,1877297,1883632,1952532,1841831,1912567,1876468,1835699,1935189,1888122,1917425,1965793,2008793,2067404,2040643,1939359,2101453,2093923,2021002,2073393,2153324,2136162,2142341,2225319,2169747,2156156,2267754,2283530,2297348,2338632,2480053,2439031,2439114,2659533,2592421,2702440,2626162,2354646
1.5,0.5,180,1626744,1670447,1672584,1870260,1800881,1902241,1995490,1979990,2049754,2033077,2065840,2068770,2049441,2104125,2124542,2062349,2185471,2104664,2173579,2082584,2047918,2085504,2061097,2065513,2087674,2086696,2143416,2098107,2020801,2051772,2162817,2051698,2108821,2140745,2109585,2038908,1991878,2020877,2072696,2191116,2022823,2055864,2071597,2079745,1999570,2011965,2023708,2013510,1903260,1967969,1950050,2048276,2012802,2014708,1991757,2039909,2056915,2043647,1912236,2014049,2012219,2063821,2065860,2039385,2058927,1946644,1988303,1991125,1993395,2000808,2093203,2040678,2044830,2025687,2080889,2062725,2108012,2016962,2062165,2057195,2072201,2101295,2110605,2129935,2095818,2219965,2143567,2118381,2141309,2239491,2196755,2192818,2147860,2238969,2187554,2205476,2184824,2133689,2162100,2230241,2206384,2241374,2216528,2306437,2386871,2431231,2443847,2354228,1960623
1.55,0.5,180,1601010,1607173,1759687,1796044,1866270,1882442,1896645,2076678,2160374,2186152,2122442,2152958,2236823,2185406,2162924,2169795,2093955,2093824,2013630,2052410,2090352,2076262,2081963,2041761,2029160,2008196,2060144,2036200,1967186,2006161,2043784,1997959,1958559,2002676,1960135,1976885,2012003,1961535,1951076,1976093,1959564,2074159,1930975,1981673,1970440,1908154,1886026,1960715,1919841,1951307,1947859,1963975,2115008,1972513,1932776,1894503,2003976,1980624,1986268,1953456,1977112,1979863,1994454,1949332,1995149,1932632,1913418,1944742,1821128,1911751,1871385,1966471,1883882,1887091,1884307,1865372,1920379,1908159,1874743,1884327,1880110,1989232,1989068,2011756,1962491,2105238,2195164,2189414,2157341,2169468,2213832,2132606,2151764,2168966,2107626,2215817,2235822,2200901,2225373,2317896,2294839,2330281,2310998,2403032,2488497,2524411,2665424,2602791,2092120
1.6,0.5,180,1617143,1649755,1740742,1789978,1879769,2006570,2036470,2166276,2272784,2166682,2301666,2295211,2306006,2236618,2232040,2221166,2182601,2244445,2234364,2127710,2144082,2127880,2139574,2116430,2105498,2031077,2025821,2032781,2081403,2003563,1966471,2017977,2016124,2016820,2001931,2074996,2119490,1900106,2061907,1944224,2009717,1943030,1989972,1981074,1996681,1970407,1842062,1972936,1917941,1885929,1960694,2024723,2010487,2087484,1998563,2003090,1972301,1971618,1912311,1930859,1881690,1894636,1916751,1880628,1852171,1957979,1872869,1918865,1968798,1920829,1811394,1898421,1845466,1921152,1864999,1935512,1889056,1827618,1837646,1970345,1886059,1952126,1859598,1864141,1862258,1866217,1968659,1952180,1963694,1903527,1918768,1921448,2008587,1956928,2013972,1957444,1989801,1998039,1945016,1916516,1973696,2053691,2154853,2129138,2177684,2256877,2293161,2192240,1876040
1.65,0.5,180,1530932,1557727,1682740,1782173,1914348,1864959,1935381,2095417,2035939,1994328,2163240,2084934,2005257,2078218,2021787,2127745,2089496,2131098,2146683,2182609,2114867,2155843,2084555,2127064,2173727,2082133,2049664,2007167,2084250,2046974,2057406,2039810,2085242,2030836,2068922,1990417,1951117,1982392,1956831,2038831,1918451,2015794,1901172,1949044,1896074,1869169,1944058,1921645,1869556,1794214,1891483,1874367,1863621,1861576,2068112,1989298,2018225,2037897,2111286,2079603,2116357,2034618,2117140,1983105,2063906,2099268,2169634,1994262,2041888,2067713,2043345,2041134,1996918,1954666,1953036,1939843,2025116,1950159,1991156,1970358,2012321,1945976,1930558,1978932,1889509,1949385,1967045,2079558,2114382,1961017,1997302,2051783,2009473,1981960,2017060,2073802,2014289,2018069,2077522,2088989,2201670,2242518,2284743,2197307,2217166,2245208,2391514,2440123,1961614
1.7,0.5,180,1513913,1553654,1617044,1754211,1761405,1868237,1914122,1902723,1980522,1941050,2069659,2047846,2027292,2044112,2016889,2017106,2051112,2038067,2073223,2046711,1889216,1920610,1986856,1995801,1996516,1951059,1908698,1958493,1928949,2012595,1987915,1910243,1935854,1900163,1992108,1923078,1932622,1901074,1946702,1901649,1953661,1873334,1904279,1913405,1906667,1971856,1929401,1996048,1992036,1952034,1973752,1955850,1953141,1970846,2012927,1961644,2008013,1944512,2028599,1945724,1941693,1962445,1875307,1904492,2027195,1908848,2012980,1934535,1959055,1972986,1968529,1961409,1988870,2039457,2025951,2011760,1994167,2094177,2060930,2057087,2142620,2028711,2089904,1911653,1944261,1981280,1961911,1988279,1931067,1977945,1970054,2039567,1992462,2048892,2017611,2101963,2115602,2238532,2190412,2319830,2265414,2373978,2367923,2428412,2358622,2420764,2441356,2438190,1974700
1.75,0.5,180,1551531,1628170,1677148,1730402,1755104,1795285,1833531,1938349,1941471,1993180,2024103,2058364,2032858,2055196,2033912,2110035,2091350,2073012,2091459,2041477,2092473,1999188,2014453,1984250,2005028,1892218,1920382,1934796,1933174,1965461,2024659,1973770,1958027,2037576,2039410,2035264,1997096,2008083,1959333,1961410,1978230,2032583,1998904,2039084,2023796,1950557,1952906,1979759,1911397,1861891,1961681,1863183,1914764,1841666,1869262,1861796,1896661,1904294,1917718,1866032,1929332,1876850,1853202,1833593,1818536,1885269,1891697,1836509,1838507,1802809,1924014,1867629,1818989,1912093,1905618,1853555,1905114,1862740,1884981,1852218,1792442,1890003,1897768,1865596,1854413,1912748,1819493,1885637,1924718,1920146,1882933,1863542,1918203,1972599,2088144,2004725,1969194,2112651,2110661,2228622,2170057,2296015,2347295,2344199,2359565,2364853,2343545,2367095,1814965
1.8,0.5,180,1486744,1548431,1604679,1657776,1746530,1745400,1810352,1831637,1926567,1922775,1981226,1873729,1965912,1963604,1995662,2031065,1970731,1967686,1960386,1983188,2009140,1997880,1977205,1955429,1901844,1972139,1905889,2009329,1971257,1877787,1890984,1898525,1875411,1923639,1890308,2007351,1912691,1935772,1983110,1931555,1930866,1893882,1914274,1921952,1870539,1863000,1859864,1838375,1853765,1877786,1823707,1897461,1805127,1852373,1820582,1767074,1823298,1833349,1743768,1864359,1808559,1872675,1827915,1844701,1830938,1766591,1821315,1845856,1877025,1781455,1867664,1851376,1815435,1851313,1842461,1877124,1890257,1850087,1889260,1888837,1871813,1867019,1956105,2052623,1970811,1972325,1899234,1904413,1968596,2007410,2031788,2030589,2168833,2131557,2085887,2080529,2147861,2184125,2243622,2209296,2287130,2351026,2464309,2374801,2470943,2362752,2468405,2429461,2167950
1.85,0.5,180,1510200,1649590,1636682,1698798,1786955,1797842,1843502,1883138,1954814,2072583,2028174,2020829,1952124,2074188,2028429,2004821,1980564,2033041,1967118,1954639,2137259,2035912,2042958,2136093,2021487,1993966,1961065,2029246,1954588,1970841,1952328,1946803,1942444,1952923,1892356,1906729,1928470,1987093,1906566,1978760,1926761,1992090,1863418,1936188,1899385,1949970,1844064,1934043,1972446,1884241,1902664,1941410,1873753,1851086,1893855,1864703,1852153,1873176,1814659,1830271,1822861,1833082,1886986,1927078,1905754,1862645,1931400,1916973,1923391,1917730,1949226,1936710,1922909,1995664,1982448,1992944,2016078,1969530,2054268,2052832,2023182,1934694,1998501,1928228,1996451,1966158,1995741,1973623,2029888,1938156,2015011,2030836,2004962,2057424,2083797,2098971,2176054,2164478,2194983,2228866,2229602,2294747,2352482,2318401,2428698,2439339,2589637,2526329,1980490
1.9,0.5,180,1546977,1650571,1565858,1715843,1705203,1828570,1849499,1832759,1912661,1979761,2022037,2044679,1976973,2017878,2065802,2021944,2044369,2045023,1978974,2005414,1977432,1983514,2054864,1916145,1979797,2016611,2013686,2027991,1954086,2004528,1995069,1946602,1942167,1952972,1880858,1936725,2006176,1996885,2017195,1907467,1971229,1950371,1980540,1960157,1980248,1983110,1923962,1959904,1874205,1932940,1898641,1901291,1828762,1866779,1922155,1959360,1915300,1918633,1955004,1994766,1990116,1953553,1913674,1898705,1868238,1964947,1902875,1915188,1939964,1922718,1947218,1964341,1993010,1923379,1924250,1995551,1979741,1929537,1967303,1870193,1891588,1902819,1948755,1858691,1814608,1853283,1861957,1880514,1948680,1924590,1917482,1918351,2031386,2098969,2077988,2033167,2066072,2056963,2076095,2159974,2092910,2184976,2174534,2338611,2348533,2301697,2436339,2325207,1886374
1.95,0.5,180,1540418,1659389,1727470,1757369,1811347,1930203,1959998,1912175,1931727,1920052,1987591,2100439,2129292,2112970,2134379,2108266,2071767,2012233,2098436,2081979,2085711,2095190,2157571,2077174,1990091,2056191,2075270,2018066,2042806,2118542,2014960,2021729,2002887,2037981,2007780,2012675,2022493,1984349,1983606,1972556,2031878,1981646,2026047,2030623,1898800,2008102,1923846,2025562,1981194,1939085,1898354,1974258,1920172,1920050,1980173,1951850,1968432,1889924,1934482,1936675,1907578,1907428,1896811,2011496,1935828,1943850,1900871,1857492,1891727,1924171,1886369,1876982,1957846,1932421,1989158,1933623,2017811,1983628,1997941,1931720,2019860,1965581,1972463,1903446,1957853,1971022,1893338,1970394,1963635,1975813,1996901,1944402,1904354,2015269,1948187,1947510,2028318,2021309,2011877,2119183,2105054,2104686,2127291,2196547,2254771,2164187,2189734,2041022,1768865
2,0.5,180,1558082,1643629,1649215,1680913,1772593,1852611,1933316,1952897,2001648,1959352,1970940,2000019,2030872,2001260,2020598,2061200,2141117,2136457,2041777,1997589,2057779,2079707,2077408,2010333,2000283,2079158,1962030,2008485,2036330,1952665,1951564,1913877,1958132,1895395,1930204,1950227,1895402,1963130,1921091,1977516,1916321,1884273,1934898,1896347,1945003,1935236,1961848,1940273,1929544,1925657,1971425,1897792,1950834,1868735,1904523,1995448,1935224,1888777,1954621,1863740,1865745,1888990,1886615,2008322,2028156,1884035,1961341,1968628,1884563,1913662,2076775,2043593,1873055,1948407,2024621,1956097,2036075,2034794,1958731,1974946,1929976,2010503,2022128,2080113,2106614,2209462,2133388,2173068,2244229,2146559,2108541,2107442,2129582,2122456,2231951,2277320,2307923,2326554,2403973,2368923,2412360,2386501,2444568,2435247,2586115,2384318,2465747,2519030,2045875
2.05,0.5,180,1624596,1645260,1702518,1736127,1789952,1924592,1880849,1909027,1934878,1949089,1989886,2114854,2017402,2043849,2080103,1985408,2117065,2109751,2061942,1957461,1966521,1946076,1898478,1890323,2026720,1984214,1971997,1992947,2006952,1990448,2013631,1917564,2025101,2009769,2001374,1976601,1920299,1972958,1984638,1971382,1938504,2044057,1981711,1959500,1936679,1890292,1904303,1907065,1992065,1938875,1914339,2000382,2021578,2033609,2049562,2018498,1991563,1969091,2032778,2042432,2033047,2136260,2095637,2052333,2075808,2043552,2022086,2177128,2042707,2030497,2111146,2118033,2120200,2151165,2272835,2137244,2195662,2136497,2114405,2130743,2121937,2226037,2133545,2165345,2192598,2190509,2055382,2258503,2348093,2367086,2341811,2363584,2321086,2482986,2401298,2506594,2470691,2442734,2535497,2577712,2563090,2581404,2598970,2526139,2653158,2570831,2772376,2838350,2320326
2.1,0.5,180,1555379,1621531,1705437,1815758,1912492,1887114,1903761,2027969,1970797,2064916,2146057,2056950,2109496,2128853,2111838,2113365,2062633,2100430,2100558,2057951,1985941,2042104,2070692,2016281,2100790,2030940,1967409,1969837,1998588,1964563,2032427,2018452,1954277,2012307,2071427,2024368,1963997,2019327,1956342,2043763,2033436,1946732,2020490,2040802,2042532,2039818,1980875,2052105,2023733,2000926,2044889,2081403,1989890,1935402,1994954,1991600,2073049,2066993,2118815,2079897,2027638,2016195,2043735,1977090,1974059,2027660,2057315,1987271,2007279,1983753,2066383,2057510,2092035,2116665,2020443,2020868,1931637,2022268,2090544,2001844,2057522,2178355,2139243,2395302,2403569,2391603,2416727,2387936,2356613,2353200,2345401,2426382,2351108,2477022,2497362,2501864,2523540,2409088,2434556,2472030,2514137,2491118,2620000,2628320,2612593,2557794,2708394,2627891,2057517
2.15,0.5,180,1533256,1606793,1728931,1793467,1858921,1942348,1925466,1995964,2090332,2093595,2110866,2114049,2104758,2063265,2087991,1997726,2072667,2029986,2136779,1980887,2028563,2088481,1932466,2051281,1978698,2011747,2007227,1947725,1979074,1985672,2018938,2023873,2025638,2034826,1956022,2005853,1985178,2026034,2006674,1979226,1957665,2035642,1976627,1985598,2011433,1994438,2006793,2079353,1990501,2041550,2038617,2027437,2097233,2078216,2155623,2007030,1993186,2005212,2091830,2161916,2090580,2024088,2030684,2158902,2121305,2076486,1918545,1984994,1936682,1984668,2180564,2094653,2096565,2015157,2022174,2063834,2054327,2032017,2083087,2116200,2067889,2056614,2031798,2055353,2057268,2085278,2093010,2053006,2148913,2134865,2182988,2148844,2218673,2186760,2294089,2455632,2502131,2454116,2458313,2489376,2487185,2579165,2529934,2709291,2782348,2666542,2636227,2668970,2339269
2.2,0.5,180,1561103,1617488,1693733,1704484,1795974,1855290,1889025,1886691,1960841,2040457,2045347,2108361,2059825,2059689,2147647,2057692,2036843,2053536,2036637,2087387,1996280,2040348,2067644,2007554,2051072,1944166,2015695,1944532,2046013,2086256,2030742,1871412,1895139,1962592,1967599,1965121,1969333,1951166,1973272,2086191,2026965,2010383,1978794,1974104,2037762,1998031,1972341,1960225,1973173,2001793,1881376,1963756,1967774,2025447,1962554,1999633,1970736,1921681,1998058,1966442,1989932,2021784,1896643,1970975,1958007,2012726,1961495,1973716,1982774,1935406,1919928,1914086,1952966,2006662,2049256,2120643,2050817,2027585,2003610,2003831,2112700,2047525,2155289,2068743,2108502,2092624,2162843,2057316,2113654,2152653,2086001,2102592,2105162,2102126,2074422,2155973,2143564,2072179,2045767,2216096,2292566,2437709,2444809,2457939,2457078,2444249,2480644,2520060,2154059
2.25,0.5,180,1556180,1633627,1698926,1736711,1811887,1915448,1882646,2003963,2019839,1909779,2079810,2076726,2029813,2028067,2017531,2087266,2122283,2084837,2062998,2098127,2019258,1924050,2030123,2054968,2115175,2114162,2139035,2067827,2056545,1971377,1988404,2011012,2005253,2020640,1980048,1933717,1973345,1888041,2005822,2024107,1936068,1964947,2044692,1985176,2016861,2006098,2105500,1959412,2009090,1967795,1919099,2042938,1988611,2006907,1993095,1905048,1899249,2001663,2033578,1957820,1935164,2014951,1970725,1988237,2055023,1980690,2012157,1891005,2012548,1981067,1944973,2017822,1975931,1983498,1927080,1939473,1968360,1915633,1950111,1862767,2039287,2103079,2022357,2123639,2145059,2160681,2070064,2081117,2106736,2006846,2119337,2102119,2108162,2109655,2215089,2280062,2291312,2295962,2261190,2351932,2224846,2299800,2358859,2478699,2569850,2614695,2705100,2687222,2088060
2.3,0.5,180,1626365,1678976,1808911,1822326,1937252,1901813,1926566,1993319,1973874,1966864,2067063,2000539,1997712,1991205,2012206,2007087,2023246,2010281,2047075,1987846,1981787,1994276,2037735,1964248,1982250,2032256,2043762,1923616,1957536,2031266,1954126,2080687,1980368,2038509,2005146,1893393,2012909,1948484,1950105,1952832,1994567,1981493,1914106,1930945,1962220,1951166,2004546,2028688,1968753,2062081,2008439,2089830,1962100,1994054,2038338,2033316,1968875,2026587,2001844,1967504,1948957,1928449,1948843,2038867,1945610,1976323,1925639,1896508,1948907,1979300,2077583,1976712,1937443,1916114,1935138,1976308,1994658,1989375,1993639,2019938,2019442,1982023,1980067,1991414,1991642,2007769,1957404,2092462,2003854,2097364,1983874,2123692,2195955,2366091,2396183,2354268,2316705,2348999,2333800,2350474,2385903,2548185,2504804,2564397,2621649,2594315,2672313,2357525,1886208
2.35,0.5,180,1502754,1651231,1776418,1796859,1874519,1938042,1922424,1970020,1970303,1977639,1987691,1955931,2042047,2124782,2043445,2019405,2077570,2085726,1983079,2026724,1992266,2093249,2081937,2005612,2125958,2019372,1988149,1966424,1924160,1961834,1925465,1987023,1965805,1979876,1982808,1921473,1979409,1932996,1946660,1888233,1918575,1927814,1920099,2018904,1975771,1994737,2004036,1879437,1973502,1951368,1946834,1947289,1908886,1900544,1980188,1913116,1898078,1935481,1821007,1854553,1888116,1806342,1825099,1828305,1839550,1962174,1912466,1898096,1860727,1901124,1836029,1867778,1861724,1818030,1875489,1814129,1896526,1921241,1866638,1858087,1876610,1881910,1839018,1856303,1888150,1868993,1963637,1958746,1868543,1900001,1898059,1924432,2032021,1940450,2054599,2040417,2116410,2139862,2184551,2242089,2395252,2304312,2428125,2511095,2526400,2567533,2521973,2494164,2058009
2.4,0.5,180,1589998,1687924,1765586,1766994,1819322,1913855,1969363,1932724,1979622,1958418,1979919,2059568,2032872,1982575,2012103,1956093,1954124,1998753,2013455,1893070,1948503,1936253,2011430,1978678,1968867,1894354,1898925,1880979,1883556,1918820,1874735,1919914,1906120,1866067,1858229,1788794,1847853,1873106,1900703,1879991,1909891,1833293,1849434,1828960,1852361,1867118,1830471,1827419,1793457,1875657,1862495,1839371,1900235,1945556,1802408,1933153,1903368,1940968,1877453,1888714,1796546,1910081,1764456,1888545,1789379,1838616,1818569,1812696,1810315,1784477,1802746,1768961,1837819,1815061,1840277,1831344,1892966,1827400,1893223,1813750,1878111,1816394,1901822,1895058,2016737,1970013,2057639,2045599,2083054,2091880,2110542,2088652,2074974,2040829,2064885,2127765,2218754,2267915,2311357,2313095,2394739,2376895,2353595,2387123,2334518,2354669,2326420,2350723,1881877
2.45,0.5,180,1573115,1613788,1654057,1747666,1790812,1935675,1956390,1977021,2014631,1991212,1948009,1963400,1941418,1996790,1898176,1922744,1875911,1917356,1954205,1994424,2035846,2054345,2060340,1978109,2050732,2024077,2091724,2006921,2114954,2010037,2058029,1953512,1998847,2042690,1965028,2055626,2009365,2048043,1951170,1902228,1900054,1923067,1969202,1922157,2014632,1935642,1925410,1923354,2020598,1883255,1922699,1869903,1989853,1863893,1879779,1913528,1838904,1954060,1933216,1850353,1858521,1908657,1908621,1908400,1870808,1857082,1829261,1824628,1868666,1834179,1949931,1888995,1928508,1933267,1858129,1892821,1939603,1855954,1834876,1803580,1831648,1894591,1776737,1856128,1867314,1931486,1788354,1884161,1861723,1759311,1881440,1877256,1846452,1958926,1923936,2015366,2016681,2204872,2196028,2246137,2241031,2254577,2272392,2280132,2302526,2221716,2279637,2347827,1813942
2.5,0.5,180,1489951,1552603,1682444,1805870,1849046,1802236,1964106,1969938,2059778,2046987,2002299,2056322,2039958,2031757,2049941,2062443,2058150,2059279,2063489,2022208,2001213,1975766,2114223,2048258,1976448,1958876,1958199,1960024,1946196,1935116,1917693,1970695,1858317,1964010,1968129,2025411,1895745,1954254,1967016,1977678,1829957,1965982,1913110,1965729,2032645,1949025,1883688,1911384,1900138,1978798,1868446,1903515,1871993,1843421,1897462,1912350,1905348,1894985,1956277,1854283,1956537,1849150,1915078,1898041,1865960,1864396,1910258,1851547,1838334,1794383,1848034,1889409,1861210,1816363,1882557,1888672,1814331,1843478,1930946,1846506,1796848,1849896,1847138,1767885,1903387,1873610,1805903,1798074,1842254,1768451,1808191,1790557,1969719,2148463,2224925,2215098,2247117,2224819,2245680,2332908,2189710,2212679,2212596,2303460,2420778,2517551,2492322,2577808,2175349
2.55,0.5,180,1496964,1591395,1705532,1742149,1855489,1856755,1968904,1802629,1966930,2007331,2019982,2039139,1980574,2046645,2090750,2071050,2020376,2098959,2080025,2039972,2039347,2028774,2002585,2017500,1998794,1922213,1930313,1969279,1999247,2013478,1953063,1960726,1989117,1886958,1961335,1943968,1995457,1945834,1917150,1915151,1954225,1890982,1920152,1893507,1888734,1940191,1925667,1917020,1913090,1969888,1960367,1870630,1935964,1903010,1980727,1976415,1864403,1939641,1931460,1929290,1942999,1948430,1922668,1872281,1813782,1854021,1894606,1788535,1898558,1827892,1905562,1844917,1890742,1894509,1821131,1749715,1851920,1842819,1879245,1793101,1867116,1901709,1898447,1866951,1873902,1953251,1966840,2006818,2022784,1962679,1975923,2005861,1929406,2067628,2108401,2119044,2051203,2046319,2037059,2139549,2258864,2302974,2344585,2444236,2428226,2526539,2578561,2598863,2203197
2.6,0.5,180,1453412,1570075,1702759,1720075,1834019,1862913,1921468,1983023,1954864,2043178,1950366,2035893,2022994,2030242,2099307,2035882,2132164,1979404,2072734,2128906,2020939,1997459,2058175,2042155,1990067,2004474,1990108,2005989,1910591,2004398,1956821,1981167,1934821,1963164,1891600,1885702,1961625,2026161,2052583,1925672,1914674,1943632,1941777,1902682,1903028,1901526,1835265,1964558,1992890,1913643,1954135,2021784,2001383,1953870,1987393,2030059,2005243,1963062,1891882,1989134,1997727,1968310,1877361,1828025,1911111,1968665,1914543,1963065,1867835,1879200,1802664,1913737,1971943,1890067,1858394,1889642,1960867,1879158,1885533,1912277,1947389,2058413,1999838,1979309,1967810,1966220,2085993,2068696,2037953,2052323,2038683,2105640,2046039,2002671,2057480,2109946,2075955,2180307,2189565,2267843,2396218,2378417,2350007,2327736,2277059,2323289,2285744,2407242,1896846
2.65,0.5,180,1344930,1486700,1578817,1633767,1760314,1854166,1854076,1927550,1982641,2004485,2096206,2073886,2068107,2049956,2102760,2047089,2068616,2074417,2085061,2187803,2155288,2188204,2206745,2075498,2159676,2175495,2101174,2037976,2106496,1944469,2039353,1966675,1968978,1920636,2010747,2032545,1920526,1980446,1972114,1951419,1951340,1957520,1965842,1917663,1872120,1967959,1920421,1926755,1851963,1906971,1921928,1922671,1867484,1899559,1947786,1973354,1961857,1903987,1939182,1921227,1925101,1930228,1924413,1852992,1873044,1909435,1953784,1963626,1976459,1945145,1986873,1910479,1928442,1968193,1927280,1935911,1905174,2043370,1942823,1844481,1865998,1877338,1992637,2031287,2038182,2031761,1986117,1944978,2006695,2047970,2124195,2091226,2080364,2094291,2056774,2032592,2174950,2340780,2308212,2375906,2380319,2448286,2479821,2542532,2670126,2626630,2616773,2483683,2064848
2.7,0.5,180,1454522,1464445,1566320,1580862,1639599,1717043,1821829,1820863,1924513,1999575,1978089,2037161,2000633,2116256,2087996,2052855,1968574,1862247,1988784,1999309,1989675,2039658,1989196,2030416,1971091,1985723,2007577,2038985,2015296,1930986,1972655,2043239,2014476,1966973,2006671,1954123,1930211,1978935,1943754,2036234,2015335,2032428,1955992,2018164,2007295,1975631,1928186,1943458,1942572,1908519,1984163,1970278,2015449,1906379,1918461,1946065,1945334,1941308,2083316,1999805,1994435,2021090,1914069,1968399,1941823,1938812,1911242,1883474,1842208,1900624,1890051,1979613,1905604,1931808,1931826,1926894,2004662,1923060,1980787,2003043,2098270,1993341,2057984,2037932,1995008,2083366,2139852,2096818,2151120,2091329,2070306,2120257,2117606,2130131,2213038,2158435,2147402,2191399,2248089,2371309,2373075,2365262,2346361,2361514,2381699,2479679,2557603,2583033,2246276
2.75,0.5,180,1495519,1496346,1617607,1653753,1683686,1797951,1955549,1954416,1968891,2041812,2010871,2021897,2171178,2116148,2156472,2055675,2120979,2042381,2086141,2069187,2135198,2069833,2036020,2087091,2049866,2065572,2034161,2057687,2013601,2042257,2041736,2035567,2083771,1936833,1969878,1948476,1980224,1956797,1971880,1967270,1932259,1990541,1911476,1911896,1945248,1948678,1962453,1863168,1883933,1924822,1932820,1895652,1932734,1914594,1902057,1937990,1964264,1960575,1836052,1923121,1988540,2003139,1962567,1982594,2011688,1908846,1891693,1887999,1934244,1949148,1870216,1873026,2000716,1996201,2050200,1971218,1986325,1994537,1965575,2015332,2021718,2125458,2131638,2085254,2129249,2086635,2067767,2052331,2044988,2047067,2114975,2110619,2009221,2028424,2110499,2137233,2123841,2070806,2228134,1982434,2159783,2161390,2167857,2229023,2366284,2358700,2380267,2342263,1975423
2.8,0.5,180,1507573,1579660,1592573,1662791,1680808,1726211,1769415,1877845,1963188,1965315,2008259,2014362,2089340,2108293,2067339,2084819,2041121,2078748,2006846,2050501,2061042,2006129,2013501,1988669,2062025,1973342,1973060,1965544,1973391,1953484,2031023,1965475,1949323,1956576,1920213,1907503,1932481,2012750,1866641,1950919,1936449,1937890,1860523,1880194,1867474,1869060,1884845,1881330,1876141,1942425,1856285,1922143,1856284,1988865,1995546,1992469,2013041,2053095,2025817,2097916,2070758,2133053,2150003,2135387,2070080,2083098,2043426,2010798,2042207,2009047,2001415,1920087,1932799,1946612,2000125,1977743,2036803,1930219,1983302,1948402,2023676,2105607,2066798,2011729,2025621,1948193,1962693,1971699,2035128,2131664,2100932,2113265,2039739,2088196,2102882,2107025,2123813,2122888,2142370,2161214,2162731,2190103,2288426,2288601,2248309,2418729,2441218,2362996,1992482
2.85,0.5,180,1472786,1600415,1578654,1689765,1713600,1780108,1807270,1929987,1925884,2013489,1967628,2049635,2021776,2065061,2067770,2118165,2075018,2099819,2129486,2079708,2159009,2150154,2066831,2045393,1977737,2007382,2086743,1966398,2067303,1988943,2035822,1972401,2033255,2038589,1976814,2053071,2006379,1943234,1947731,1979412,1986547,1997546,1935225,1970619,1917844,2010871,1930066,1874119,1930943,2025942,2114653,2102631,2064070,1966032,1991731,1965026,1909649,1985427,2051950,1937634,1911042,1937016,1975572,1965600,1909743,1907544,2030585,1949146,1988614,1994012,2043009,2022045,1952048,1933173,1901065,1915400,1928226,2004407,1959828,1960591,1972647,1967047,2005605,1912063,1962010,1994700,1990289,2103563,2067058,2046101,2019823,2015466,1990105,2054664,2058866,2095809,2135572,2182186,2091920,2176085,2171897,2254095,2389898,2367186,2411727,2379739,2365713,2294137,2089373
2.9,0.5,180,1499673,1571206,1631259,1710603,1806487,1883499,1932493,2034166,2069129,2068475,2131611,2124903,2061231,2080825,2149663,2153753,2105470,2171796,2110638,2138162,2118836,2102476,2027228,2153983,2113583,2118090,2081382,2093273,1990985,2065927,2060823,2050186,2026412,1995035,2083952,1999360,2054344,2031853,2064863,2028360,2073950,2008982,2017176,1963039,1978230,2019253,1946062,1965740,1927602,2026036,1960027,1955056,1902719,1847844,1944733,1893965,1934992,1891430,1906247,2004917,1980764,1992237,2006416,2055888,2010069,1981836,2031154,1984723,1995461,1995799,2023671,2033473,2051388,2038922,2073864,1987435,1955264,2094060,2014267,1952827,2014900,2056345,2078249,2073949,2147914,2086485,2098127,2069363,2110946,2145281,2250195,2357843,2396740,2387679,2455294,2465696,2463878,2453133,2475257,2547004,2473347,2479139,2530355,2533741,2578442,2582964,2669510,2514966,2099742
2.95,0.5,180,1521115,1610272,1683879,1717449,1777237,1893672,1956445,2012427,1965657,2025330,2078300,2098680,2142613,2205154,2285260,2194776,2100213,2118533,2110649,2074582,2056197,2002460,2066042,2079002,2010097,2060067,2028321,2061922,2106991,2042182,2068831,1914610,2097362,2027093,1989963,2031530,1990315,1974497,1942358,1952329,2015111,1914841,2025482,2081102,2017735,2039871,2078646,2075936,2073282,2025710,2018709,1906011,1890485,1909808,1956330,1929962,2014460,2139055,2141782,2140835,2103095,2031702,2133416,2089964,2028096,2015860,1995984,2004003,1937486,1976577,1934680,1961132,1951533,2033751,2034053,1848619,1857339,1848453,2001586,1887825,1943039,1918958,1834070,1816134,1812189,1899235,1853486,1934580,1912135,2059542,2205494,2171973,2217346,2276512,2230778,2116410,2228329,2211453,2267452,2327659,2314949,2279693,2351360,2359963,2289406,2248741,2285920,2332075,1810526
3,0.5,180,1444241,1513999,1616942,1786263,1762875,1849562,1884109,1930874,1958884,1941593,1998157,2023622,2058457,2100151,1979082,2054548,2018630,1941648,1976612,1913288,1905830,1972659,1968795,1877498,1919682,1868175,1897371,1905902,1936531,1891394,1888019,1863515,1950435,1903634,1930049,1909621,1840201,1879576,1889878,1870377,1842953,1819600,1856678,1892126,1924798,1881494,1941367,1885255,1939866,1899574,1917703,1941069,1912316,1870459,1918681,1856225,1824743,1836822,1879741,1884376,1828694,1835944,1864179,1935503,1867102,1857492,1947812,1860260,1894659,1900671,1870293,1902526,1880109,1885337,1828587,1854407,1931911,1891653,1849637,1904193,1824943,1882035,1864100,1979154,2017989,1938290,1905070,1977003,1917099,1948631,2090818,2199100,2102457,2184690,2225184,2224315,2275465,2260605,2265883,2396697,2403256,2413254,2481227,2344764,2333707,2431830,2384620,2492904,2379491
3.05,0.5,180,1513721,1564841,1630204,1614381,1807394,1807727,1831327,1894828,1933458,1992653,1996302,2045348,2027992,2095437,2047556,2007025,1976587,2016156,1932167,1934449,1929129,1975636,1963939,1898515,1940294,1845697,1892009,1873988,1905691,1871615,1914190,1875386,1789056,1873561,1890888,1850087,1820936,1857176,1893725,1855241,1762605,1795041,1899294,1814751,1836586,1904531,1822007,1830413,1849171,1790308,1839723,1791028,1812928,1805608,1772445,1777957,1805971,1806399,1811621,1827785,1790528,1843208,1819124,1847935,1872552,1843179,1904463,1886825,1836164,1832012,1880134,1808372,1835099,1848941,1821212,1809076,1795104,1877481,1821152,1810663,1783629,1875291,1854897,1927793,1945074,1945276,1929477,1902800,1917612,1990174,1976555,2057095,2191004,2209564,2304372,2345611,2225993,2326550,2303347,2361514,2335379,2375331,2437754,2456699,2368594,2503918,2477142,2518661,2183514
3.1,0.5,180,1444105,1542447,1598975,1735050,1810796,1837438,1896384,1927803,1960164,2158450,2216642,2241381,2272553,2323889,2376412,2218647,2257819,2314253,2335188,2368114,2277984,2279327,2206771,2245192,2126452,2097593,2075218,2035790,2023111,2063275,1961171,1971940,1947664,1901341,1953179,1876517,1958580,1917231,1889715,1905064,1902781,1913338,1930948,1924739,1900029,1947708,1802304,1909077,1917865,1903647,1841644,1843285,1841328,1856486,1843180,1752683,1905671,1931929,1936161,1839849,1875078,1907333,1896533,1897105,1890933,1908980,1893553,1913521,1952102,1886103,1968640,1863264,1823965,1839188,1851163,1809761,1860948,1899288,1868874,1808319,1787996,1768123,1880519,1908850,1761775,1851930,1844586,1926714,1910767,1938246,2065549,2055408,2050933,2154595,2288181,2341727,2334350,2361129,2363643,2387574,2368821,2437997,2480204,2590154,2620005,2627752,2564631,2560106,2180191
3.15,0.5,180,1586951,1682163,1804705,1840063,1951888,1886653,2002838,2034385,2023186,2036740,2112863,2171777,2096843,2212075,2217855,2198334,2153500,2159803,2173020,2171325,2182218,2082299,2077217,2057268,2092343,2072716,2113740,2011297,2045634,2015529,2095832,2020736,1996670,1964769,2036375,2055217,2025092,1988943,2001904,1925578,1970042,1918646,1969416,1987331,1921842,1931187,1973128,1928537,1940301,1997342,1951766,1916673,2005828,1926168,1969688,1916701,1968188,1911721,1934061,1958079,1938354,1950687,2004765,1958837,2037916,1888122,1945748,1958782,1997655,1933245,2046473,1966554,1933163,2065324,1941978,1915171,1920875,1901903,1918328,1947250,1954131,1961431,2068565,1953472,1956554,2019301,1908478,1987998,1996284,2086932,2109109,2045645,2067300,2082048,2140602,2204012,2363953,2293796,2419233,2474623,2367838,2329202,2357047,2398253,2357098,2422433,2340635,2374546,1873092
3.2,0.5,180,1510214,1609897,1592446,1745703,1756984,1861313,1894349,1942434,2009230,2048994,2016153,1937290,1921872,2019230,2024127,2045035,1949886,1993559,2048467,1996354,2041414,1957219,1992624,2016179,2041733,2038799,2001449,2013782,1969086,2001104,2070316,2067831,2074893,2066117,2008075,1972346,1989979,2104087,2026005,1979485,1970721,2003850,2010208,1969478,2015544,1969755,1964633,1939859,1993843,2043110,1984744,2014361,2018632,1989890,1960715,1931866,2038134,2004377,1925003,1986515,1980118,1975206,1968383,1967780,2046648,1977039,2055484,1997472,2012811,1930233,2019563,1957769,1994612,1903774,1982052,1923340,1939144,2052415,2027388,2081712,1984862,1972685,2050424,2158945,2248094,2183747,2171033,2219351,2197883,2142343,2177092,2143667,2220212,2240384,2311928,2374010,2402684,2520895,2526017,2591328,2614950,2602051,2564500,2564650,2687875,2592136,2577998,2547526,2407394
3.25,0.5,180,1592748,1680932,1741641,1811021,1898424,1988730,1914128,2020047,2173320,2150173,2263532,2245490,2263055,2272932,2237766,2284420,2421233,2292377,2316267,2216533,2262445,2185483,2184673,2267487,2181759,2197674,2224814,2189074,2258183,2110295,2132914,2138226,2096293,2126090,2097006,2076312,2103645,2115676,2184367,2112520,2166554,2120712,2105456,2154240,2063823,2105990,2117045,2037292,2062955,2015115,2129654,2147335,2036563,2014349,2039571,2029051,2107168,2163087,2054241,2051921,2059663,1962243,2087774,2001906,2006535,2038565,2000371,2002758,2018514,2013335,1983013,2031618,1916201,2088074,2027300,2027219,2084564,2016505,2016206,2064132,1991685,1982530,2044076,1987598,1993888,1989573,2005823,1993649,2077881,2075086,2110442,2179088,2167821,2243495,2360302,2354638,2272129,2367055,2412044,2450613,2472930,2506125,2588175,2611718,2600516,2594002,2619480,2518344,2194101
3.3,0.5,180,1526651,1660491,1721346,1742996,1828996,1866629,1890958,2024973,1972481,2127988,2110588,2191946,2255518,2286459,2366510,2205106,2306191,2325759,2241033,2229233,2306655,2240688,2244969,2177622,2217765,2173351,2143851,2120147,2134575,2089678,2125878,2184858,2161743,2061058,2090564,2116714,2108961,2052926,2130859,2078902,2056955,2159443,2159624,2069639,2065877,2085601,2074398,2135878,2073577,2086899,2119935,2185244,2110642,1996683,2070446,2074577,1996090,2053481,2017812,2079858,2108256,2102480,2091793,2164521,2088932,2016730,1999896,1997565,2052738,2084073,2067665,2135512,2073491,2068624,2051690,2068581,2143516,2091311,2084363,2149368,2272995,2271856,2381537,2376783,2421907,2427223,2398014,2360957,2523705,2448253,2507018,2540659,2547387,2594782,2638184,2650028,2787438,2707565,2739635,2708336,2729452,2676732,2671361,2696229,2772501,2725652,2657567,2716274,2294129
3.35,0.5,180,1514768,1652319,1706477,1851700,1919749,1973323,2083074,2166737,2104214,2264852,2271961,2239056,2315010,2387883,2464741,2374075,2307209,2345106,2390355,2363040,2317473,2319127,2274050,2333523,2338284,2381693,2270051,2242402,2243030,2259088,2214851,2193620,2278211,2140179,2131556,2251906,2225756,2200084,2209444,2171506,2140766,2115297,2164756,2158845,2103099,2183479,2098602,2068402,2153161,2167986,2108117,2082785,2112837,2097637,2152935,2103066,2085202,2182263,2097948,2119800,2093012,2148739,2161736,2155050,2102511,2066735,2070858,2098723,2117238,2147342,2035843,2083802,2142524,2168892,2177103,2149249,2202492,2139854,2209018,2177485,2245121,2214306,2185567,2125259,2153280,2084817,2222247,2109340,2160377,2212127,2197772,2239870,2211676,2229008,2424939,2566045,2486331,2567085,2634161,2650345,2555287,2627343,2507844,2519183,2454592,2363361,2288697,2237692,2108944
3.4,0.5,180,1476338,1598348,1662659,1793246,1834488,1950661,2063519,2084585,2025844,2118693,2046751,2128239,2191889,2279091,2187732,2245709,2226164,2203925,2269799,2233229,2238855,2259167,2231162,2293955,2269176,2232700,2300498,2412451,2276396,2278942,2300190,2237762,2306474,2268802,2275604,2288753,2249455,2272200,2364275,2250684,2311685,2274616,2207169,2218659,2223500,2239318,2229230,2118750,2231321,2167305,2158453,2073023,2184225,2124507,2076180,2174472,2160647,2269723,2151061,2164713,2248685,2197070,2210456,2023048,0,0,0,0,0,0,0,0,0,0,0,0,0,0,0,0,0,0,0,0,0,0,0,0,0,0,0,0,0,0,0,0,0,0,0,0,0,0,0,0,0,0,0,0,0
0.05,0.55,180,1538840,1619363,1657494,1834512,1924073,2003319,1945181,1959791,1994169,2066957,2080451,2146159,2063353,2087806,2061354,2149291,2148721,2060447,2130073,2158028,2177135,2179552,2165050,2150540,2256921,2142546,1994030,1994371,1984839,1942095,1990175,2010119,1981717,1974382,2100091,2006418,1970244,1965427,1889505,1867555,1909274,2078338,2072933,2001170,2068450,1921813,1852167,1987360,1962876,1933878,1966718,1926818,1954337,1999489,1877979,2053608,2080077,2077018,2083081,1991003,1995171,2070097,2013584,1945500,1995901,2022681,1979840,2088621,1971948,2006447,2004634,1977888,1900397,1915099,1979315,1917977,1958892,2015232,1925436,1897258,1964386,1978231,1929733,2076448,2061519,2063007,2105513,2262109,2231932,2168058,2050978,2054777,2040738,2204585,2189947,2189308,2229172,2326845,2419148,2344795,2323588,2253912,2271242,2259704,2412079,2410814,2498442,2110718,1906757
0.1,0.55,180,1509361,1618243,1645481,1670481,1767268,1847203,1911228,1990703,2072370,2088838,2049609,2155669,2126070,2223504,2097837,2145671,2147191,2195047,2105839,2208912,2118131,2158401,2066164,2089689,2115531,2119040,2239279,2339829,2247086,2252070,2271788,2299937,2234552,2208038,2184850,2191091,2091748,2116394,2116618,2107936,2045594,2122968,2134901,2159869,2080241,2066571,2033849,1903928,1985338,2046006,2043550,1977671,1991406,1970860,1954663,1916448,1990998,1965357,2028437,2010970,2072231,1990520,2015991,2116112,2172385,2132374,2124101,2112437,2064883,1993402,1968030,1977686,1854100,1873420,1933483,1882257,1982893,1924331,1873214,1838225,1968804,1962600,1969251,1980770,2028664,1994245,2029977,2024637,2045037,2118245,2091891,2116261,2109251,2174003,2222480,2162692,2241648,2297670,2278066,2317581,2363397,2392855,2302998,2470528,2454433,2470266,2466101,2414808,2136975
0.15,0.55,180,1615205,1691726,1683356,1716012,1819155,1791461,1886342,1987388,2088661,2082318,2079981,2152962,2109617,2215152,2213099,2189011,2114294,2173068,2220518,2160112,2117356,2146569,2143999,2139053,2104598,2067593,2091996,2076727,2098701,1984454,2028937,2063272,2036345,2074090,2022170,2073183,2053610,2130680,2085367,2068819,1970548,2051090,2066986,1991969,1919414,1978565,2077967,2014543,2016468,2004028,1980060,1920930,1907685,1975420,1969426,1956232,1918820,2013716,2047792,2076546,2008183,2116063,2113254,2097079,2060117,2037794,2006219,2025703,1926963,1898507,1874448,1908788,1941079,1943427,1855079,1841392,1857351,1916389,1911184,1986333,1963562,2002458,1988516,1991415,2016088,2014142,1973029,1969486,1934604,2017911,1974564,1953256,2003038,1992410,2128226,2110691,2218162,2191669,2210841,2174048,2242767,2264563,2220370,2254489,2245621,2401690,2423027,2399586,2092571
0.2,0.55,180,1599766,1647799,1655196,1744087,1733892,1810412,1892142,1900805,1941508,2033192,2103471,2060869,2116860,2145140,2213636,2126676,2177678,2109479,2151397,2187638,2113778,2121969,2041790,2079286,2092755,2094027,2100901,2097282,2097252,2168204,2101773,2024611,2098081,2070789,2063301,2009561,2040124,2077094,1995839,2004835,2042906,2022737,2063396,2037740,1987900,1995977,2066001,2286991,2301491,2314543,2103312,2144043,2131538,1966670,2011032,1984065,1955322,2082516,1941223,1978556,1937681,1965164,2046760,1929654,1942333,1949103,1993290,1887029,1984048,1920396,1927448,1943192,1899724,1865952,1913994,1937542,2046251,2115478,2072076,2071212,2036869,2047309,2061393,2000555,1935424,1965620,1950943,1897445,1975674,1920178,2056918,2111284,2121541,2189447,2193288,2076513,2209689,2120062,2206747,2257444,2173641,2404302,2338177,2370559,2410016,2513047,2467005,2594738,2407422
0.25,0.55,180,1560634,1583496,1619557,1657520,1684154,1763083,1829317,1799578,1877710,1919755,1967592,1915040,2064354,1980644,2016172,2063163,2152122,2135238,2194901,2062728,2112883,2202654,2226830,2163030,2126222,2122476,2087937,2075520,2038112,2046784,1976499,2004439,1987535,2030150,2013928,1967560,1926020,1872082,1958249,1937315,1918668,1890496,1907170,1920142,1860619,1983615,1967490,1867195,1922693,1887564,1955397,1865584,1977869,1949776,1853954,1938106,1883594,1856508,1899252,1903641,1823357,1921032,1934866,1957818,1957317,1909578,1883301,1886341,1898695,1855104,1888267,1867123,1852168,1902532,1902323,1909443,1908128,1931413,1866293,1853875,1855602,1929290,1869222,1916185,2016433,1953423,1962484,1997534,2021094,2032554,2066069,2052842,2041385,2014638,2051549,2100674,2067023,2180983,2143957,2084383,2138196,2113818,2143808,2246134,2170256,2259259,2248519,2322944,2023910
0.3,0.55,180,1551254,1571977,1617471,1596975,1727296,1789563,1827099,1903765,1926863,2025136,1992814,2056735,2009760,2029066,2062763,2158493,2089478,2215720,2062391,2093121,2150030,2141332,2125045,2060206,2047693,2007293,2130612,2076360,2059569,2053158,2022207,2048366,1991089,2015273,2053780,1996198,1944739,1958995,1998402,2003022,2065318,1960883,1975083,2062069,1995308,1965721,1980550,2007249,1991313,1949159,1994316,2016220,2019480,1973990,1979358,1997747,2042587,1996324,1997968,1922086,1967133,2042414,1923968,1992861,1919538,1961406,1979155,1929459,2012190,1932370,1931349,1883518,1918328,1832010,1871658,1889375,1855745,1812140,1868592,1827433,1874938,1867748,1920667,1835418,1876683,1898600,1931477,1989205,1954487,1995590,2013889,1949982,2003154,1981188,2101752,2165254,2183588,2180132,2207501,2274102,2276754,2212129,2186666,2272078,2245215,2221762,2411762,2349661,1886594
0.35,0.55,180,1539605,1597214,1568842,1648498,1684691,1740363,1761582,1829832,1921298,1944368,1991834,2035611,2026742,1958479,2070032,2069398,2014695,2106223,2091793,2087596,2172158,2087395,2094190,1969150,2074343,2016812,2017077,2039147,2024427,2094659,2116996,2054453,2054129,1974465,2033924,1999268,2060545,2018750,1963834,2057453,1961592,1922434,2000872,1964662,1947303,1993833,1980113,1935604,1973815,1883227,1988942,1970836,2045749,1962301,2037678,1959578,1997795,2069247,1907180,1939344,1998332,1924729,1989885,1935335,1989662,1936894,1930765,1945967,1910265,1884643,1905364,1949270,1912579,2040718,2076411,1951023,2003538,1953849,1945809,1991161,1957435,1911255,1940026,1938888,1886099,1927495,1973213,1953575,1942705,2004067,1962979,2054078,2035925,2039339,2071858,2110911,2144291,2050938,2233493,2175368,2186025,2229828,2210771,2234752,2300488,2338165,2405305,2328432,2262076
0.4,0.55,180,1535535,1708257,1669063,1723420,1763058,1807924,1876922,1876236,1925724,1900856,1926067,1896728,1982196,2027352,1962054,2014674,2040412,2036059,1992087,2057257,2032368,2004312,1994653,2049899,2086021,1959983,2022038,2047215,1984668,2060777,1921503,1998117,1904433,1939935,2050188,1994090,2038585,1957363,1956960,1996879,2021632,1971461,1986973,2005991,1958078,2023042,2021196,1981825,1939556,1936287,1909378,2005596,2040001,2060318,2115415,2030574,1983675,2000380,2000744,1951902,1886284,1931907,1907585,2042381,2054675,2080812,2029224,2037923,2063288,2008080,2060321,2055888,1984031,1940997,2012489,1940566,1940060,1938474,2063093,2018527,2041392,2009752,2025912,1968663,2104181,2136440,2064868,2161604,2114398,2188417,2229413,2253506,2167994,2220595,2251069,2279992,2300020,2210772,2268106,2297648,2303108,2357483,2407890,2366329,2473305,2472908,2507531,2443426,2119798
0.45,0.55,180,1582986,1589772,1705761,1724249,1700690,1795804,1866284,1874949,1897743,1934923,1973994,1928916,1997799,1998419,2077744,2139635,2108933,2019968,2100311,1972176,2077280,2058630,2076557,2052586,2125398,2022460,1998880,2029542,1941711,2038164,2031907,2011274,1964186,1922430,1929089,1990498,1940808,1948523,1946254,1944734,1940514,1955347,1928668,1934823,2014033,2010093,2077750,2105826,2083080,2164984,2109647,2118766,2100651,2018571,1963228,2000956,1997269,1947862,2046199,2000151,1978180,2094328,2027794,2055187,1964491,2066810,2029243,2047500,2009614,2065447,1978128,1954307,1949379,2011776,1948073,1990030,1953562,1986657,1918316,2053657,2002323,1992651,2044724,2095860,2065375,2077171,2085797,2064043,2089333,2237984,2197286,2219566,2260973,2285221,2286796,2417679,2358834,2335749,2521702,2448817,2484395,2474617,2570215,2586706,2763703,2757310,2636424,2660537,2238848
0.5,0.55,180,1566141,1622240,1709253,1729278,1815402,1844053,1895621,1897271,1964172,1977720,2066889,2090633,2084839,2112641,2062051,2062260,2055487,2082096,2126397,2098769,2078931,2114612,2073271,2074195,2122442,2070309,2133768,2157884,2078251,2140524,2156559,2105572,2147638,2120472,2082676,2088203,2079198,2059828,2048099,2065993,2093837,2078616,2101187,2194851,2065833,2062049,2039369,2179708,2137645,2127093,2149529,2195555,2134127,2119226,2104885,2142420,2037597,2087372,2107379,2045865,2069599,2015485,1987157,2063166,2088046,2010153,1945041,2059558,2041775,2132218,2197440,2165892,2242868,2188569,2165526,2336602,2359650,2422491,2447485,2325042,2293065,2261998,2351595,2408981,2408498,2481305,2411595,2450199,2304959,2381114,2373961,2401297,2419046,2478572,2568983,2696588,2701642,2766548,2736738,2898198,2873331,2996812,2932707,2932354,2974837,2973351,3020350,2995068,2825091
1.1,0.55,180,1704087,1722445,1772535,1806324,1842505,1895486,2043760,2051329,2039726,1976418,2145718,2224846,2252070,2228181,2253337,2148916,2162502,2136950,2246394,2161604,2217388,2105376,2156164,2216426,2233417,2235875,2198052,2165161,2116714,2125769,2184899,2018979,2160712,2232585,2165796,2126551,2078835,2103568,2250402,2302631,2146043,2172543,2193595,2169412,2209190,2211922,2137812,2353263,2495102,2512577,2480048,2445101,2360569,2413695,2475014,2351062,2350380,2293766,2321583,2434639,2559102,2511860,2546612,2608375,2652238,2528332,2476496,2497229,2382162,2265234,2302204,2345350,2442023,2469118,2482904,2489793,2472117,2268686,2340156,2353239,2430678,2481983,2575942,2513159,2511956,2318272,2413372,2421177,2509854,2401861,2515260,2570623,2636579,2505985,2465010,2391225,2391451,2248319,2240535,2267272,2313776,2506889,2536462,2437465,2515703,2624726,2691708,2649840,2312153
1.15,0.55,180,1714656,1685727,1758221,1906554,1910734,1990484,2109955,2068149,2218100,2164712,2198655,2175232,2220751,2143892,2214278,2180632,2183623,2314169,2141550,2183532,2256837,2132038,2171395,2142018,2112976,2162493,2180391,2133869,2154659,2028396,2192544,2084886,2110377,2129588,2174865,2135352,2125166,2203174,2231063,2140029,2101264,2111080,1986687,2096014,2027468,2029483,2092204,2169151,2025598,2044243,1970161,1980945,2015589,2011093,1985334,2002590,2072248,2076905,2079818,2054706,1993978,1972665,1906600,1977844,1969090,1970725,1933586,1904406,1982056,2096655,2055597,2145883,1988972,2042253,1974127,2043762,2046041,2022694,2060710,1952149,2047622,2041733,2106725,2145551,2190162,2216001,2190173,2151609,2208599,2221061,2120987,2173809,2199011,2261594,2248399,2274224,2225491,2311217,2435459,2506566,2526126,2538163,2644572,2510905,2474178,2545515,2568562,2567154,2275405
1.2,0.55,180,1712392,1688846,1749582,1836988,1878864,1970066,1919490,2072811,2109230,2082696,2155565,2235015,2230015,2184233,2183937,2148725,2245243,2222316,2206114,2212846,2267210,2181465,2200525,2081513,2144646,2125836,2163885,2090021,2258957,2072579,2059517,2194184,2085907,2146395,2095850,2156667,2040063,2027538,1971777,2036054,2013888,1891366,2001713,2054765,2042502,1891323,1942598,1980456,1982116,1970320,1977282,1958763,1931960,1891334,1887838,1909312,2007294,2012780,1951938,2078052,2056892,2065101,2104266,2084814,2089974,2129195,2081033,2086255,2060767,2059762,2159709,2151711,2113115,2108600,2059999,2193536,2112645,2159063,2272271,2130895,2170937,2088639,2098668,2234933,2216512,2199955,2287729,2195577,2124651,2143666,2186636,2187409,2161940,2157170,2276556,2282337,2248504,2309884,2419800,2434899,2482756,2541780,2438422,2514776,2532816,2573377,2808965,2460411,2195241
1.25,0.55,180,1709369,1702759,1747764,1798196,1950985,1882202,1883619,2001619,2014348,1969396,2025247,2051654,2081968,2137156,2160962,2203815,2118906,2094160,2114089,2105924,2173779,2136041,2159399,2202786,2190788,2142131,2112404,2196184,2087386,2069716,2133089,2183745,2037499,2127256,2096505,2120364,2142628,2060342,2073611,2057999,2091213,2063865,2025787,2077670,2037527,1961720,2086244,2032995,2096014,1965590,2054548,2034684,1952510,2028967,1971476,1992761,2038077,2084037,2046862,2076053,2176668,2200200,2165960,2201523,2113072,2172057,2202114,2131353,2087874,2120130,2133870,2114724,2067399,2029289,2054036,2064333,2084554,2087143,2095906,2104709,2201128,2218646,2170274,2203087,2217791,2137385,2224560,2191321,2283328,2182956,2195852,2190237,2268443,2248655,2233104,2361870,2243717,2267422,2351887,2377502,2420998,2420518,2487800,2476670,2459640,2436698,2507360,2580371,2319007
1.3,0.55,180,1666981,1678583,1764825,1730057,1764012,1789698,1870363,1886618,1917901,2031709,1970017,1990958,2048299,2123959,2138314,2110391,2134108,2076514,2127586,2138810,2100948,2118129,2198778,2176204,2095700,2053439,2057226,2152984,2084939,2093403,2018927,2024308,1971352,1995352,2052823,1908271,2019780,1964772,2005634,2092705,2052668,1956980,1988109,2095902,2059863,2007696,2108202,2030306,1984738,1887661,2002811,1946654,2002092,1978611,2113524,2020047,1968964,1971564,1976791,2026913,1951474,2025386,1973041,1989044,2029076,1982125,2001909,1961733,2006282,1983992,2034890,1946488,1977958,1971563,1938062,1886486,1921727,1932490,1930461,1922899,1967832,1970716,2025158,1997165,2065709,2101230,1991167,2062977,2091271,2062581,2127396,2089170,2064343,2072861,2126251,2261630,2236116,2222817,2283613,2287071,2254754,2192722,2297422,2311114,2305883,2274031,2362819,2297444,2007107
1.8,0.55,180,1741795,1776700,1828490,1916063,1907498,1984191,2193036,2131386,2282420,2315298,2306165,2473214,2349445,2305344,2347224,2302528,2255899,2135204,2224085,2240074,2341980,2178803,2343981,2177209,2157283,2175322,2162664,2129686,2145601,2189877,2090587,2133542,2185403,2155876,2062905,1990629,2022534,2037131,2202397,2061811,1967919,1996400,1939760,1997895,2064340,2037284,2009198,1927775,2006507,2033595,1951244,2047092,1850921,2003444,1907615,1911180,1952671,1865424,2045492,2032149,2069447,2038125,1995454,2028596,1888142,1827883,1876984,1943139,1983499,1993021,2037887,2059501,2190392,2027735,1950351,2013370,1996237,2021487,2015745,2120346,2163972,2083264,2135069,2291624,2496585,2443486,2391297,2345123,2224920,2218878,2115069,2143412,2065339,2177884,2268695,2355058,2364869,2493315,2589181,2566651,2638047,2592728,2649348,2806569,2700885,2649542,2653372,2637662,2421033
1.85,0.55,180,1693133,1726009,1720129,1799337,1884554,1918139,2055051,1979453,1995491,2090179,2133336,2177270,2132637,2091088,2265541,2185856,2163012,2120702,2295982,2137948,2208947,2217220,2110362,2178620,2230846,2108621,2068326,2075770,2144144,2086748,2180394,2112016,2115698,2141324,2085792,2176900,2074020,2096649,2094994,2057407,2042735,2071404,2037599,2054209,2165793,2113706,2145824,2150602,2233055,2216092,2180673,2173365,2223449,2232357,2247968,2193769,2227472,2329170,2266072,2275621,2204196,2358521,2593176,2507907,2378583,2386485,2429614,2388033,2313100,2253900,2384514,2295035,2304167,2408965,2332612,2364751,2204790,2321453,2163858,2096948,2149595,2141122,2137429,2211885,2270980,2264520,2279623,2279078,2286071,2396355,2452491,2473879,2362738,2425064,2437990,2645436,2789429,2585466,2659069,2684783,2657011,2622686,2678618,2609157,2616620,2648970,2663514,2460647,2232655
1.9,0.55,180,1650169,1673808,1779304,1814524,1815843,1916418,1918500,1896712,1957678,2089185,2134027,2094205,2155041,2192955,2242481,2255642,2165995,2329222,2207104,2253317,2198423,2124065,2230564,2230607,2206455,2206752,2215866,2173572,2118569,2074383,2091357,2160319,2134753,2143659,2099617,2171225,2116740,2087064,2089171,2107847,2066441,2052764,2115392,2146522,2093107,1964462,2117377,1993598,2099782,2079365,2071386,2075229,2025003,2124730,2126930,2129663,2067879,2033306,2137011,2088387,2145694,2136102,2193493,2163937,2187984,2258390,2269270,2205407,2243765,2241624,2328730,2202048,2192342,2134757,2181977,2210977,2179976,2166894,2272976,2153760,2206775,2244978,2306234,2284594,2205216,2300842,2343335,2388687,2467497,2379275,2395363,2408162,2468175,2457706,2523013,2488743,2570440,2534736,2488634,2581597,2700734,2618874,2654101,2648693,2776083,2857601,2821637,2587310,2447768
2.15,0.55,180,1792050,1780789,1791840,1918183,1969269,1977317,2071506,2021659,2054626,2060810,2144935,2114398,2215737,2271090,2222264,2250893,2180661,2256305,2209724,2098007,2165195,2098881,2202348,2162415,2207151,2166612,2126413,2207621,2150302,2158981,2143608,2240583,2188175,2204177,2190026,2268934,2238328,2286638,2279825,2234643,2242028,2246635,2250645,2335026,2240874,2331028,2377763,2324115,2369580,2471843,2410098,2351284,2434909,2370771,2394008,2333532,2428787,2315346,2289498,2358812,2274224,2321966,2392549,2395590,2246614,2197042,2312826,2380763,2278378,2281479,2236012,2190711,2105035,2113038,2136875,2140493,2214247,2242807,2319973,2351432,2357737,2222060,2179503,2127679,2085819,2096193,2184290,2179663,2169231,2162961,2177273,2198307,2123312,2172533,2189716,2188489,2279617,2265590,2408936,2332995,2323507,2201580,2405729,2281957,2369037,2385602,2210368,2130549,1946024
2.2,0.55,180,1843912,1925293,1989064,2006785,2034452,2056042,2122133,2123065,2232160,2212275,2170769,2123161,2164166,2209125,2246971,2243017,2319799,2277220,2342059,2183154,2164496,2202595,2169894,2264864,2296524,2355979,2238598,2296803,2293968,2342653,2284705,2221917,2297928,2236058,2181226,2200295,2150199,2123289,2163337,2207729,2165175,2181120,2119109,2225977,2187223,2208715,2213415,2113130,2147884,2131917,2121422,2084545,2277374,2247855,2215931,2176537,2310481,2159563,2175303,2272191,2214341,2182163,2179095,2166474,2139419,2129606,2188309,2296833,2231466,2326471,2358706,2328212,2257379,2227786,2200851,2168914,2272589,2293080,2259957,2224313,2258475,2149394,2052952,2110303,2120543,2037184,2137416,2178429,2157897,2124678,2211249,2293928,2280887,2297501,2354752,2461592,2441507,2506974,2552841,2657729,2642125,2706788,2677207,2788141,2845648,2909349,2762090,2411417,2311680
2.25,0.55,180,1716808,1772803,1857817,1913860,1947295,2045736,2025208,2071544,2056934,2132148,2117526,2182587,2062213,2138751,2118277,2120834,2158050,2146235,2053159,2123420,2143390,2195925,2118053,2099617,2089775,2021913,2017868,2136089,2102779,2025651,2088853,2097559,2071827,2087770,2029946,2075657,2070977,2055600,2002182,2096541,2049728,1972324,1989156,1989828,1980932,2017304,1993539,1930473,2028724,2045166,2034606,2062796,2060177,2091703,2157488,2194022,2126937,2152036,2103305,2038014,2018930,2046971,2058027,2157105,2024238,2072780,2090970,2081302,2065869,2089841,2031914,2097595,2034237,2049843,2065167,2093239,2022077,2041554,2219805,2101238,2023571,2071515,2058655,2143218,2119029,2081614,2164417,2059488,2188547,2182771,2092569,2202471,2234609,2254500,2227387,2220267,2245893,2374944,2396857,2358188,2427881,2440297,2379734,2428652,2546393,2540439,2299423,2127688,1978868
2.3,0.55,180,1684021,1777331,1837801,1844662,1870011,1802458,1911649,1982673,1863484,1913919,1971889,1903340,1886863,1940427,2031164,1972067,2035422,1985339,2044256,1947964,1955068,2033298,1993461,1973691,1962966,1981705,1902884,1929804,1967374,1993514,2007055,1969470,1968268,1990745,1983557,1930544,2029758,1854477,1927274,1937964,1932618,1945708,1921122,1918394,1925027,1939347,1868877,1878772,1902904,1899001,1911831,1889058,1912037,1923325,1951269,1838254,1951019,1936585,1970434,1966159,1914036,1944878,1891382,1895916,1940123,1982000,1861274,1993760,2007406,1913588,1927138,1954689,1995520,2048700,2096265,1999592,1930434,1978212,2021500,1961788,1992259,1930085,1982328,2003505,2046297,2038759,2042846,2114019,2152632,2174695,2186292,2256042,2283323,2305014,2307896,2235371,2204666,2201501,2242471,2275562,2290258,2311517,2432496,2515780,2456431,2522934,2150057,1938733,1929731
2.35,0.55,180,1734034,1788531,1822412,1814253,1897120,1931630,1823713,1918010,1997521,2047391,2050152,2011889,2049936,2016736,2148658,2097415,2037026,2125197,2032469,2043866,2088054,2057120,2095561,2014682,2082478,2076645,2026753,1972926,2059508,1957465,1939244,1958896,1980340,1886695,2006434,2004438,2006923,1887618,1895173,1966635,1896059,1924506,1940428,1936832,1968184,1949752,2025162,1983748,1952722,1911163,1940958,2119410,2002506,1946488,2007137,2011240,1935994,1957954,1949441,1901073,1813290,1857181,1805743,1952298,1980657,2017251,2029828,2034842,1994242,2083642,1996195,1889588,1941879,1972300,1985396,1949755,2001458,1940834,1910380,2032485,1919798,1913633,1910055,1824214,1796078,1889481,1922143,1957099,1921845,1993427,2037610,2060595,2049923,2116714,2168534,2224344,2119281,2213441,2264435,2263084,2341103,2250442,2237358,2361426,2347467,2302673,2163914,2005020,1808709
2.4,0.55,180,1725909,1830791,1855556,1831251,1885238,1879289,1990069,1972094,2017475,2051937,2112280,2077146,2163472,2042628,2071007,2030368,2071615,2041735,2070990,2032870,2040035,1955881,1984886,2019968,1906013,1975880,1993795,2046048,1986150,1944166,1947516,1960461,1943311,1938351,1991208,2027753,1979822,1983159,1918441,1932978,1853031,1819821,1838801,1863267,1887888,1920427,1908791,1958896,1919232,1921826,1979584,1879204,1952963,1908119,1877167,1820888,1823104,1768833,1808759,1867804,1845835,1856554,1795987,1878799,1807273,1833851,1878401,1890678,1868199,1849343,1838566,1873357,1939325,1922791,1892082,1912878,1896460,1879153,1860155,1919794,1888834,1876889,1867594,1831226,1851704,1826059,1839672,1820834,1881713,1948953,1881727,1956963,1938705,1972118,1977646,1979984,2044139,2134858,2056425,2111928,2103706,2137797,2277054,2177504,2206837,2248753,1999494,1876245,1720117
2.45,0.55,180,1729772,1786004,1861339,1859529,1917416,1891115,2022074,1988307,2046721,1968026,2067019,2078317,2093981,1949221,2060064,1930551,1977435,2024879,2025276,1991196,2024731,1969833,1930429,2057592,2028465,2031565,1972107,1957868,1959345,1924070,1924804,1929053,1905119,1893988,1837986,1837970,1829251,1877933,1797959,1776297,1856826,1845746,1827567,1822228,1884984,1899208,1812689,1911621,1906404,1875797,1880178,1919357,1861778,1929993,1787665,1826536,1905753,1841551,1855404,1902745,1806225,1906066,1869481,1859906,1833753,1829274,1912829,1818428,1849398,1850964,1790757,1826245,1842726,1913931,1807768,1751556,1866759,1877817,1822057,1894843,1848804,1866056,1951756,1876881,1869981,1913651,1959636,1902152,1924480,1946737,1947079,1958499,2032111,2042460,1985388,2063318,2029468,2072588,2161731,2015800,2176010,2037479,2122259,2123453,2153474,2240823,1865111,1694773,1752925
2.5,0.55,180,1672907,1785076,1720251,1775580,1827866,1955863,1982512,1936141,1890573,1973582,2017916,1995299,1940663,1972581,1921162,1908721,1975313,1994393,1920079,1969817,1969343,1938478,1916158,1930030,1904948,1919712,1875938,1887590,1935121,1861814,1935499,1941026,1844370,1835016,1818281,1837324,1901545,1917455,1844323,1803492,1826109,1853521,1780859,1881646,1915068,1812139,1895250,1890835,1893597,1925333,1932056,1937132,1861094,1926231,1884953,1966221,1941294,1964906,1869257,1830570,1855036,1879358,1838662,1897075,1826984,1919693,1879453,1857163,1957475,1899054,1854805,1868457,1900990,1980115,1983561,1937707,1978309,1926985,1931046,1861500,1888089,1926360,1991393,1931846,1901884,1953681,2017525,2012552,1947565,2087739,2012513,2050238,2061394,2064442,2081559,2116705,2128770,2155046,2183501,2279794,2320840,2285434,2309076,2418456,2446553,2486367,2472881,2087980,1937874
2.55,0.55,180,1714239,1784347,1873676,1869742,1915865,1960970,2000010,2019414,2062149,2140939,2108555,2145843,2150707,2120760,2111187,2144116,2075330,2171062,2127254,2115389,2086443,2119076,2014715,2024567,2101704,2066621,2047109,2069124,2012516,2041878,1965053,2078999,1960563,1940851,2017838,1966137,1898371,2017127,1906245,1937206,1976517,1962551,1916879,1904690,1943253,1905372,1905367,1919069,1854321,1922417,1787486,1814259,1909089,1823434,1861948,1896314,1855491,1898509,1906211,1951921,2000010,1914714,2080184,2076404,2155478,1984679,2079150,1977524,1971742,1947764,1907355,1965237,1893122,1957990,2006887,2011516,2064302,2037369,2030023,2112472,2036246,2021429,2040275,2107258,2007661,2076730,2093722,2057730,2050723,2029535,2028501,2112302,2142795,2130845,2146233,2105917,2169707,2215419,2182334,2241205,2212340,2289653,2241066,2196316,2363150,2458723,2287495,1888558,1830415
2.6,0.55,180,1706943,1726821,1862390,1864459,1906946,2023555,1979256,1993721,1992939,2054262,2039902,2028601,2011904,1993027,1984302,2065884,2089902,2088286,1933301,2034660,2113553,2074530,2061824,2009586,2122870,2086358,2061803,2045733,1984927,1990879,2029974,2009953,2037830,1988394,1998329,1956573,2057279,1993154,2034472,2063960,2000268,1993007,2112991,2007495,1999221,1978077,2037696,2018352,1991247,1956354,2021756,1996237,1953422,1891641,2019745,1942196,1971067,1957585,2033896,1941895,1936450,1986945,2013733,2055077,1981916,1898082,1975393,2007866,1939936,1924092,1959309,1934185,1954277,1960222,1927423,1883007,1942591,1904102,1958516,1934582,1945744,1938654,1918724,2013779,2023171,2035545,2082062,2110736,2127057,2187152,2114307,2169398,2196452,2180689,2177299,2303742,2331357,2354058,2345985,2440672,2428327,2482080,2578675,2674521,2547833,2732693,2386441,1959870,1865439
2.65,0.55,180,1635631,1624113,1766060,1962373,1971021,2003189,2091633,2021568,2168761,2164465,2135704,2236193,2176675,2249691,2289864,2259222,2234133,2187306,2214660,2162367,2187471,2139218,2093984,2059339,2069505,2098836,2101745,2009364,2066961,2100909,2041808,2028229,1981809,2063124,2115841,2005120,2086281,2095756,2031610,2019715,2071032,2053941,1983088,2040689,2125896,2047620,2005077,2022365,2068206,2055854,2055563,2149544,2030790,2074588,2033754,2079541,2039322,2010915,2059132,2069136,2087172,2060241,2047929,2112064,2138085,2105396,2099374,2016234,2070656,1980837,1947100,2030819,1970222,1973358,1970674,1976017,2000514,1980253,2079140,2042340,2137793,2130423,2118471,2182126,2202995,2216975,2247073,2214081,2105411,2136400,2237795,2233310,2148543,2344453,2407422,2325661,2482093,2336794,2489745,2508017,2589299,2481765,2537804,2598348,2725471,2810107,2890586,2335074,2153091
2.7,0.55,180,1631951,1762895,1782197,1906972,1982119,2029901,2114244,2089667,2234385,2221302,2288474,2254614,2226426,2239325,2256466,2253451,2206666,2179062,2275756,2130251,2168630,2103739,2159574,2126129,2110742,2138452,2140326,2082035,2065163,2162622,2266510,2087185,2101743,2188629,2116610,2042387,2124754,2064570,2041401,2009247,2120926,2067483,2085589,2115294,2084882,2010913,2036573,1974579,2026136,1990247,1972747,1933394,1909778,1947074,2046783,2001669,1961609,2012425,1925992,2072205,2010109,2074898,1939154,1970415,2051575,2059307,2031136,2004744,1929116,1968245,2029535,2024503,2033209,1950417,2051447,2030559,2001537,2121610,2007082,2007869,2024044,2034945,2018336,2019564,2007979,2009708,2083234,2058276,2100629,2065700,2050587,2103165,2094847,2106526,2121580,2106386,2168571,2123870,2225591,2164106,2215201,2119414,2263851,2298491,2373779,2342495,2322647,1968935,1882645
2.75,0.55,180,1723003,1855801,1842817,1983466,1997237,2145100,2128884,2083629,2137547,2139223,2175661,2201783,2157267,2173202,2164147,2153347,2162200,2230850,2167299,2210657,2135718,2149268,2111848,2092305,2090541,2034878,2064832,2022553,2110239,2120277,2138563,2058843,2072186,2039518,2123037,2038135,2117231,2081806,2003420,2132672,2055384,2062444,1992582,1973535,2120322,2046145,1985452,1983799,1988215,2027620,1991885,1996425,2011005,2042058,2072022,2184566,2043444,1990970,2044147,2022686,2107974,2038765,2012641,2097618,1979621,2022500,2005426,2008946,2052934,1958154,1975804,2042205,1994936,2099379,2192194,2070405,2098828,2155363,2098395,2235074,2353545,2375548,2475729,2469814,2487440,2487348,2533285,2580317,2693040,2737122,2818423,2932623,2921172,2987188,3072515,3141406,3087120,3224563,3275146,3356370,3463587,3581640,3636355,3585357,3703267,3666616,3424965,3026585,2915412
2.8,0.55,180,1655877,1819576,1845737,1989879,2088615,2113638,2111514,2181332,2211878,2185026,2121902,2284896,2328991,2252080,2359635,2348915,2343416,2391876,2410466,2313677,2396970,2394918,2349306,2365382,2275172,2309924,2319076,2376369,2380806,2205752,2245577,2319024,2268212,2286394,2292220,2242722,2159228,2305068,2303837,2291756,2321981,2248645,2237380,2196110,2222971,2144362,2175543,2141327,2230544,2135455,2169197,2147334,2166511,2223883,2236807,2473293,2332118,2263500,2062188,2117941,2069638,2087907,2071677,2070930,2081266,2084060,2053622,2119918,2026942,2083492,2097986,2088275,2162074,2125398,2147047,2111933,2152386,2192079,2149493,2237619,2254426,2279178,2302646,2340764,2393447,2408801,2408022,2545399,2479236,2467327,2477264,2520310,2527607,2655380,2681588,2690862,2822529,2837984,2840081,2846042,2818003,2956609,2942121,3017060,3156465,3160251,3216165,2818765,2575915
2.85,0.55,180,1727868,1781415,1821524,1849401,2025402,2005746,2099866,2139311,2241574,2320358,2348192,2268567,2314580,2333461,2331359,2341894,2373102,2366453,2421636,2409563,2371228,2336374,2431059,2345472,2325783,2358500,2302798,2339561,2273181,2354066,2262070,2268175,2265567,2272235,2253901,2215623,2206999,2223690,2206746,2284825,2191151,2235532,2235469,2242089,2257593,2302181,2244355,2245725,2259287,2141627,2181243,2094814,2142077,2084376,2100066,2084347,2131068,2191141,2127037,2115145,2151212,2124958,2128743,2133996,2197540,2109630,2128803,2044475,2166927,2093025,2050355,2080150,2051982,2075516,2094990,2037993,2057752,2115552,2094126,2189131,2161921,2096122,2139020,2143211,2121888,2039103,2106466,2153003,2159911,2170161,2097753,2125613,2114067,2083665,2049646,2162839,2095958,2189543,2319721,2296215,2302633,2290441,2344238,2401429,2462584,2550050,2615514,2021713,1875281
2.9,0.55,180,1734612,1813581,1873001,1910181,1926224,1980744,2004593,2056203,2123276,2121606,2185106,2181352,2208862,2172995,2248361,2070623,2153747,2184227,2135347,2092859,2078906,2081889,2052913,2028962,1964192,2096425,2090603,2148264,2106573,2108099,2060530,2118598,2198961,2139860,2054710,2042541,2055914,2025367,2078742,2085923,2045863,1937552,2058482,2075321,1973000,2067423,2019792,2095873,2082549,1993950,1979695,2045760,2063023,2069154,2046604,1996973,2056453,2142978,1975278,2030311,1978160,2046654,1955965,1974794,2051912,1939902,1975029,2063279,1945796,2014138,2074918,1951944,1944101,2008446,1987395,2181941,2183207,2238247,2124160,2149119,2053032,2073640,2200915,2135121,2138007,2148951,2203377,2148619,2242268,2250764,2171923,2114409,2188902,2222136,2204936,2390281,2320555,2265651,2252342,2251985,2256101,2314616,2472878,2491817,2475013,2473556,2405247,2126455,2002342
2.95,0.55,180,1710050,1677268,1791294,1782176,1906597,1940937,1976014,2007595,2075107,2049508,2081850,2151289,2179232,2171693,2180482,2132318,2162778,2161786,2114797,2121199,2203018,2217522,2052571,2191841,2071865,2101364,2121648,2047529,2071987,2129465,2139141,2154459,2173881,2089012,2103390,2131990,2029060,2012660,2062299,2067620,1953825,2015417,2016797,2029532,2043933,1992281,1926246,2027684,2039620,1994927,2007325,2062382,2096605,1917050,1933688,1914495,1894711,1914510,1901078,1819237,1914455,1989950,1936527,1869143,1949481,1907754,1819841,1899369,1973508,1859341,1854398,1913385,1919035,1901043,1933410,1927297,1930918,1956177,1876895,1950230,1950374,1915716,2026638,1949892,2107293,2205022,2159497,2080545,2085857,2013842,2172057,2152850,2160803,2168620,2210852,2166371,2194945,2218730,2183880,2246795,2314373,2329448,2359613,2421789,2434817,2450681,2426284,2264619,2052376
3,0.55,180,1677413,1698425,1859096,1852950,1892803,2004903,2047878,2024665,2105558,2050194,2051307,2037042,2099470,2105934,2113703,2142208,2133698,2177187,2176038,2235115,2079705,2147951,2052787,2054106,1994346,2047222,2068587,2039934,2095276,2081882,1993828,2030189,1952775,1986543,1999418,2001107,2078900,2057212,2074164,1967924,2057575,1996700,2025420,1990681,2044128,2056382,1903600,2023308,2003373,1976681,1997150,1925052,2012827,1950559,1965486,1908044,1978047,1882064,1928353,1941011,1898624,1854872,1988671,1909525,1801220,1865866,1860030,1818264,1987680,1925187,1967626,1904102,2045777,2095086,2049279,2049567,2029222,2027012,2067933,2092820,2051576,2095552,2239932,2144583,2096792,2133800,2043642,2197258,2157637,2178109,2140274,2248828,2192639,2268805,2250181,2294001,2195412,2300618,2353661,2385728,2489105,2545737,2635708,2635681,2673645,2717492,2664237,2156690,1943056
3.05,0.55,180,1709160,1688766,1839250,1880744,1927901,1920100,2076520,1981515,2075843,2094896,2125854,2151021,2120818,1959501,2106962,2123586,2178048,2135877,2095845,2084930,2120422,2058573,2064999,2145106,2005215,2060245,2015054,2035563,1955119,2034994,1987277,1978821,1971655,2063102,1978590,1919013,1932072,1945947,1955873,1911194,1977933,1925630,1995658,1897728,2018378,1936330,1968136,1985197,1956394,1861327,1939424,1940753,1952465,1959443,1988434,1904836,1904311,1878523,1998082,1934034,2023467,1949297,1894850,1882697,1910331,1933091,1880051,1955996,1856001,1902412,1817085,1905679,1921290,1983178,1901525,1920518,1860525,1858323,1874277,1881322,1911477,1923465,1916876,1928271,1848046,1955016,1874345,1941178,2055764,1978921,2035461,2099399,2037626,2002718,2065627,2081208,2209531,2202152,2376120,2343246,2367240,2418216,2363692,2446767,2412177,2586009,2453697,1968850,1840664
3.1,0.55,180,1608185,1658409,1710268,1752674,1856661,1898168,1996893,2012144,1985732,2052920,1988775,2000427,1941787,2114669,2029957,2189160,2083152,2101640,2023787,2036055,2026293,2024307,2032262,2033931,2010721,2019222,1878924,1938160,1962252,1966086,2002748,1944850,2025117,1976892,2032160,1990961,2024183,1950587,1961053,1991490,1983413,1968255,1921746,1945806,1927277,1932370,1921498,1901512,1964211,1995211,1914180,1889877,1901247,1931524,1860151,1864816,1868687,1912289,1940585,1877105,1939443,1992418,1850013,1928299,1967189,2010163,1976131,1930005,1948339,1926098,1987066,1931015,1877776,1952929,1915600,1963891,1896005,1894783,1974624,1976106,1968773,1942537,2028026,2049269,2077711,2098924,2077828,2106209,2114043,2098943,2131150,2068042,1996778,2029587,2004115,2136254,2198149,2223104,2315359,2299780,2372731,2526435,2505842,2413817,2507597,2430022,2369766,2103354,1838076
3.15,0.55,180,1634214,1707155,1837110,1815793,1907589,1968613,1949780,2063663,2062241,2058231,2063832,2070246,2068241,2114411,2084017,2154846,2086275,2056955,1985984,2041312,2028211,2082908,2014859,2046326,1978165,2029568,1925850,1992778,1956539,1933798,1907970,1958947,1912330,1922161,1926813,1922682,1898145,1942212,1917378,1959873,1965964,1927391,1897659,1952151,1941786,2003612,1970215,2041266,1995359,2005749,2069013,1978276,2004609,1921399,1877437,1941706,1858425,1851960,1914161,1927015,1837442,1959063,2005232,1981335,1936310,1978418,1877477,1986799,1966155,2038426,1904488,1904779,1858687,1923968,1962797,1938898,1882261,1867911,1749752,1872839,1873375,1813686,1781268,1830039,1894898,1807784,1885297,1839905,1798667,1747464,1854744,1899533,1894348,2018619,2047989,2050760,2119861,2071582,2163234,2291804,2246143,2276504,2333165,2326281,2439152,2372236,2320022,2114606,1872490
3.2,0.55,180,1556215,1783242,1814164,1905304,1827008,1914791,1953219,1983730,1962979,1942660,2021575,2064636,2087239,2044792,2075904,2023642,2008801,2024331,2068554,2124786,2079880,2041165,2038736,2113306,2084257,2044989,2071474,2101706,2036732,1950164,2009260,1944317,1966851,2002924,1949421,2054458,2026771,1996995,2003771,2071323,2051967,1946736,2050757,2033304,2083117,2005657,2001543,2055217,2078357,2066695,2109539,2029010,2068200,2016484,1985019,2062719,2091764,2048174,2091407,2051993,2104903,2017988,1980003,1909518,2019893,1999424,1930776,1978283,1989105,1898084,1949934,1885781,2023113,2104055,2081966,2054547,2025902,2102910,2071258,2019588,2102203,2065173,2099215,2164302,2159478,2146271,2167604,2205971,2186267,2177377,2288921,2242552,2197198,2268700,2309370,2245877,2265778,2348934,2462935,2483406,2593309,2500270,2594197,2567982,2645064,2640215,2630820,2031083,1960346
3.25,0.55,180,1645433,1751103,1864952,1899702,1896926,1974452,2092750,2062291,2118259,2111948,2108825,2185472,2191551,2180212,2205500,2256314,2088137,2151306,2213789,2284470,2191919,2230616,2225168,2230090,2147060,2169693,2155013,2138052,2134818,2110675,2144014,2167389,2099824,2186356,2144117,2129619,2120130,2148739,2138233,2136123,2141306,2095797,2142587,2180733,2156773,2167661,2174306,2178100,2122623,2173532,2210642,2169285,2134267,2218429,2094784,2194817,2216453,2182653,2212594,2139348,2161328,2081676,2122110,2052582,2171406,2172412,2155030,2088295,2076404,2060317,2081429,2016465,2080815,2060919,2125267,2120094,2253749,2262170,2191693,2153208,2165881,2124374,2207779,2125933,2148234,2067775,2178195,2187491,2181179,2119369,2114233,2231210,2229823,2210389,2152711,2207890,2372051,2331650,2403059,2313632,2312328,2411812,2360318,2436508,2561735,2595126,2566057,2474650,2030094
3.3,0.55,180,1557939,1726265,1701725,1743638,1958838,1921804,2015615,2054036,2079774,2226185,2135245,2129256,2159021,2123120,2191436,2197668,2119102,2158918,2219753,2189276,2148343,2110600,2193046,2115790,2192725,2191690,2106892,2096194,2119039,2155064,2173142,2173632,2129804,2104050,2076030,2159113,2116111,2215162,2132776,2153837,2244594,2293786,2180460,2277298,2328393,2192515,2294755,2221640,2116555,2228720,2100145,2137034,2177315,2134764,2194505,2127985,2116569,2157950,2237645,2098712,2125780,2084028,2111609,2111932,2035996,2049392,2025450,2059029,2052960,2094208,2107562,2051270,2137560,2177044,2141329,2122031,2152822,2162282,2095399,2232995,2222353,2213724,2297319,2325944,2226866,2209253,2262613,2294660,2183857,2303732,2276777,2352142,2462120,2406188,2399209,2511111,2576734,2489989,2612028,2592570,2484871,2552436,2683435,2666215,2721385,2681624,2668975,2423721,2046192
3.35,0.55,180,1625858,1832116,1899164,1929640,2040593,2068417,2108672,2145576,2191717,2249024,2267970,2179022,2266122,2366620,2404634,2313922,2344754,2371231,2461578,2348103,2368289,2360660,2395711,2360860,2374910,2382458,2310851,2372816,2294532,2301570,2272198,2304871,2357284,2283503,2339215,2277613,2249703,2253564,2269224,2309945,2324882,2275536,2282665,2176186,2230311,2236360,2228616,2164309,2301345,2238376,2285471,2183669,2242982,2173114,2314466,2182096,2132662,2173355,2192545,2167553,2155740,2227121,2093954,2170132,2264543,2240178,2348405,2443081,2448138,2501725,2501177,2454142,2462257,2359830,2479911,2369117,2353784,2423041,2367919,2482318,2410106,2494729,2546025,2457199,2398816,2350948,2524816,2365875,2367856,2330322,2358978,2429951,2376702,2397280,2391075,2402026,2437465,2478524,2386701,2484954,2589616,2632157,2441187,2347380,2450038,2475954,2564923,2176355,1972122
3.4,0.55,180,1665566,1717828,1795021,1920798,1899146,1955717,2021986,2009194,2060079,2090552,2082035,2189967,2165559,2250494,2226430,2201580,2218337,2206646,2234437,2265597,2356288,2243110,2240024,2313675,2330371,2237788,2274066,2205486,2257130,2186896,2305524,2314891,2255189,2278289,2223977,2309477,2218922,2175102,2180410,2292152,2255876,2346907,2299123,2283130,2322619,2250663,2226557,2299683,2224734,2225426,2197476,2248777,2228538,2299810,2187454,2262727,2148531,2184697,2196035,2222173,2296978,2317570,2104413,0,0,0,0,0,0,0,0,0,0,0,0,0,0,0,0,0,0,0,0,0,0,0,0,0,0,0,0,0,0,0,0,0,0,0,0,0,0,0,0,0,0,0,0,0,0
0.05,0.6,180,1667562,1733181,1889450,1866393,1843684,1963758,2058829,2149864,2180680,2184706,2166378,2145031,2162814,2150616,2116027,2186284,2243564,2333911,2223728,2295896,2220233,2209273,2114974,2138639,2133594,2087663,2061417,1978616,1915379,1937098,1978923,1900998,2011362,2005305,1960168,1976656,1945292,1863639,1973733,1945905,2036562,2048058,1966581,1940942,2041928,1905082,2062631,2048598,2009773,2032097,2009035,2033328,2186833,2310186,2334994,2207037,2207804,2099050,2143563,2049766,1980511,1937619,1943595,1922149,1913981,2065383,1994196,1939719,1972009,1972585,2105087,2040385,1934147,1965984,1936366,1923267,1921362,1872298,1886936,1881143,1893577,1981076,2036699,1934568,1964862,1915474,1919439,2063908,2204285,2221241,2247842,2126443,2139381,2157251,2081303,2227572,2217281,2244673,2257701,2371391,2412087,2376173,2405827,2440849,2477669,2596012,2418589,2078873,1968675
0.1,0.6,180,1651493,1695970,1778212,1739603,1838642,1936446,1934839,2104268,2150031,2215658,2241438,2217934,2183376,2199553,2221068,2242110,2235442,2174644,2156641,2192880,2162126,2161374,2132667,2113065,2090010,2134349,2168966,2074575,2138603,2072919,2108476,2101482,2126200,2112935,2118996,2107146,2038841,2094817,2127159,2034313,2022274,2198414,2128736,2107778,2156370,2129193,2079282,2202368,2174946,2172130,2159590,2157879,2193532,2174470,2067877,2063016,2102691,2106160,2097198,2086799,2087834,2033219,2111452,2001776,2114844,2170257,2121752,2037679,2076566,2106901,2087029,2032247,2060942,1995020,1993224,2001526,2015803,2026168,2043520,1995869,2076659,2045211,2164962,2074810,2088484,2110423,2230525,2299667,2376869,2410130,2392194,2405866,2393569,2413817,2235749,2351436,2369986,2478141,2508548,2604444,2561203,2615905,2596649,2520284,2617730,2685018,2736174,2758033,2485536
0.15,0.6,180,1651747,1694183,1743066,1854695,1883474,1961313,2005127,2063664,2094753,2207702,2185924,2262614,2214034,2193873,2260231,2170885,2238481,2050660,2167438,2077606,2233444,2180093,2160131,2129559,2162553,2194033,2145396,2160467,2133471,2047131,2129616,2142163,2177888,2131866,2133231,2173917,2118744,2088245,2072512,2162713,2120265,2155236,2105436,2171516,2081491,2145366,2110294,2171523,2157838,2127536,2133978,2132766,2043161,2065619,2089257,2075837,2080395,2117340,2026738,2128088,2134813,2163362,2266421,2187194,2168447,2141815,2215664,2155075,2155091,2142787,2093283,2195922,2142833,2158400,2131101,2035274,2143302,2137865,2142200,2130693,1983082,2117827,2111523,2098930,2194876,2214735,2174198,2050513,2175842,2087115,2067970,2146458,2147993,2195327,2214401,2194631,2190326,2231324,2288300,2251251,2305885,2360375,2384081,2466837,2417572,2462485,2469051,2237591,2083631
0.2,0.6,180,1607773,1708378,1701411,1718083,1858621,1794868,1975916,2001237,2117838,2171936,2204448,2202240,2158590,2246649,2229517,2252370,2211968,2190960,2199360,2243257,2157175,2282144,2261088,2213864,2175573,2252646,2177992,2195593,2139175,2080355,2125019,2027890,2193292,2128763,2169478,2051757,2047156,2107945,2056611,2093309,2013199,2094225,2029444,2084419,2117219,2066721,2065675,2133988,2016895,2082279,2135372,2049978,2012414,2042848,1984039,2019276,1955189,1997200,2053656,2121220,2116339,1969944,2057987,1955520,1911229,2052544,2019859,1967149,1991958,1970379,2063302,1964159,1960133,1930006,1966634,1986329,1926521,2028215,1940086,1999494,2003831,2007934,1981720,1961826,1991566,2053962,2118242,2041511,2022796,2107216,2087897,2077793,2090352,2050373,2065491,2166988,2078332,2116509,2100219,2156088,2155147,2241458,2242738,2342659,2327259,2288879,2445222,2512763,2117266
0.25,0.6,180,1612061,1648301,1679498,1742290,1906044,2027063,2062802,2149106,2157644,2233003,2187531,2247606,2223757,2281352,2202308,2318001,2374124,2353709,2311657,2289434,2335070,2280621,2200061,2111933,2294677,2326284,2304326,2208890,2206253,2147893,2187396,2177632,2111035,2182539,2185339,2146564,2147804,2119993,2118542,2100706,2110343,2069254,2089177,2009345,2075854,1942853,2002222,1974039,2051997,1985909,2001027,1952396,2001693,1978696,1980761,1992785,1931572,1991193,1899031,1957249,1992549,1903722,1932065,2030428,1983628,1943996,2026503,1999552,1928980,1985836,1967937,2021746,1961583,1988131,1956129,1947397,1933610,1901945,2057401,1959420,1915905,1997066,1873869,1991664,1939696,1933757,1998493,1874607,2043048,2033190,1973909,2055493,2061759,2053213,2073406,2187492,2169787,2215268,2050225,2226625,2196956,2278108,2276395,2233798,2278369,2359403,2388625,2425491,2073478
0.3,0.6,180,1589724,1624618,1767474,1791109,1746385,1887717,1975150,1948630,1935879,1988482,2035239,2167667,2167606,2103188,2116426,2169187,2069283,2111889,2116319,2167783,2082304,2076165,2142335,2091153,2010266,1999320,2144542,2053008,1990877,1987871,1960300,1950749,1988050,2126028,1917853,1980807,2097864,2068266,2102698,2168160,2071084,2042870,1973383,1948124,1991698,1912150,1997556,1976186,1948096,2028264,1952595,1907303,1905002,2012708,1973762,1958371,1950325,1949740,1949846,1881156,1876923,2007059,1987063,1912324,1980839,1929518,2003414,1992145,1954266,1910529,1942487,1880431,1932408,1984085,1841099,1914995,1885353,1936367,1920911,1851150,1959485,1966192,1906166,1969505,1932697,1899145,1980777,1988613,2017718,2095351,2073302,2020576,2039146,2036734,2068498,2066001,2051919,2116197,2133962,2160542,2167560,2174390,2250320,2262234,2415513,2418769,2436448,2414287,2242112
0.35,0.6,180,1642821,1610247,1786974,1762040,1899459,1927762,1944559,1973468,1982034,2028933,2106401,2023637,2151678,2187563,2251971,2279942,2228926,2194353,2168859,2209053,2168110,2177558,2232414,2214166,2269506,2298917,2217988,2248631,2174044,2115557,2131020,2117110,2135569,2128033,2118552,2039935,2086868,2131318,2150435,2132048,2114757,2111924,2055220,2097397,2140643,2049660,2027830,2083320,1958952,2001637,2067385,1984822,2020046,2094335,2127227,2057561,2031003,2039008,1959688,2008684,2022068,1971658,1999086,1986169,2033119,1977765,1969564,1998091,1999611,1947343,1991554,1927432,2066958,2021247,2066854,2049280,2032407,1967470,1976475,1931000,1938313,1961738,1943907,1985852,1976968,1978337,2004300,1999487,1929286,2006142,2003850,2002990,2084261,2050567,2170761,2060848,2093365,2155403,2255695,2262032,2273555,2283729,2250419,2284058,2381885,2332768,2315782,2467314,2218162
0.4,0.6,180,1620877,1670731,1808774,1898667,1918916,1997902,2015320,2069619,1989256,2199810,2117465,2106888,2249878,2191773,2307445,2157174,2301367,2241954,2192850,2249209,2264575,2195304,2315397,2187989,2177945,2199258,2197512,2125902,2253122,2119991,2178167,2180742,2121889,2215388,2229164,2098323,2104138,2139784,2090465,2168204,2203173,2157684,2198525,2129286,2198194,2106913,2135736,2182733,2181200,2132622,2157828,2127592,2099668,2108555,2115175,2121443,2108997,2055569,2036973,2107411,2117305,2086845,2084301,2037003,2080295,2119169,2135512,2118069,2101740,2125195,2079098,2055848,2046135,2102632,2007651,2116398,2014993,2007087,2048419,1966160,1923741,1862177,1872125,2012017,1955139,1981513,2022150,2084681,2075371,2055435,2037260,2119300,2181874,2169492,2169494,2154952,2206841,2280571,2280163,2300560,2337516,2368952,2308497,2300338,2359770,2406955,2541928,2492350,2260615
0.45,0.6,180,1729416,1822814,1958946,1900755,1941718,1972442,1979281,2058865,2064875,2185690,2204427,2209412,2243621,2300901,2190187,2235731,2264286,2261161,2330795,2244204,2265693,2296676,2185333,2240996,2152962,2266769,2148762,2161390,2106550,2135776,2157240,2163449,2302058,2333637,2293090,2233206,2237442,2301544,2127269,2150449,2226986,2194519,2203374,2130525,2148930,2145944,2124883,2129827,2130801,2140727,2107268,2208217,2144358,2149821,2165458,2114757,2129442,2143472,2076415,2108735,2020330,2053042,2048189,2079663,2129503,2037201,2111169,2043293,1968892,2097043,2094419,2085712,1997438,2085508,2050415,1994227,2103906,1926891,1988428,2012324,1994578,2004834,2086636,2090447,1973001,2063024,2079229,2196330,2126959,2050564,2119618,2199773,2122068,2079237,2152325,2100565,2073203,2160971,2102587,2106477,2145393,2147503,2186843,2165149,2199218,2140507,2268267,2229440,1936213
0.5,0.6,180,1612592,1618551,1817316,1662630,1787728,1884080,1948407,1963177,1954556,2021081,1995342,2026546,2105523,2029824,2236124,2165344,2281115,2324357,2237763,2239218,2195945,2231820,2234426,2204379,2242847,2204182,2175474,2166673,2262851,2257036,2192254,2210962,2220485,2136103,2232235,2131721,2178441,2146210,2151100,2005167,2001124,2144167,2144680,2002278,2104288,1997398,2095875,2122690,2198078,2105977,2054886,2096421,2088303,2121600,2062858,2105958,2023311,2069005,2012319,2120082,2051062,1985876,2028776,2041466,2054716,2144689,2140085,2017888,2022201,2021847,2137643,2089246,2020131,2094170,2016848,2053253,2056545,2043182,2020515,2101995,2018423,2042401,1983808,2119118,2048912,2063363,2040097,2115341,2091775,2005212,2075153,2065241,2045360,2209841,2146034,2176653,2105200,2155857,2188153,2214982,2231055,2262220,2229298,2189895,2318494,2230972,2282790,2342088,2102831
1.1,0.6,180,1622943,1813978,1781056,1763182,1896432,1950313,1925550,1887071,2023910,2015931,2100363,2287617,2320734,2368105,2281560,2220216,2120595,2164867,2094932,2225878,2230212,2233435,2079462,2199073,2166971,2179837,2161591,2104942,2090001,2032710,2040011,2120477,2139104,2134284,2358776,2406102,2429972,2325872,2307513,2222224,2262580,2222830,2138193,2087302,2114350,2075931,2115238,1991672,1940953,2049238,2072924,2087732,2339054,2255704,2187718,2306235,2133868,2113138,2090167,2141873,2097348,2087047,2075220,1980416,2072105,1963880,2020393,2040837,2066778,2169356,2123342,2189698,2079695,2045141,2063238,2103360,1992643,2146835,2272544,2351237,2330504,2214216,2235584,2088648,2156674,2147224,2300604,2226507,2163530,2169633,2011860,2140769,2259488,2194342,2462235,2377486,2293630,2261305,2270194,2437677,2293110,2322949,2313451,2244286,2323004,2328949,2395474,2430359,2138470
1.15,0.6,180,1672874,1804491,1787868,1888017,1908440,1912730,1972838,2045370,2024933,2124786,2154832,2158608,2211123,2178844,2185772,2160450,2114277,2169048,2042189,2254755,2252981,2136968,2213782,2179724,2192357,2141715,2199738,2263557,2175585,2233483,2262802,2205506,2256851,2223984,2151592,2149317,2149390,2193141,2111925,2237017,2256232,2227828,2230222,2233997,2317730,2284283,2278024,2287277,2174329,2213421,2264449,2264209,2222558,2235883,2287815,2267016,2168671,2341793,2178592,2233902,2230892,2159912,2224601,2132001,2148781,2148912,2153078,2146926,2189883,2033564,2134243,1973497,2033238,1979898,1992161,1943591,2098993,2062136,2049831,2106663,2128616,2149829,2224018,2109409,2112957,2173811,2125424,2173023,2363564,2338209,2300724,2408392,2373671,2323658,2293454,2452255,2420473,2509133,2532150,2536694,2642649,2698221,2713616,2860569,2915501,3069494,3018138,2850843,2586139
1.2,0.6,180,1651031,1781129,1813420,1848967,1901102,1927134,1994607,2075682,2075889,2106949,2101156,2156237,2225470,2149208,2169772,2091686,2244301,2182097,2075260,2203952,2124007,2117281,2101904,2095228,2041994,2099658,2014818,1964724,2014378,1946518,2008512,2073472,2001980,2002611,2060691,2017588,2096960,2045334,2151652,2090027,2167745,2080082,2075691,2085957,2002585,2132982,1979343,2042887,2153109,2060667,2049004,2039193,2199315,2184187,2216986,2080560,2164285,2226791,2080968,2183034,2067700,2060958,2156181,2195767,2098341,2148687,2164601,2173473,2081176,2010686,2040437,1964877,2047115,2112914,2154290,2067146,2216418,2261536,2202819,2280839,2220057,2259875,2195708,2115971,2278654,2167881,2185094,2221298,2288843,2255029,2341602,2333247,2374319,2353368,2195425,2285084,2361633,2389656,2332692,2284975,2406157,2411263,2343835,2531541,2426345,2545391,2546516,2250743,2096622
1.25,0.6,180,1726564,1618259,1709076,1813814,1871596,1937860,2003640,2059272,2142347,2096799,2142656,2217904,2218612,2260289,2090302,2204529,2128283,2228174,2257545,2213666,2165264,2139869,2123517,2154931,2169293,2197180,2180915,2202324,2170583,2206869,2141389,2110985,2171887,2166258,2294227,2147486,2245094,2181422,2213392,2192490,2259395,2187671,2240291,2160371,2276958,2169985,2191584,2187980,2216716,2202395,2364496,2371761,2371452,2374844,2261896,2297350,2350947,2362930,2231694,2264809,2289769,2232573,2212087,2155032,2254946,2132982,2165208,2208152,2138974,2154604,2348762,2172353,2229046,2153015,2035903,2189627,2247679,2166492,2246116,2332169,2280851,2201269,2168737,2130721,2143780,2087424,2104842,2232037,2158796,2213931,2213985,2331998,2260917,2261756,2390589,2269668,2286546,2365643,2249708,2322145,2488731,2462533,2575971,2584376,2594921,2579503,2557502,2558006,2271521
1.3,0.6,180,1631659,1586014,1772435,1737529,1816429,1803074,1860356,1904328,1959976,1915019,2047229,2059557,1972853,2150932,2110753,2182039,2052466,2107081,2060617,2104787,2221242,2090227,2256933,2193494,2131718,2147368,2190016,2135479,2100478,2054471,2140182,2132498,2160628,2097000,2107362,2121941,2072255,2143355,2190463,2169243,2174009,2052809,2115037,2121121,2093301,2107494,2081542,2109120,1994633,2199842,2098152,2196676,2209289,2252874,2236653,2206275,2236296,2154016,2159374,2168722,2105856,2088937,2078364,2081952,2093543,2089989,2181889,2057371,2188760,2261369,2220663,2150191,2136748,2079481,2112130,2234362,2218440,2196629,2228145,2273119,2280747,2277736,2255836,2343017,2372074,2261079,2461932,2319010,2459779,2373489,2354618,2362302,2474455,2454426,2410511,2490906,2484505,2502171,2548683,2527055,2479038,2536727,2538694,2579218,2639168,2698464,2667355,2458123,2192966
1.8,0.6,180,1669741,1657883,1790609,1753860,1846178,1917336,2011045,1959730,2075218,2063997,1976119,1969099,1920275,2081249,2125643,2240150,2176209,2145868,2078525,2072013,1973225,2048872,2147823,2095764,2049714,2139732,2307353,2253049,2327677,2225441,2198040,2119677,2098834,2166865,2192009,2157995,2000428,2138336,2152724,2043265,2031810,2073219,2008448,2022426,2083394,1981333,1992602,2037716,2054762,2027003,2085058,2069033,1974216,1991348,2012439,1984961,1944425,1865048,1974051,1957985,1955973,1934119,1940878,1933254,1974102,1914285,1982277,1938485,1887715,1919192,2035663,2090004,2135817,2015364,2102139,1961749,1902990,2000935,2017543,1806902,1989392,1954713,1925487,1958176,1880810,2053252,2125501,2068986,2220312,2087215,2156847,2133138,2219244,2224860,2276483,2324751,2215956,2210265,2255403,2188767,2250835,2248244,2368127,2304109,2355283,2316422,2508639,2375455,2098263
1.85,0.6,180,1753558,1797279,1881118,1952758,1912914,1981891,2078532,2064917,2115855,2118890,2095277,2196723,2230016,2227484,2251883,2241506,2276870,2306754,2293617,2317471,2328993,2257351,2236011,2278303,2278029,2295594,2256407,2329120,2218032,2272359,2172673,2236185,2201527,2320114,2186573,2252253,2243713,2192033,2215898,2143226,2179020,2250922,2166649,2107274,2159463,2201646,2167700,2161370,2142968,2112546,2151664,2085779,2110762,2165075,2076572,2064748,2063551,2112109,2029090,2152274,2127769,2175184,2131047,2227292,2194778,2217178,2181807,2245027,2239725,2293714,2360659,2229215,2260618,2142799,2168462,2127846,2079259,1998735,2013693,2090335,2283883,2360200,2190909,2178681,2279776,2233833,2286128,2119666,2201245,2210774,2228426,2239583,2298193,2309363,2291270,2350877,2488791,2356967,2426883,2444346,2392569,2333690,2417436,2442504,2499184,2430923,2468599,2200727,1929900
1.9,0.6,180,1766058,1854045,1850958,1914164,2018176,1966862,2100514,2068724,2093185,2080774,2129469,2164878,2200879,2210454,2160393,2273196,2187521,2157794,2178283,2074335,2166326,2199646,2196376,2116614,2132150,2033913,2065449,2110212,2010228,2127688,2126429,2139131,2141708,2169020,2007942,2211840,2104184,2086833,2195742,2145709,2148717,2079231,2045606,2097524,2096620,2065837,2044337,2168153,2072928,2075167,2023493,1992203,2100335,2085015,2105833,2090470,2055395,2160622,2069282,2046665,2017530,2182989,2172826,2167993,2155685,2196422,2273736,2161603,2225788,2196023,2245642,2153420,2242862,2204876,2280487,2233169,2295479,2222255,2343576,2258631,2238678,2224686,2213836,2263560,2159023,2282997,2321408,2280784,2287888,2312481,2376391,2353804,2262442,2372859,2340149,2312618,2461646,2465091,2508033,2578623,2559044,2687588,2677972,2641800,2763379,2655012,2682759,2283353,2070107
2.15,0.6,180,1818269,1862199,1888311,1980424,2011635,2057414,2157213,2105310,2185750,2190662,2220191,2155917,2116291,2136843,2117390,2158529,2265102,2137536,2210260,2102834,2182847,1984150,2082042,2012287,2004374,2066096,2054054,1894652,2047121,2018509,1963276,2010667,1934668,2019268,2052685,2017919,2129540,1975323,1972855,2017790,2103620,2251379,2194309,2045656,2054303,1984892,2015651,1986045,2175514,2090699,2127845,2131633,2006419,2019797,1935099,1901129,2020042,1915828,2013259,1973978,2077044,2069490,2006168,2000159,2073898,2042447,2096919,2100894,2053340,2178143,2164214,2077813,2089254,2112494,2150911,1921709,2073173,2086095,2031135,2152099,2056721,2092364,2141542,2134169,2088747,2153479,2177278,2227691,2250032,2266231,2190543,2313702,2222150,2201445,2196276,2354826,2292197,2285617,2288016,2281190,2299863,2234682,2215469,2309004,2245159,2288180,1964202,1997978,1905443
2.2,0.6,180,1801607,1870332,1951329,2053767,2167188,2157788,2177904,2255414,2240369,2286870,2297461,2215025,2308213,2162070,2255077,2190878,2250092,2201559,2164706,2152876,2137233,2147266,2177656,2221211,2231862,2315185,2384728,2312014,2342318,2337566,2241010,2324646,2317764,2218084,2136483,2247269,2285285,2342850,2321137,2240468,2199066,2254718,2295490,2273890,2254758,2283469,2177684,2238130,2272754,2394831,2386930,2330120,2377681,2350093,2212256,2331512,2335796,2449263,2301421,2223942,2275961,2213315,2304734,2228984,2215164,2158904,2247745,2162103,2190904,2254776,2321522,2182091,2262527,2147659,2232382,2121420,2250157,2186470,2213374,2264466,2256791,2290305,2187574,2252398,2173253,2318712,2246825,2326346,2406836,2417319,2411666,2600704,2622782,2507307,2419699,2507219,2403458,2486896,2547227,2375374,2439916,2398204,2440828,2558300,2603304,2667034,2293653,2150117,1975393
2.25,0.6,180,1831766,1918025,1910440,2120997,2049588,2195936,2339631,2379537,2318015,2309612,2393391,2390951,2416416,2271523,2318573,2347508,2260447,2244272,2309818,2329956,2280413,2162956,2044254,2198651,2183651,2219746,2223792,2170934,2298304,2225903,2250235,2188953,2170543,2176668,2245648,2161965,2203955,2205400,2058430,2208017,2119301,2183543,2150556,2218728,2174716,2181696,2240538,2086688,2154788,2154172,2165070,2114306,2213410,2211464,2117413,2128817,2166272,2244060,2130120,2049060,2160929,2133030,2049119,2245710,2066276,2115870,2156061,2161743,2122610,2203385,2104602,2139364,2239112,2154240,2138637,2249463,2208308,2159425,2268994,2215482,2264634,2358037,2422951,2500252,2485171,2374277,2348127,2397888,2418381,2363078,2504457,2508116,2449062,2412139,2369028,2509548,2522086,2604824,2627830,2638789,2571537,2846493,2777857,2704023,2812785,2811034,2299211,2258594,2045421
2.3,0.6,180,1933707,1907017,1873298,2040440,2071104,2099395,2163365,2207736,2217585,2245469,2267895,2182352,2176781,2212167,2226096,2185627,2223930,2179756,2195297,2237781,2186860,2247429,2150073,2118086,2097886,2130413,2108610,2130439,2107206,2087724,2090310,2167437,2094848,2082759,2147794,2203251,2112448,2070328,2064264,2114360,2068847,2116949,2027980,2087825,2064925,2079025,2101810,2095124,2118153,2029417,2069361,2160548,2072694,2136463,2074062,2159523,2097732,2139138,2093127,2074682,2126668,2085730,2132171,2212338,2199302,2162306,2090448,2204752,2092259,2111299,2076323,2129448,2118810,2193908,2121520,2126539,2108912,2147265,2193017,2147935,2191585,2268142,2409334,2298774,2309703,2322332,2290515,2211282,2327382,2312051,2339891,2391243,2462285,2450974,2467457,2410931,2451994,2525225,2456298,2550416,2683814,2661475,2702001,2768294,2807213,2672260,2311363,2296592,2096418
2.35,0.6,180,1958930,1887306,1947746,2046860,2000374,2154152,2285054,2273882,2200370,2277418,2232945,2287989,2167355,2227879,2356346,2142035,2171397,2221252,2187999,2244646,2168448,2114357,2183693,2250157,2170103,2249161,2191861,2180508,2178086,2242468,2190193,2126164,2150736,2139517,2035105,2147801,2199012,2204450,2216881,2192889,2212890,2250765,2121813,2217488,2236094,2276328,2228216,2258488,2256906,2257372,2208567,2234972,2198168,2300574,2223008,2252575,2206695,2288500,2194992,2275095,2285323,2185601,2110810,2170669,2178624,2112707,2160691,2179123,2155111,2044192,2129129,2123287,2091527,2100265,2059211,2064280,2175561,2140546,2206631,2364724,2535405,2453309,2744584,3044118,2531156,2573517,2339844,2349314,2345927,2315145,2239791,2268045,2328950,2352770,2369120,2442310,2421762,2411340,2582085,2554447,2623256,2764677,2799725,2713438,2786032,2832181,2551337,2262915,2204603
2.4,0.6,180,1882139,1876273,1984965,2050869,2142726,2149844,2194836,2194732,2246144,2152465,2166848,2154227,2175732,2180583,2184649,2226348,2189235,2276613,2178387,2272874,2176551,2233197,2122129,2204764,2160412,2190912,2221643,2052044,2049549,2008327,2202601,2129243,2174727,2168169,2297071,2235957,2281661,2363978,2399151,2247766,2266273,2258550,2218551,2288375,2298939,2165396,2263272,2305715,2267621,2160848,2246099,2182457,2146938,2196171,2080906,2094346,2195317,2215728,2202784,2371265,2209620,2291281,2287802,2281293,2271404,2271800,2252485,2380098,2261011,2210956,2213501,2396593,2239086,2298185,2294129,2252997,2286218,2207225,2203388,2293916,2194887,2264874,2250411,2315603,2268650,2267193,2265708,2339517,2357435,2355876,2364662,2394780,2316790,2369889,2390517,2519169,2437291,2441888,2470934,2487163,2628878,2560978,2511329,2540124,2639581,2658865,2314939,2116136,2016675
2.45,0.6,180,1842083,1918793,1929100,2019808,1930703,1973271,2077953,2030822,2148903,2184440,2087002,2154267,2011175,2124844,2171470,2184742,2123485,2229494,2168479,2206011,1979120,2069776,1961109,2120938,2082190,2171066,2152784,2130328,2241069,2194720,2218385,2209377,2135960,2168344,2139308,2163848,2168893,2091531,2196539,2121998,2163033,2092206,2029683,2025490,2140185,2231443,2125331,2231272,2169977,2131893,2176275,2117397,2084909,2087642,2102557,2120504,2111470,2067033,2072437,2034230,1979176,2070324,2073215,2117586,2073826,2093905,1972822,2062433,2128813,2029887,2095883,2120816,2010107,2166075,2067079,2092342,2014059,2038886,2016057,2192131,1984275,2134585,2056963,2113418,2082141,2020883,2038918,2010791,2005380,2189881,2140151,2042002,2063383,2075834,2136688,2092796,2112463,2216511,2173954,2286650,2314213,2272900,2374646,2383593,2459519,2436892,2055068,1957049,1963048
2.5,0.6,180,1846638,1971455,1997525,2077905,2218125,2166587,2218798,2323536,2260767,2449243,2497859,2464566,2448159,2393990,2372620,2453561,2368996,2358385,2343746,2331158,2285627,2254120,2266276,2272852,2294055,2128069,2247146,2228134,2243875,2167724,2225141,2190604,2189097,2107966,2198427,2142413,2031913,2112880,2197774,2079263,2111379,2148682,2146420,2153039,2107378,2104215,2124368,2097738,2124720,2100119,2160810,2076555,2095939,2159046,2146467,2116559,2068479,2100607,2125070,2102133,2048089,2126217,2088780,2085159,1977543,2154490,1994851,2033813,2145906,2031867,2019074,2058140,2063221,2019337,2064248,2017789,2148416,2071287,2071413,2128138,2105681,2091553,2158816,2124327,2189773,2120527,2152438,2184417,2223956,2256672,2247733,2228514,2266329,2332244,2368640,2356119,2360207,2344609,2443121,2442809,2515817,2620301,2603553,2822190,2748939,2834573,2683735,2157033,2083397
2.55,0.6,180,1839744,1882220,1994757,2007503,2047503,2226917,2111936,2226444,2277935,2376743,2474311,2407846,2391875,2383692,2387753,2382964,2391656,2486762,2349028,2340301,2272377,2339372,2182190,2256325,2214998,2203868,2294822,2248779,2305567,2195787,2330614,2291155,2238313,2231194,2139505,2256423,2184348,2160991,2195268,2180987,2118020,2081195,2147964,2072716,2101948,2144182,2084154,2115883,2064316,2157713,2091740,2161623,2094032,2042558,2074035,2047778,2036473,2085435,1970112,2040044,1956059,2051595,2016297,2019226,2065563,2087044,2036421,2016862,1963279,2068720,2036537,1946054,1986796,2018268,2039242,1961516,2088677,2029314,2054999,2061438,1980110,1984489,2058575,1994549,2083665,2077282,2079780,2169273,2168424,2181498,2125977,2191198,2228631,2239009,2237578,2207304,2293363,2360010,2307312,2415467,2395183,2485190,2379708,2438750,2542301,2557041,2280880,2099791,1903494
2.6,0.6,180,1865907,1952482,1934611,2020593,2074626,2117299,2112624,2117851,2182095,2141516,2169018,2156725,2119919,2123666,2222717,2187717,2065694,2178555,2140404,2051099,2125463,2016425,2101404,2068043,2098988,2051597,2095666,2102206,2087033,2056019,2110350,2000157,2069352,2066307,2003965,2052675,2009415,1999238,2013789,2046680,2041992,1979298,1974903,1983866,1982180,1962871,2007871,2054974,1997265,1973186,1871640,1981978,1918468,1988799,1999377,1946569,2027611,2019578,2008286,1993201,1950307,2122210,1934439,2023151,2003076,1992393,2094485,2009148,1988742,1973823,2021098,2083809,2015575,2041441,2075628,2137287,1988511,1988277,2077259,2038234,2065504,2117832,2053460,1930664,1961033,1944064,2121124,2015918,2044233,1969562,2010205,1985743,1979649,2062347,2090725,2118004,2111413,2144403,2300287,2333247,2396537,2486528,2473362,2508038,2536523,2568871,2061892,1851717,1834611
2.65,0.6,180,1701527,1902077,1895968,1970142,2072849,2090822,2190895,2136322,2238466,2267139,2233547,2266477,2223909,2164495,2255992,2209881,2168661,2181446,2139954,2176376,2134053,2107559,2121934,2177148,2114222,2123846,2013710,2042194,2101752,2098089,2017512,2033572,2022596,1980763,1894658,1998191,1977705,2008459,2011535,2110728,2085619,2138479,2051320,2064380,1982449,2029598,1979430,1902227,1974960,2058093,1992826,2112353,1965154,1991432,2098306,2118692,1986675,2057543,2049476,2038593,1984927,2113396,2116225,2016724,2091758,1993381,2076045,2181455,2129020,2042640,2157163,2002211,1981527,2072493,2104112,2145721,2036750,2016594,2062357,1986253,2113485,1986005,2123671,2143676,2037489,2132849,2144349,2150616,2125514,2158052,2142611,2217985,2222070,2104048,2203547,2140111,2170233,2203666,2175156,2188723,2263463,2247908,2264146,2374722,2312119,2372214,2322106,2021175,1818610
2.7,0.6,180,1797369,1876473,1956144,2018859,2071333,2074646,2185878,2172788,2209212,2238070,2366451,2196653,2305351,2204019,2352230,2227859,2295497,2245016,2176803,2254130,2182341,2147808,2185435,2168921,2174981,2169247,2126857,2274585,2142892,2130780,2197824,2140739,2200129,2116707,2104675,2225451,2055565,2182691,2061374,2132692,2165481,2065853,2187998,2271547,2140033,2179558,2134364,2163609,2018401,2141700,2053054,2100477,2088438,2162119,2056331,2028869,2055582,2118224,2112015,2057095,2113554,2135848,2087305,2102729,2046525,2170180,2042266,2091954,2133117,2117101,2164617,2087002,2180707,2125247,2159967,2093694,1998463,1990690,2068314,2020099,2035447,2196539,2089378,2091106,2141993,2103949,2125537,2179124,2126303,2176321,2179286,2202196,2310311,2360943,2329297,2273939,2330697,2295264,2406116,2505606,2518101,2560027,2528474,2609341,2600480,2543693,2256520,1936742,1860043
2.75,0.6,180,1866464,1893987,1943632,1991142,2117212,2108496,2196177,2148108,2240278,2146720,2258647,2329005,2326257,2287939,2254784,2247825,2252843,2241939,2221674,2211381,2281494,2171677,2220385,2188185,2245042,2131939,2098498,2156883,2206446,2222684,2154945,2179130,2230517,2100784,2114655,2047596,2083828,2095740,2153770,2136482,2081513,2055367,2169108,2036977,2031669,2028242,1965618,2070069,2119421,2019074,2024459,2021610,2132228,2025385,2078378,2108800,2035255,2086420,1998813,2050200,2070358,1924621,2054053,1882414,1990214,1876302,1929051,1865089,1954453,1920850,1878055,1909081,1852922,1986182,1825179,1896633,1932053,1906950,1866548,2000296,2132910,2109934,2173338,2115163,2134419,2109286,2200137,2156375,2228878,2142761,2215525,2206017,2297898,2297921,2315457,2345833,2370671,2459457,2506974,2520171,2410841,2499292,2307386,2281381,2244440,2293583,2190055,2089848,1904489
2.8,0.6,180,1752332,1868200,2012223,2030933,2107479,2133503,2208994,2193557,2356677,2421108,2286673,2273023,2280742,2279404,2240073,2310825,2249547,2241118,2250445,2361832,2322591,2377403,2354954,2435153,2341907,2395995,2254014,2268467,2146427,2232751,2287392,2316084,2233012,2275259,2142737,2206553,2179685,2210213,2092742,2083783,2135400,2126935,2119682,2259858,2291591,2230966,2132474,2105185,1993055,2118493,2104982,2137734,2330426,2252754,2338567,2266985,2299459,2185155,2225458,2228223,2124349,2216445,2164572,2127509,2248750,2365336,2282269,2112448,2112860,2174356,2080933,2185677,2139281,2184435,2210284,2085411,2072553,2134143,2085954,2064987,2108174,2146892,2090145,2160576,2130578,2227083,2177671,2264582,2268380,2185257,2243509,2154848,2299909,2291768,2236758,2311833,2369665,2379164,2409768,2433736,2329996,2428293,2476230,2390392,2448811,2405579,2358554,2111981,1961303
2.85,0.6,180,1759067,1943367,1960709,2016802,2070273,2072670,2078812,2321022,2218605,2397707,2256776,2354686,2248012,2340797,2284349,2253966,2271921,2344465,2355011,2219781,2375282,2256938,2266932,2269682,2372675,2280309,2338123,2210127,2314201,2231991,2213603,2211238,2278764,2284500,2236646,2319396,2249880,2439322,2321445,2315170,2372441,2240216,2291269,2271512,2203237,2191157,2144992,2243210,2119326,2195274,2086421,2245704,2155883,2102562,2153853,2062310,2093193,2165455,2110178,2161668,2136427,2214751,2203552,2087114,2153541,2214650,2139136,2174200,2166331,2143718,2113755,2107466,2190506,2146809,2218640,2128733,2168259,2142115,2099539,2144608,2153541,2072408,2192555,2115125,2201744,2300776,2228064,2254682,2267332,2165680,2222098,2123343,2178938,2235604,2145525,2259379,2377561,2333780,2446901,2275165,2353794,2340055,2408746,2430135,2409593,2494061,2397290,1975035,1969412
2.9,0.6,180,1743402,1863335,1940937,1978221,1998131,2030801,2012161,2152067,2118602,2129001,2030650,2214342,2297548,2123651,2217271,2291195,2317248,2277901,2272072,2285160,2148773,2245830,2243020,2168426,2146780,2115454,2222025,2162509,2240644,2225477,2174946,2125758,2180148,2109136,2110949,2111195,2282009,2106132,2073151,2200077,2148283,2060954,2080448,2128190,2073365,2121688,2154882,2025300,2102802,2111308,2062700,2143031,2130148,2149142,2168557,2216374,2144696,2149532,2139868,2233765,2193562,2185218,2172919,2161167,2133205,1998904,2114144,2042785,2112595,2118883,1999729,2027279,2066068,2042177,2115021,2076764,2099187,2043506,2017721,2041957,2083699,2021948,2083872,2112078,2052290,2041869,2105798,2025131,2071068,2024218,2115512,2191291,2176491,2185803,2163127,2172243,2187095,2175361,2334768,2285978,2369405,2475819,2536208,2493204,2582582,2515782,2250925,1903918,1915261
2.95,0.6,180,1546021,1756728,1836401,1809646,1834155,1989324,2125815,2145947,2052093,2110691,2127614,2152379,2098981,2120845,2234485,2087639,2107474,2088911,2079601,2101412,2112817,2096348,2124793,2145240,2160905,2090170,2043296,2070143,1998659,2045160,2123830,2031188,2067344,2095924,2086857,2077208,2133392,2081242,2080093,2063241,2035635,2084141,2022645,2035616,2077438,2121249,2037903,2035608,2054905,2055849,2060584,2048161,2112469,2036105,2028423,2022818,2065639,2024238,2010515,1983002,1954943,2043686,2027124,1976437,1964618,2090310,2040103,2079963,2016382,1967733,2062512,2090050,2134700,2100851,2174720,2012228,2014853,2001223,2059538,1988558,2041915,2105078,2025262,2071954,1996528,2055663,2094093,2055574,2181402,2183907,2223420,2320896,2200463,2241986,2152684,2237311,2232769,2290392,2231988,2268227,2391653,2406232,2433853,2559922,2481594,2565595,2545011,2171921,1931222
3,0.6,180,1729887,1693644,1896870,1879234,2029893,1976889,2128629,2063159,2094266,2132202,2162722,2154987,2250688,2174315,2249329,2100958,2095810,2215094,2086897,2136163,2109469,2192888,2121412,2099274,2017960,2010598,2036207,2038279,2053714,1956671,2115292,1996008,2020015,2023949,1997804,2017854,2011499,1962115,2029612,2045881,1963823,1970547,1988541,2056977,1960799,2019538,2023453,1978234,1868878,1923699,2008198,2043166,2057681,2017502,2068121,2018618,1995947,1990211,2003457,2112069,2045183,2068112,2104411,1947924,2005177,1880735,1957464,1972546,1973839,2035884,2010292,1974713,2023276,1962554,1983076,1953505,1986171,2006394,1882432,1891157,1981429,2004855,1990998,1953940,2051516,1956748,1893010,1971473,1941851,1977211,1999645,2009438,2077267,2026618,2052943,1948266,2045417,2115841,2030106,2270508,2270815,2342706,2327227,2365151,2342912,2413300,2260292,1821560,1800349
3.05,0.6,180,1653159,1775021,1789150,1935307,1915448,1951821,1942385,2029433,2051492,1971007,2080468,1998092,1970726,1995078,2049562,1956823,1999951,1976569,1984098,2012293,1930643,1976111,1952942,1987701,1960263,1979092,1957275,1901497,1956923,1846416,1926190,1891150,1965024,1922737,1968162,1850399,1960830,1910419,1962007,1920330,1964249,1974225,1967796,1906998,2001738,1981938,1933919,1925964,1881460,1907548,1934702,1889490,1862234,1935858,1920063,1904141,1960022,1881737,1827886,1970868,1976486,1947583,1948331,1910191,1850071,1970707,1942423,2007359,1923204,1904042,1883005,1959210,1848397,1938456,1897365,1935880,1894143,1819130,1834807,1876268,1928268,1874545,1785767,1877198,1860029,1953971,1958531,2001436,1940523,1969106,1983184,2063146,1952975,2040215,2051330,2080690,2108626,2171173,2275984,2220541,2472884,2324345,2331314,2315146,2120760,2217293,2069401,1769323,1737107
3.1,0.6,180,1694911,1706010,1743963,1831896,1894875,2007850,2039241,2014799,2007896,2016283,1954073,1959061,1992655,1957313,2050969,1936465,1990877,2012923,2025312,2022221,2024575,1991671,2039218,1916619,2001699,1991662,2016959,1981178,1985900,1970354,2059100,1946047,1884407,2005443,1946944,1899071,1955596,1942289,1967850,1936666,1962515,1968746,1937499,1880264,2063610,2162729,1938412,2084335,2021378,1928187,2005826,1965552,1953191,2009584,1971619,1858593,1995967,2040096,1945931,2029435,1965849,1920658,1913437,1967378,2030853,1931055,1928297,1923014,1894435,1917764,1991428,2001198,2000298,1950438,1896345,1951269,1914952,1952629,1932692,2013845,1930514,1927754,1851304,1929087,1949367,1966118,1951381,1951646,1981951,2025164,2043942,2064633,2087907,2118619,2031246,2186640,2120329,2039631,2207572,2252662,2337585,2341190,2365221,2384618,2445624,2346627,2227504,2006848,1815893
3.15,0.6,180,1723240,1736586,1833147,1816857,1980337,1938714,1957351,1946374,1984386,2043491,2033967,2059198,2106304,2104277,2110276,2075751,2041776,2145869,1983145,2091425,2052686,2043482,1974150,2036211,2047133,1991946,1931252,1997268,1952032,1934798,1945408,1859046,1933515,1968667,1988059,1992705,1985287,1853377,2007366,1997682,1943779,1955655,1904730,1992733,1979569,1926989,1975002,1970643,1944607,1983966,1927475,1960541,1884538,1932850,1974371,1940040,1931515,2012361,1968014,1897944,1971682,1932204,1816836,1969026,2027280,1933413,2038384,1992692,1900321,1987891,1964674,1977937,1952693,2032764,1933303,1894118,1871158,1943507,1991386,2025991,2007193,2130989,2073514,1970580,1983442,2011065,2035193,2035517,2025892,2052763,1997494,2079855,2078548,2139264,2106080,2226161,2434730,2389329,2593808,2482351,2540815,2478416,2484139,2528194,2561285,2417203,2568766,2049003,1894832
3.2,0.6,180,1734442,1820085,1994423,1946858,1992857,2039826,2064910,2149109,2164137,2195164,2223259,2311831,2218855,2186585,2234092,2161403,2222726,2210030,2186677,2133259,2093147,2118351,2218133,2176403,2067852,2140019,2071746,2075168,2084398,2106512,2057209,2098590,2185647,2048519,2055954,2031467,2167696,2128658,2114508,2128550,2077471,2127801,2103654,2111149,2167920,2091440,2067237,2026892,2039292,2120562,2033005,2167954,2135278,2087015,2113996,2039078,2051326,2025830,2128423,2136094,2073919,2110893,2102130,2083978,2121127,2005690,2096591,2042646,1985521,2065118,2008224,2088438,2038431,2082392,2003863,2111854,2052891,2005740,2076636,2031890,2182674,2098046,2080283,2129577,2067603,2147673,2079146,2112317,2158287,2236034,2218213,2245675,2235163,2255873,2376286,2340444,2410069,2464246,2406459,2439856,2500316,2686820,2656838,2842325,2734201,2802029,2678732,2123279,2037396
3.25,0.6,180,1692993,1776711,1867654,1991497,1948044,2053204,2141316,2111462,2138859,2235243,2280056,2309807,2365016,2250825,2408346,2353413,2464845,2424305,2344883,2380862,2352405,2300031,2312083,2301719,2225166,2233068,2210759,2366152,2301811,2286754,2268328,2344214,2431216,2419097,2313478,2227074,2360674,2346760,2364644,2385640,2379446,2441962,2289708,2297000,2352368,2272300,2260842,2220305,2181209,2200475,2322559,2386414,2336703,2367518,2231411,2290067,2229568,2308365,2144759,2251269,2319612,2226586,2347423,2363921,2201271,2286170,2157713,2255819,2304417,2306640,2399329,2294510,2505881,2451306,2426456,2485712,2595893,2431058,2332017,2175655,2269623,2160175,2253150,2125812,2168791,2188496,2287477,2253134,2386715,2373844,2286526,2377086,2342653,2427082,2336364,2402213,2328472,2298688,2482096,2523104,2641435,2690193,2785664,2721782,2830724,2707547,2857144,2453077,2046305
3.3,0.6,180,1668324,1769578,1815344,1955725,1955718,2039971,2133327,2186145,2174779,2175302,2140043,2296969,2187076,2242428,2255360,2197820,2275671,2246189,2227771,2168847,2165001,2326154,2277560,2206110,2203612,2274992,2268460,2337707,2365910,2303061,2261481,2278415,2318598,2320751,2247346,2251202,2291635,2228650,2264695,2248730,2300855,2260343,2296987,2233689,2293795,2220333,2208902,2136844,2265864,2223270,2134525,2253237,2127449,2170980,2109343,2142241,2204099,2220098,2172945,2146216,2173739,2215558,2239821,2254850,2235955,2155085,2287819,2255293,2388272,2349633,2379417,2292305,2390573,2342368,2422565,2397820,2353574,2286699,2296463,2270669,2386598,2326459,2501153,2458046,2468816,2398882,2535716,2551844,2523895,2673880,2525857,2591474,2690754,2771595,2708903,2902036,2889550,2959912,3081850,3078614,3196852,3365090,3355794,3447496,3350871,3231473,3385126,2914486,2787389
3.35,0.6,180,1791106,1860221,1883464,1948329,2039845,2181392,2218633,2213721,2242121,2265270,2324594,2261958,2291522,2327761,2300133,2319843,2410494,2362640,2328646,2340718,2354795,2283068,2324309,2361591,2326379,2391258,2353664,2273744,2300854,2365289,2313455,2358635,2257517,2257938,2282997,2364819,2351018,2358341,2383640,2237494,2262667,2185839,2204390,2251174,2376289,2284502,2218012,2290265,2253357,2248296,2192277,2200798,2228518,2289509,2195782,2204241,2222340,2221536,2176302,2135067,2207940,2208188,2279119,2267595,2204773,2338397,2251094,2344831,2405675,2459933,2328530,2378016,2391332,2291395,2337757,2313459,2290240,2311839,2341262,2452744,2431521,2406084,2515507,2540142,2562849,2525538,2634223,2485102,2528330,2528099,2610627,2525740,2651684,2486515,2539252,2580934,2702157,2687890,2746771,2790282,2773419,2739264,2833763,2769516,3020268,3136188,2899209,2349222,2151475
3.4,0.6,180,1661157,1757563,1825037,1882145,1982682,2027732,2110609,2102217,2180236,2327550,2284301,2298260,2249691,2241604,2336759,2362164,2436801,2428515,2513055,2377601,2516875,2433275,2441878,2466128,2469085,2345616,2355699,2530774,2412698,2461051,2487474,2417080,2478720,2385887,2518099,2423060,2372952,2422223,2475665,2418097,2407668,2347370,2361567,2280981,2337482,2376135,2225031,2311080,2296692,2294807,2344829,2388174,2240667,2310974,2310808,2277549,2340551,2277185,2295339,2352274,2336605,2350474,2148249,0,0,0,0,0,0,0,0,0,0,0,0,0,0,0,0,0,0,0,0,0,0,0,0,0,0,0,0,0,0,0,0,0,0,0,0,0,0,0,0,0,0,0,0,0,0
0.05,0.65,180,1588578,1512005,1726978,1570435,1831428,1920500,2068881,1957781,2070543,2009620,1973831,2041428,2060348,2087366,2046765,1909801,2023008,1898223,2100515,1949611,1943745,1950179,1868406,1859726,1903838,1866238,2024269,2034604,1971133,2094085,1966059,1971522,1854031,2031955,1831810,1904914,1950668,1935957,2055047,1899126,1921948,1889100,1982733,2005056,2089162,1982978,2110172,2122037,2131633,2105216,1870111,1891537,1842405,1919011,1905136,1996784,2003613,1889171,1984729,2002866,1972140,1934548,1995993,2055584,2204472,2046269,1960400,2140022,1944283,2006969,2130619,2038894,1996159,1938000,1803146,1907709,1820764,1962740,1926954,1987943,1977466,1941257,1875742,1945127,1802342,1967251,1911856,1959352,1976010,2001666,2160278,2133284,2133943,2144770,2052114,2089161,1963099,2161474,1985723,2103174,2097973,2192207,2183482,2210826,2180061,2254748,2232583,2272918,2063964
0.1,0.65,180,1617426,1632626,1723570,1688522,1876166,1943473,1907528,2057369,2119315,2044682,2124623,2085938,2311058,2275601,2331280,2293169,2251200,2237254,2312391,2201494,2245529,2214807,2259260,2181283,2269808,2179878,2125508,2266392,2169760,2254282,2197904,2207135,2248437,2132347,2162730,2136873,2159527,2069882,2167198,2191881,2168070,2436268,2504359,2616528,2482137,2510896,2485322,2457775,2460836,2360187,2371178,2245190,2245032,2206427,2332765,2327507,2266433,2349936,2365927,2371827,2453653,2434868,2517036,2427621,2539249,2499679,2463690,2477728,2383502,2325027,2324025,2214222,2187565,2247245,2085463,2279400,2193079,2300777,2116480,2224213,2142957,2144044,2178141,2198151,2108195,2304857,2314440,2249730,2215078,2374026,2274358,2283832,2316236,2337994,2286518,2349886,2289820,2429202,2373543,2571005,2384171,2414016,2301406,2426704,2283057,2224184,2368838,2292825,2116070
0.15,0.65,180,1524604,1533495,1695776,1723397,1686946,1789066,1774197,1972862,1869748,1999642,1961020,2067965,2056743,2145371,2066740,2086926,1993700,2073844,2010004,2052425,1961493,1939668,1926489,1987850,1899880,2077040,1982425,1879332,1945407,2058698,1867524,1954023,2055272,1845616,1929106,2013939,1942346,1945378,1949614,1899226,1885246,1850112,2054633,1866108,1966392,1945005,1894275,2011836,1813049,1958902,1953055,1966016,1793274,1931536,1833790,1822533,1870620,1803208,1972117,1887361,1826695,1816674,1904647,1946690,1966912,1764347,1902384,1899202,1895069,2015503,2085695,2170484,2173247,2171773,2176797,2068417,2244668,2190561,2128986,2271409,2190457,2182922,2135639,2086777,2235953,2096744,2133099,1995155,2104883,2117524,2071970,2164916,2140728,2167008,2094193,2278712,2163926,2263272,2325345,2222351,2378519,2449522,2536035,2397053,2544946,2527578,2567125,2689041,2146747
0.2,0.65,180,1392397,1545463,1539271,1541635,1729535,1654982,1797009,1759007,1921289,1938496,1928418,2001052,2001857,2023050,2115536,1994366,2081007,1982043,2073770,1996472,1987735,2082690,1953418,1974282,2003150,1986422,1946627,2025469,1954862,2023291,1927116,1886982,1913649,1967906,1982854,1932872,1979293,1894709,1898373,1972161,1897393,1829833,1927483,1771960,1828232,1913940,1840278,1852459,1875977,1908374,1887755,1801773,1978460,1888643,1792720,1914712,1878179,1825443,1885211,1840696,1786810,1770709,1936050,1791443,1793229,1768318,1797141,1797752,1764333,1810128,1821347,1781379,1949590,1918789,1881471,2010564,1940445,1975996,1821678,1912372,1964078,2019004,2141730,2025306,2155852,2103188,2055855,2042838,2094284,1971358,2049877,2045530,2087332,2067999,2178124,2058523,2172893,2224124,2157733,2042162,2151957,2275959,2354117,2424964,2452895,2480552,2490733,2507674,2410823
0.25,0.65,180,1486687,1627085,1582440,1577789,1697791,1745413,1800279,1803125,1817262,1925357,1911730,1981682,1988679,2175692,2120969,2190583,2165852,2219879,2212757,2207463,2112722,2059847,2018378,1997576,2145691,2069569,2124302,2146474,2008865,2096939,2127855,2067562,1989934,2040562,2123050,2134883,1998926,2097466,2139494,2092006,2146650,2060041,2095107,2118334,2107847,2048584,2142040,2143015,2071183,2150049,2144300,2057612,2166042,2103875,2086740,2110484,2000281,2070978,2026740,2061831,2062828,1998324,2027967,1995232,1886455,2041636,2067683,2090717,2035361,1962051,2015544,1933208,1896629,2117629,1952373,1944740,2036719,1993823,1942270,1928584,2004601,1990437,2024680,1933719,1999509,2032092,1911985,1999754,1882386,1960925,1893738,1954458,1997675,1922304,1980890,1962701,1943568,2054534,2093649,2012170,2219176,2178628,2281894,2176175,2346400,2259640,2247566,2387871,2188945
0.3,0.65,180,1598191,1541752,1652095,1785574,1624975,1706079,1832883,1831675,1891004,1998211,1900531,2040946,2065014,1971551,2073774,2102621,1998528,2154745,2026296,2142874,2032160,2134596,2207167,2227072,2115287,2237718,2293863,2121115,2177224,2114977,2080405,2016444,2008511,1951089,2036325,2073447,1998060,2002138,1882026,1934371,1890741,1957622,1874392,1903378,1875316,1932169,1790332,1862113,1966524,1895728,1842845,1870357,1882167,1957311,1857402,1858899,1961450,1796781,1774828,1903869,1764152,1815348,1682793,1804145,1824105,1723654,1787318,1775780,1724548,1896327,1827765,1798400,1769503,1861574,1809778,1828128,1668232,1777246,1809508,1745572,1823781,1779147,1773129,1869935,1800290,1822848,1808216,1797938,1756754,1819835,1856566,1761618,1977960,1901378,1954499,2003635,2030241,1967358,2033418,1947686,2031702,2007654,2072419,2082672,2124427,2102896,2202181,2107692,1766245
0.35,0.65,180,1414279,1489929,1517320,1597311,1611815,1633060,1765001,1784011,1781945,1914742,1950357,1973772,1977587,2086733,2053898,2006176,2128097,2074302,2062701,2077004,1971915,2174912,1989907,2062992,2011441,2010650,2003349,2028945,2059283,1943932,1963134,1895381,1893916,1880764,1886934,1877811,1975183,1857093,1896083,1946106,1934617,1888516,1880897,1863726,1800047,1920079,1864220,1785139,1825554,1801678,1907510,1829169,1851583,1913047,1838040,1868387,1888522,1856324,1944913,1784715,1963958,1862630,1745315,1791627,1737010,1814128,1783077,1682292,1835063,1721284,1753476,1727018,1742447,1788454,1705079,1773903,1645085,1797712,1731492,1804861,1787537,1786936,1772742,1667904,1791177,1775580,1769585,1719708,1807436,1741315,1797181,1847728,1794540,1902430,1869190,1891205,1879811,1939699,1917943,1858363,1947546,2060395,1926165,2023088,2024128,2112008,2057913,2168699,2191060
0.4,0.65,180,1507940,1560702,1554697,1675972,1591795,1818590,1773274,1802633,1957049,1845588,1820443,1883893,2016827,2017818,2094286,2053502,2186117,2107158,2084983,2076771,2113375,2080057,2052705,2149282,2129661,2165486,2198046,2070585,2076926,2092606,1990045,2020228,2168130,1899405,2048815,1922166,2032604,1955684,2010152,2074405,1969234,1953316,1999975,1921492,1925914,1904619,1906689,2043250,2040030,1985589,2100786,2089777,2115244,2123843,2260913,2090654,2144629,2202126,2036124,2223167,2126564,2140787,2168707,2283660,2136623,2069485,2128931,2082841,2113543,1973173,2064459,2045594,1980610,2004484,1983121,1946327,1783362,2024293,1858808,1852437,1992056,1829690,1983201,1884088,1941522,1886372,1851691,1948716,1927149,1990817,1881745,1966328,2044770,1929499,2068289,1933533,2063002,2114378,2103225,2140593,2102480,2235041,2220435,2310440,2295422,2365902,2415162,2416439,2360955
0.45,0.65,180,1472256,1615419,1673699,1719748,1696013,1786947,1746624,1864598,1942593,1954558,2037015,2087964,2085930,2076404,2184884,2124082,2110687,2207621,2164270,2223406,2119973,2217552,2166554,2094797,2126523,2079662,2129064,2156795,2017700,2075224,2172092,2091152,2034283,2009665,2197926,2061283,2088459,2047280,2164516,2002473,2143330,2079718,2068273,2079666,2037998,2168984,2194099,2029597,2038532,2141378,2064040,2248998,2046152,2166340,2023095,2139419,1988449,2111285,1986758,2090461,2048012,1979468,2144419,1988702,2005610,2089995,2029162,1951258,1904934,1876467,2040970,1931213,1980570,1911399,2005654,1945343,1921935,1917711,1960052,1835386,1864047,1929412,1975580,1895705,1961208,1915948,1958775,1923352,2001931,2044856,1996269,2072867,1992572,2148596,2035739,2084671,2085900,2192097,2131591,2190079,2188829,2378647,2283442,2363647,2359866,2336369,2469452,2414664,2235251
0.5,0.65,180,1569661,1597445,1613446,1724279,1753845,1851634,1845140,1909180,2014508,2047051,2072039,2166715,2179198,2112747,2072356,2097206,2126089,2084585,2272510,2209056,2233356,2169509,2332493,2101757,2079439,2012022,2168432,2057566,2102240,2129905,2144579,2264318,2190175,2188925,2089315,2157615,2106282,2174278,2035483,2188000,2076823,2141362,1947753,2176910,2029207,2122745,2102449,2079646,2035216,2127185,2073534,2011357,2071669,2018373,1949002,2093294,1956096,1897795,2005975,1938457,1999528,1961239,2060354,2060613,2068666,2110154,2016501,2055337,2089742,1962430,1999490,1986480,1886502,1917163,1999923,1917182,1991720,2038078,1910791,1925537,2046586,2096653,2010929,1965544,1900586,2072391,2096440,1949534,1965992,1969910,2141492,2139421,2093972,2110001,2020737,2063852,2047520,2183305,2106778,2091580,2221918,2117760,2124206,2015180,2157407,2253457,2312239,2075449,2234132
1.1,0.65,180,1564043,1641467,1593699,1753232,1791638,1870408,1880232,1899227,1951038,1946698,1992322,2052520,2039929,2109716,2215405,2213079,2202431,2063079,2185909,2264412,2083448,2055661,2170877,2158429,2176731,1979232,2011757,1924083,1933528,1840022,1899559,1788996,1892998,1826500,1882963,1868872,1988799,1932214,1893359,1831808,1921653,1874114,1879701,1953631,1861103,1954732,1879059,1821497,1798045,1737474,1787341,1803627,1875582,1779939,1821293,1798264,1681148,1837322,1743402,1775502,1847781,1818361,1759649,1704805,1727258,1668046,1707050,1717336,1747706,1681260,1775383,1828805,1735721,1815766,1759347,1967715,1835545,2066435,1972308,1957193,1757128,1858794,1779108,1819324,1805543,1844885,1703635,1770161,1781679,1824349,1844387,1912666,1953090,1951713,2115382,2148230,1990117,2085723,2033863,1936220,2066019,2090183,2184024,2174064,2148120,2235699,2217044,2392900,1956151
1.15,0.65,180,1521600,1560810,1639803,1668102,1792762,1835097,1762752,1885690,1881130,1870262,1944415,2136840,2032093,2033162,1977850,2091315,2056248,2126372,2008199,2199089,2080860,2045946,1958167,1970693,1956404,1985997,2015888,2024297,2102036,2083623,2226102,2158601,2131367,2044861,2048821,2171904,2040648,2008157,1969254,2073286,2058856,2053306,1966646,1937431,1994066,1889977,2009336,1949919,2032334,1989083,1926787,2021665,2015710,1956395,1963590,2043458,1973827,1861262,1840077,1945052,1769737,1976225,1917156,1983300,1995950,1955271,1969025,1992681,1933815,1921748,2000249,1982590,2063127,2004373,1986549,2060632,1979105,1944775,2034193,2002980,2000177,1979289,1920515,2009854,1929417,2051352,2024627,1932764,2014382,1994034,2053130,1944797,2210485,2270079,2274814,2382137,2388389,2348842,2336315,2264923,2369596,2285303,2320907,2308210,2313346,2231761,2356158,2387314,2067520
1.2,0.65,180,1516211,1554197,1603023,1709098,1629183,1738977,1914183,1895999,1917830,2101274,2074829,2107159,2089661,2211541,2186437,2288189,2358555,2372537,2312170,2231497,2252279,2285475,2306617,2229430,2157624,2242603,2185802,2283965,2136448,2179050,2156293,2173603,2115977,2319142,2106337,2193987,2207075,2208567,2102101,2172599,2075684,2160013,2158763,2071664,2004003,2078121,1983360,2063525,2109764,2057746,2094868,2036049,2181767,2373777,2502034,2274328,2244737,2171802,2233301,2151376,2024475,2140645,1969486,2009706,2100891,2127270,2075513,2149065,2067464,2097233,2144789,2010137,2077302,2073768,2016645,2189545,2026841,2147509,2147906,2084319,1949972,2075118,1895308,1986773,1934140,1944735,1908000,1979764,1978294,2073052,1948286,1978150,2088251,2151912,2249642,2151808,2109227,2272585,2241297,2227148,2216097,2317627,2395944,2414174,2396953,2502915,2334793,2354071,1981824
1.25,0.65,180,1510005,1447838,1545984,1711720,1681757,1710250,1723116,1891256,1897747,1925011,1921588,2067215,1995310,1975410,2029816,2047204,2062714,2014025,2105735,1957963,1972844,1987916,2102594,1942543,2042819,2086539,2044112,2062651,2043086,1986265,2157751,2053735,2102671,2006295,2150444,2099628,2069090,2119196,2061599,2103292,2055509,1975420,2044227,2027776,2048279,2083452,2023284,2180285,2083732,2141983,2114505,2130401,2182652,1987156,2115795,2023646,2130253,2072383,2084695,2012867,2154379,2075170,2131881,2111672,2084842,2154452,2033970,1996941,2065069,2059054,2002033,2093444,1990717,2114860,2138969,2205911,2198128,2169069,2185559,2138630,2192980,2041414,2114968,1998543,2184277,2075786,2225273,2181483,2218753,2065281,2254364,2033099,2129615,2084777,2120692,2135391,2194523,2082736,2248331,2075851,2262477,2215208,2145632,2090269,2111045,2105096,2240145,2107019,2128672
1.3,0.65,180,1601995,1513200,1689748,1697337,1733189,1841209,1764245,1883364,1872398,1951839,2023413,2095955,2077565,2024774,2083189,2106976,2162860,2046061,2181030,2202263,2158028,2339721,2134084,2245937,2124316,2213447,2151635,2244560,2219154,2208728,2204583,2185560,2149861,2072050,2145789,1982720,2120178,2067951,2023020,2055550,2044500,2069946,2016609,2081877,2092886,2181011,2040981,2021178,2052598,2025298,2004798,2053540,2046718,2010786,2070785,1971788,2033993,2113078,1986545,2018404,1941504,2006749,1932225,1923160,1948679,1994999,1961675,2007078,1986840,2048576,2076377,1963158,2117838,2015160,2090376,2120955,2102069,2005965,2197668,2144255,2243532,2140004,2245771,2185030,2225746,2235399,2254871,2153897,2287528,2284522,2244292,2139528,2348634,2285781,2401405,2314662,2331980,2303255,2196479,2387238,2209645,2281258,2232697,2473288,2417418,2448620,2430597,2483211,2218303
1.8,0.65,180,1509415,1671440,1696780,1871949,1693186,1871016,1767439,1924167,1997714,2092228,2245748,2127926,2128151,2091603,2230666,2107427,2246761,2196274,2280550,2110091,2118803,2020400,2054732,2152985,2118249,2154528,2197332,2153151,2252663,2117710,2192886,2040632,2042092,2099384,1898387,1966654,1818141,1841717,1943092,1808984,1984018,1836055,1872586,1735953,1909637,1861968,1848209,1788834,1881123,1759392,1855127,1834925,1896421,1741976,1822104,1764771,2015360,2005633,1973562,1944109,1863917,1835034,1888635,1825032,1853981,1817254,1834713,1763218,1797737,1752451,1897447,1787259,1924298,1970111,1942645,1841264,1913438,1963646,1984676,1922484,1911463,1905921,1979676,1966840,2069651,2040874,2008993,1884484,1931380,1998395,2025512,2038000,2123244,2019951,1981656,2033197,2037577,2087176,2229707,2140710,2180520,2177198,2078659,2217397,2123325,2148475,2269379,2200653,1942702
1.85,0.65,180,1518239,1648276,1643267,1747535,1758479,1782999,1898216,1851618,2014922,2038343,1982466,2128868,2236448,2226343,2082577,2234350,2141650,2187082,2133463,2253624,2066303,2155376,2133053,2139402,2040681,2140260,2037165,2150636,2056955,2127951,2009725,2073874,2021178,2166712,1962938,2034959,2030705,2074846,2134366,2193209,2157522,2016799,2031581,2026597,2170954,2074883,2105315,2183683,2380616,2214951,2341480,2401138,2370683,2281187,2204989,2283022,2070993,2229577,2109772,2195711,2156003,2179791,2281220,2247196,2224747,2148692,2227437,2166165,2296913,2161549,2310154,2193874,2346786,2332303,2263712,2307423,2177947,2369791,2184575,2231346,2247021,2120983,2143404,2188859,2103515,2080767,2115787,2162589,2327481,2284335,2255022,2192523,2192270,2123284,2256193,2275076,2155971,2350277,2209976,2278616,2148560,2267256,2174531,2220867,2308021,2236979,2415639,2315065,1978808
1.9,0.65,180,1650176,1608419,1750867,1733780,1863553,1859562,1997475,2009512,2047585,2047527,2074604,2082586,2104772,2157489,2223141,2032931,2235596,2164835,2207452,2088651,2095913,2165022,2187665,2165038,2017736,2101457,2111529,2040893,2064215,2087063,2128828,2126365,2109636,2015905,2049807,2206451,2156134,2176579,2100154,2087853,2141155,2156441,2026811,1954178,1999450,2064278,1958443,2064560,2054708,2067211,1953870,1946405,1993240,1935045,2126485,1985770,2084733,2003699,2041972,2086142,2080198,2022778,2047057,2081817,2051718,2103359,2016357,2047762,2178110,2028381,2184089,2154409,2209818,2143143,2045433,2048643,2093150,2007900,2059746,1945688,1961333,1974499,1983249,2059117,2122100,2076046,2089402,1997784,2090084,2072831,1981134,2152238,2114925,1961574,2108309,2054486,2082109,2140286,2075347,2199295,2170560,2106663,2256526,2266511,2204850,2329174,2275857,2078427,1937786
2.15,0.65,180,1643042,1623648,1895193,1711753,1867405,2060912,2148972,2164907,2108531,2199161,2193149,2243530,2274237,2167240,2307956,2062069,2219105,2153718,2109043,2198583,2070375,2094444,2059936,2050358,1956476,1969779,2110469,2007557,1894340,1913297,1951941,2004568,1928290,2041193,2102271,2003677,2091077,1936745,1944783,2007227,1935919,1866851,1962597,1957687,1852704,1893065,1908601,1933443,1839995,1909089,1877983,1959874,1944984,1908054,2016149,1923733,1999903,1925456,1953465,1852173,1961129,1829485,1856106,1865150,1771630,1799893,1661017,1724027,1781516,1914610,1874899,1957221,2082674,2113367,2200606,2384554,2321136,2228721,2224276,2027429,2037113,1853778,1918073,1986723,2067625,1908543,1875605,2014479,2029208,1928486,1962749,1979211,2028545,2018454,2027116,2057395,2073305,2118148,2115315,2338978,2299026,2392539,2294648,2201349,2329917,2329494,2321124,2022600,1968625
2.2,0.65,180,1688306,1634839,1715429,1779329,1870184,1862707,1895665,2035548,1995092,1986714,1998401,2170328,2004467,2098425,2146716,2041762,2177054,2124822,2064098,2239916,2078752,2146770,2067989,2133649,1983247,2114845,2041834,2043817,1983828,2023035,2016567,1966666,2001965,1962667,2043404,1906072,1980916,2105584,1995928,1933936,2025792,1927266,1955510,1976782,1954849,1978862,1970836,1941136,1948235,2037524,1952704,2082857,1947137,1908696,2007025,2034960,1972213,1948439,1948284,1878537,1978022,2007460,1874785,1925161,1894263,1863558,1932784,1920690,1954128,1857273,1884801,1979632,1857521,1985944,1822075,1914039,1907204,2019165,1910585,2020777,2081090,2062102,2134421,2096143,2182193,2089496,2191282,2062314,2144981,2133853,1998660,2060963,2241962,2336856,2316322,2386235,2206428,2270169,2271687,2356075,2500706,2458743,2532845,2596862,2529005,2584990,2720133,2286629,2204719
2.25,0.65,180,1654076,1740422,1704943,1744989,1769293,1936744,2016737,1883848,1951911,1971591,1905681,2122985,2046572,1962764,2175222,2054440,2100448,2088396,2051470,2013693,2038712,2074254,2032682,2006365,2058499,2147980,1983715,2075642,2058844,2071368,2145111,2049381,2087307,1998256,1945661,2135753,2131109,2028635,2045840,2028215,2067306,1935025,2082071,1967395,1953324,2043968,1968194,2002096,1938604,2082238,1999882,2091606,2119475,2072293,2006219,1919600,1969904,1922485,1894488,2073529,1989336,2159371,2055046,2118058,2050260,1967263,1898164,1947452,2065021,1998487,2033103,1946142,2110900,1966699,2023328,1980919,1934536,1975066,1920985,2000395,1963937,1993252,2100863,2000026,2098939,2009680,2215452,2087749,2131794,2062303,2099863,2187726,2098352,2238146,2150756,2148358,2081658,2104361,2176280,2139795,2127287,2202227,2275155,2272132,2306974,2371346,2200766,1950211,1817788
2.3,0.65,180,1689283,1573118,1755886,1785519,1814789,1787209,1831960,1879887,1842680,1974560,1932261,1986307,1897611,1927843,1962982,1937053,1912053,2109360,2037295,2104807,2027538,2011658,2056798,2037753,2045176,2063337,2018513,1917200,2031049,1923865,1993808,1962000,1925420,1963540,1958760,2010111,2001181,1960583,1930168,1978824,1959088,1924410,1960636,1970630,2047915,1938417,2024837,1959204,1970050,1981774,2025784,2011007,2144674,1996884,2108446,2005689,2084856,2008302,1967018,1929228,1906181,1994690,2057058,2031796,2121802,1992184,1964489,2126238,1981748,2039638,1960175,2120862,2087651,2124384,2125692,2191067,2304663,2339772,2292553,2463474,2275365,2395033,2300744,2324172,2419663,2327169,2332322,2301345,2393958,2262817,2310006,2418744,2361591,2421573,2467747,2505618,2488221,2607171,2547464,2577015,2542784,2578564,2631034,2613308,2755465,2727629,2545145,2140619,2116846
2.35,0.65,180,1634461,1835541,1758803,1828094,1889831,1959063,2041232,2052724,2082825,2067889,2083578,2190168,2104735,2046853,2224306,2155145,2122737,2063619,2157960,2133734,2184210,2068358,2091159,1916360,2135416,2018637,2032383,2033409,2089940,1997547,2068686,2174563,2053812,2098496,2086228,2031650,1890525,2007004,1924846,1974876,2032414,1917863,1964862,2013211,2010350,2163740,2093284,1956322,2145337,2110374,2094126,2145927,2261206,2185196,2315985,2207694,2269929,2199102,2170820,2186779,2286027,2281572,2243798,2347901,2244853,2208895,2215210,2314381,2247550,2220081,2146644,2138986,2084597,2149348,2146153,2098247,2189279,2109158,2220631,2025318,2141377,2159666,2038722,2236766,2102399,2229911,2118673,2250562,2313733,2241096,2302449,2289830,2257345,2415202,2475114,2417796,2585308,2350296,2396527,2440682,2591489,2457156,2531582,2659919,2717980,2707679,2803676,2328238,2077181
2.4,0.65,180,1636462,1669375,1714478,1845202,1906546,1923534,1864563,2016213,1879116,1966364,1920915,2033243,2097031,2178066,2223577,2216417,2095346,2175825,2110360,2061674,2134279,2178633,2117637,2158411,2185498,2093250,2037450,2121214,2005672,2026776,2068771,2110769,2074421,2057797,2030935,2071751,2022846,2074202,1985127,2082862,2074035,2021450,2054824,1944048,2153336,2098639,2055055,2176548,2112483,2121223,2182942,2175048,2244229,2242981,2291476,2224403,2371675,2355499,2337005,2454502,2340364,2457905,2392233,2422003,2319022,2353316,2316031,2350524,2386667,2446750,2357049,2376844,2257428,2433379,2439851,2299681,2338545,2421675,2370128,2247496,2331697,2334533,2372281,2297543,2386689,2360134,2296766,2428784,2395773,2436700,2460743,2460620,2447886,2576768,2572891,2581651,2568904,2598505,2737151,2574414,2645882,2683627,2776890,2689197,2778049,2974749,2788378,2360123,2263868
2.45,0.65,180,1593721,1825641,1867546,1983025,1994759,2110562,2195091,2173786,2145827,2190656,2271395,2252201,2225288,2233836,2305343,2151140,2235603,2317320,2247373,2224233,2281326,2162394,2165686,2286667,2284644,2184842,2203284,2246251,2217703,2180821,2204780,2176750,2119446,2101572,2044340,2049428,2024088,2141270,2093008,1999949,2095857,2152947,2157389,1993457,2022672,2014199,2014885,1980406,2076951,2009396,1990200,1930153,1985393,2029163,1978644,2120595,2025849,1988548,2080309,2039670,2090643,2063322,2083126,1968646,2047546,2099267,2040089,2086179,2122312,2114627,2045943,2091962,1995106,2022150,2102559,2091308,2090877,2185490,2105066,2099665,2109643,2174191,2116714,2170759,2122972,2197762,2221347,2171086,2222782,2147850,2322622,2321634,2283429,2266343,2390168,2346194,2340024,2337968,2390418,2496800,2497625,2529649,2515143,2633601,2516810,2687524,2231569,2067848,1815766
2.5,0.65,180,1735614,1774417,1875258,1911011,2001307,2057510,2119997,2143832,2148739,2110048,2124214,2204809,2160341,2141953,2218700,2199882,2159400,2101690,2104686,2051139,2058332,2103305,2089779,2084923,2047748,2002722,2044732,2057968,2055174,1908988,2014397,1997505,1970835,1961954,1860721,1923017,1937286,1907128,2037813,1938402,1985687,1870698,1961153,2003633,1979484,1949627,1890124,1912693,1897605,1948431,1955555,1910109,1837713,1900668,1838184,1890049,1930575,1810868,1875938,1872099,1735662,1843637,1812991,1858737,1904581,1896861,1905129,2031012,2069725,2067020,2125518,2003340,2026337,1966023,1932924,1893615,2037800,1986385,1990113,2019598,1961793,2033063,1984866,2070541,1928063,2040333,2092864,2000004,2078974,2244342,2119777,2214855,2280930,2256812,2093947,2202261,2107723,2196249,2346645,2313150,2277202,2222229,2465081,2313631,2492055,2461142,2547910,1989334,1887287
2.55,0.65,180,1608025,1726633,1719444,1815021,1939049,1989688,1928382,1847904,2112564,1915913,2077061,2013252,2048336,2037251,2081792,2081774,1955805,2051405,1887782,2025199,1955503,2050722,1925848,2054179,1938767,2141146,2068050,1978682,1925310,2007501,2065482,1928645,1981769,1938520,1842560,1960267,1957200,1872555,1938557,2019466,1935838,2009904,1948535,2031306,1888436,1983311,1990017,1949647,1831618,1848501,1958097,1954882,1964616,1975500,1828198,1935962,1864746,1941347,1887583,1934849,1825200,1880323,1927160,1861643,1915057,1923594,1823603,1789248,1790191,1846542,1886045,1827016,1890729,1856585,1804605,1935718,1783064,1890934,1756791,2007665,1817948,1806455,1868128,1899750,1807357,1913825,1846605,1992869,2021291,2056629,1825956,2053143,2024267,2049173,2044588,2003220,2046225,2091269,2132188,2173859,2184847,2218799,2304170,2371498,2530770,2503076,2469436,1976310,1923043
2.6,0.65,180,1620437,1750473,1915729,1849523,1892658,1929045,1984671,2019937,1993573,2069266,2019214,1992593,2022901,2005027,2037964,1991385,2112070,2037108,2123891,1939889,1974769,2041808,1934388,1917998,1982573,2015448,1912106,1947176,1883430,2003323,1927459,1839020,1845551,1914752,1942166,1871198,1821499,1867366,1792132,1855917,1903164,1962929,1956556,1905877,1822461,1801475,1875818,1807604,1983252,1851898,1829464,1860465,1975830,1787168,1806438,1824425,1872977,1843045,1851825,1904881,1808961,1937349,1998414,1890000,1951296,1875746,1852785,1822018,1814527,1933199,1797706,1860021,1885814,1785966,1756412,1886399,1858527,1875860,1885227,1738398,1884074,1770808,1869677,1805827,1855664,1937304,1813306,1843787,1935940,1846154,1874332,1902693,1862079,1952188,2003348,2058359,2264508,2244792,2331764,2229764,2353215,2386289,2409608,2374920,2516399,2495625,2357815,1932907,1739565
2.65,0.65,180,1623085,1558561,1778958,1737647,1917388,1977144,2006165,1997543,2063199,2128383,2030811,2125864,1972932,2162096,1980643,2027838,2003477,2066593,2011101,2005445,1983134,2053197,2044463,2106485,2082073,2023604,2048589,1937370,2005536,1940487,1963282,1861213,1955913,1993611,1931021,1915773,1916324,1835729,1854563,1874545,1923352,1878791,1875655,1857341,2023157,1896489,1984553,1863606,1870604,1921412,1924251,1931909,1906305,1894409,1929236,1785687,1956778,1800993,1884266,1720190,1927884,1860711,1778496,1848698,1863548,1853052,1892322,1865572,1899489,1896524,1842259,1857460,1856918,1828043,1905198,1865655,1857819,1720064,1758543,1883357,1812887,1859284,1938740,1793681,1938167,1928883,1877361,1852617,2006353,1843007,1985960,1951235,1989785,1947476,1896440,1927782,2011053,1930384,2064461,2041740,2086706,2171486,2203877,2216059,2353941,2258466,2361208,1910235,1747928
2.7,0.65,180,1498979,1647202,1792802,1737437,1819557,1779944,1929280,1927974,2029634,2086864,2059449,1927772,2092521,2124152,2086468,2080755,2048400,2025793,1986709,1984512,1898916,2109964,2047284,1951551,2007633,2012107,2038081,1956550,2009375,1943175,1884129,1923573,1983997,1977903,2019983,1832235,1980620,1940257,1899393,1952266,1812156,1931965,1852682,1857533,1932347,1895736,1819480,2049073,1866488,1889410,1935356,1815648,1828280,1817125,1838889,1750874,1831511,1875147,1894002,1920957,1923239,1878960,1900852,1921576,1969455,1959947,1985358,2049983,1907955,1874485,1931130,1900393,1886475,1881972,1841365,1912117,1832799,1874673,1813738,1872501,1794020,1846827,1945263,1860473,2045599,1903196,2057545,2002885,1962987,2133263,2197502,2176371,2140308,2115407,2024594,2083117,2251357,2193143,2271755,2229885,2348012,2505013,2445309,2486606,2511967,2430236,2507132,2087714,1783830
2.75,0.65,180,1611464,1706426,1699432,1768176,1891816,1923368,1956314,1994013,2012333,2082665,2057615,2208561,2054453,2134360,2104173,2134159,2091816,1999541,2066557,2022036,2037220,2021308,1933847,2020846,2019084,1973422,2046069,2011395,2051972,1963505,2060506,2028464,2109779,2041993,2213422,2059954,1981112,1973753,2047857,1906644,1989988,1838806,1963855,1939869,1896275,1839289,1937013,1963247,1841194,1927132,1954228,1897265,2001276,1944237,1874411,1985662,1974392,1966856,1907855,1987947,1945910,2007991,1972292,1885583,1960584,1930070,2020146,1935495,2034514,1889870,1967075,1960069,1896671,1882260,1933459,1831324,1987163,1901727,2004412,1875742,1861589,1928600,2017477,1946103,1937755,1972503,1909527,2034030,2020426,2181904,2082390,2174300,2086901,2092616,2126778,2161746,2249121,2211718,2197726,2182700,2225206,2156965,2211766,2355834,2399944,2445351,2425593,1881513,1766469
2.8,0.65,180,1579301,1595895,1729243,1703632,1904650,1912329,1851439,2007232,2037064,2081490,2144830,2096962,2149763,2129088,2097166,2148169,2096843,2064444,2103939,2028378,2069109,2173969,2106408,2143422,2108405,2132886,2028020,2038043,2091273,2014584,2103558,2111748,2029120,2058822,2051434,1974667,2089217,2068135,2005555,2101011,2012096,2007578,2086315,1972057,2052089,2096399,2005317,1965624,2071368,1996509,2014668,1959388,2007345,1989922,2053207,1954184,1999783,1980603,2040883,1891389,1992632,1991942,1958877,1927540,1995851,1928390,1985903,2072113,1911752,1977774,1944160,2008265,1976497,2022209,1949339,1880689,1898834,2067972,1941204,1983979,1988653,2024704,2053873,2015327,2010096,1852837,2032487,1881339,1899363,2071971,1951591,1977931,2136620,2092279,2178351,2046104,2214719,2192098,2144073,2333440,2254089,2321753,2366025,2416590,2502295,2592313,2586472,2426531,1962655
2.85,0.65,180,1578790,1648197,1800249,1857632,1765469,1863154,1985211,2008677,2107740,2124185,2009951,2149819,2141513,2047553,2127543,2121984,2108244,2275901,2186273,2134230,2040210,1998620,2098685,1976606,2081415,2082126,2098395,1948198,2094843,2076988,2094767,2044190,1999712,2000088,2091152,2005774,2105102,2025483,2064307,2050932,2040873,2018832,1993917,2068684,2043784,2010471,2111362,2040286,2163006,2343930,2267737,2286794,2349673,2180593,2346748,2414387,2074636,2244994,1974246,2029292,2066115,2014494,2029327,2075225,2168690,1961946,1966923,1982038,2122923,1937812,2005744,2155519,2023495,2077082,2122072,2105266,2114867,2074523,2004966,2102490,2374327,2345775,2263566,2292872,2308939,2302697,2258986,2216599,2221210,2237638,2171228,2237347,2039304,2039104,2106034,2092773,2220294,2305118,2211951,2309122,2262037,2357805,2336075,2446806,2643566,2518451,2575409,1985081,1823498
2.9,0.65,180,1704710,1753764,1727828,1909404,1945525,2090120,2079990,2164744,2083638,2186041,2225460,2231144,2279863,2291447,2135989,2135832,2253162,2106951,2211013,2173690,2176471,2065320,2217799,2069939,2103991,2162496,2177187,2108168,2147650,2113946,2033281,2117589,2145738,2077822,2209595,1997699,2021558,2035871,2127081,2022142,2166678,2157697,2096098,2085371,2088171,2093308,2190431,2106617,2235588,2177748,2175968,2178804,2215096,2136942,2267334,2169563,2209743,2240065,2383863,2222707,2220311,2193979,2170560,2012253,2124171,2172913,2153347,2214413,2131457,2231299,2124772,2135842,2173111,2114187,2038151,2050753,2081574,2113525,2125531,1990984,2091083,2023031,2068337,2001049,2103177,2044039,2188509,2051779,2116372,2158368,2242773,2224137,2290453,2227531,2146340,2226284,2236752,2383474,2346993,2342521,2378603,2374613,2553717,2422096,2654992,2579744,2670766,2052600,1948063
2.95,0.65,180,1602310,1740304,1698727,1780740,1738879,1960990,1993267,2101500,2079501,2194132,2122292,2240949,2247354,2322492,2270371,2171897,2256135,2170937,2263818,2215878,2162831,2124120,2139851,2111186,2155857,2099287,2136318,2114441,2202591,2052561,2084362,2239414,2174500,2085725,2066574,2095586,2067715,2096349,2174551,2013498,2013467,2141159,2001342,2068188,2166406,1955672,2038749,2005482,2131306,2138546,2156169,1998490,2101252,2054516,1965726,2092194,1936011,1985211,1991836,1927163,1962157,2004206,2036495,1913637,1978391,1992405,1996018,1998610,2041131,1906966,2017806,2010374,2062389,2031999,2086007,2096292,2063640,2044336,1984428,2094282,2087948,2126239,1918092,1979486,2109231,2077869,2029697,1960233,2055366,2080327,1996641,2072598,2120573,2022756,2082532,2196085,2223803,2171885,2309436,2314526,2265428,2285610,2189125,2364126,2413979,2468209,2568245,2441635,1850028
3,0.65,180,1597129,1594813,1917773,1832271,1956045,2097101,2107696,2080683,2218628,2230742,2199295,2253839,2230462,2271563,2193117,2259830,2306290,2141718,2081922,2223624,2212049,2186924,2134075,2131769,2122968,2213266,2131187,2024600,2085001,2058607,2069788,2035996,1940754,2049244,2102272,1986571,2013992,2093257,2141174,2036512,1924279,2076416,1955549,2042316,1958460,2081917,1953676,2115015,1970861,2091434,2054974,1998707,1977033,2010697,1928314,1952699,1950605,1999166,1960940,1959511,2031936,1960671,2034836,1937431,1970769,2033409,1912036,1939664,1929769,1960980,1882433,2060321,2032896,2001818,1944077,1994258,1917847,2027849,2013445,1995354,2041263,2023188,2005816,2032601,2109222,2063316,1963528,1979194,1866538,1991134,2002600,2129301,2266643,2153889,2197237,2107765,2145465,2038534,2157117,2265378,2192961,2175580,2373421,2538527,2463792,2653549,2606259,2328056,1943367
3.05,0.65,180,1542529,1555559,1695029,1816463,1774399,1780630,1860961,1893921,1857944,2014511,1940319,1945510,1948600,2031283,1994027,1932654,2046055,1929842,1926621,2009539,1892056,1971119,2031497,1976969,2032318,1910223,1932552,1925771,1995684,1943912,1825879,1956556,1862943,1894129,1916164,1854813,1910564,1790141,1970292,1836712,1894892,1880279,1944111,1901133,1969145,1840209,1913758,1853952,1869449,1870990,1877088,1821177,1881090,1753646,1859152,1881326,1905604,1913473,1901365,1806239,1842803,1776419,1824586,1737730,1772030,1718697,1730381,1806909,1782646,1812006,1905333,1882221,1956855,1817737,1874142,1867186,1910764,1860154,1856008,1919135,1807590,1843277,1774227,1870315,1868859,1800372,1871284,1901744,1921006,1958985,1922029,1869883,1968738,1921205,1952272,1849051,2021340,1948683,1978637,1971707,1913551,2061019,2173445,2200825,2282842,2283636,2422035,1964186,1683885
3.1,0.65,180,1494327,1444455,1631054,1607231,1755522,1751441,1944177,1866938,1897283,2004367,1837561,1952086,1969004,1930762,1957222,1972026,1993381,1995163,1964625,1891262,1940615,2003949,2040500,1944754,1994396,1840027,1976497,1970777,2024301,2006073,1854574,1909683,1785815,1905280,1765069,1876310,1837259,1768100,1892725,1762494,1846921,1798092,1765569,1859149,1835030,1861720,1846363,1825466,1870840,1823923,1812460,1861750,1803495,1813660,1923839,1810755,1823006,1768991,1784385,1832839,1820933,1804240,1851680,1753756,1893423,1830110,1843110,1790715,1927049,1879768,1958288,1871570,1835179,1848489,1933292,1876393,1824824,1770783,1884184,1739787,1796295,1827941,1862619,1881868,1745398,1875812,1927140,1992054,1936852,1947380,1969173,2030413,1824494,1966018,1953247,1920606,2025723,1854630,1926942,2046953,2009751,2142238,2255374,2254105,2139482,2306097,2194890,2289854,1757256
3.15,0.65,180,1497675,1701158,1578513,1719077,1804124,1891488,1789703,1931165,1988278,1850570,1996195,1886808,2030935,1996280,2090101,1937254,1989847,1913833,2041443,2042902,2125262,1981465,1949051,2011331,1907698,1946608,1829198,1909061,1935544,1760070,1947673,1889362,1897094,1919950,1864182,1936514,1906672,1929299,1854855,1906205,1899491,1840978,1885648,1907249,1950567,1943636,1849208,1923928,1842611,1872943,1949120,1939409,1825368,1846845,1822665,1927510,1842680,1894522,1825484,1864822,1832332,1899165,1907545,1914826,1828877,1881767,1970591,1792370,1896130,2002540,1877008,1886894,1999706,1937889,1904703,1924153,1968866,2065466,1948828,1942457,2016366,1984862,2044969,1973117,1936509,1919630,2051736,1955026,2003967,1958316,2043508,1957399,2090872,2098016,2068210,2053916,2007898,2131807,2183594,2236621,2288691,2339699,2346738,2510884,2418302,2293070,2395965,2229501,1837779
3.2,0.65,180,1505222,1733552,1693650,1883283,1868991,1848661,1827763,1824405,1718164,1845934,1883174,2010307,1924974,2075628,1995319,2071740,2073793,2100319,2069909,2096332,2101146,2019490,2055355,2075887,2047230,2058499,1929401,2004987,1913136,2005590,1911475,1973835,1873972,2010587,1875135,1992245,1932267,1973128,1917527,1946956,1958012,1890891,1964103,1921770,1908221,1886274,2035259,1936649,1865813,2024992,1990963,1987575,1901712,2048696,1936325,1998652,1968815,2016331,2054496,1957607,1888057,1969420,1859829,1943734,1873851,1934805,1943761,2019885,1905509,1937283,1887866,1981266,1900508,1922000,2005091,1842202,1980677,1908942,1950790,1963667,1888585,1966971,1881565,1976272,1816208,1975585,1883080,2045041,1971873,2006135,2075483,1933344,2022424,1978474,2095008,2054725,2101873,2164635,2232522,2183747,2356297,2440724,2348110,2536418,2380284,2517846,2548847,2105883,1702569
3.25,0.65,180,1427718,1621663,1554682,1676143,1785258,1904905,2093206,1963085,2123551,2051381,2084769,2178382,2091699,2176911,2156969,2091352,2203997,2143764,2083070,2220794,2124953,2144169,2219568,2080869,2124202,2172352,2157335,2105475,2103258,2167752,2061629,2117929,2113507,2046506,2106394,2120506,2056949,2073489,2141342,1964952,2132743,2059181,1997936,2109127,2035426,2040416,2032920,2061862,1999428,2126633,2174412,2070511,2131078,2103519,2058644,2101788,2031176,2064486,2030417,2047953,2040096,2072420,1969103,1944410,2049385,1985723,2023026,2073267,2060799,2055767,1965056,2128251,2000215,2040450,2075996,1941134,1965859,1965053,2056848,2027374,1958300,2122842,2045165,1953479,2055487,2080105,2122600,2045257,2016934,1939422,2046813,2119952,2001357,2073304,2122867,2090033,2239978,2200091,2363549,2289611,2379273,2458248,2346560,2513022,2428668,2499407,2377858,2419944,1885522
3.3,0.65,180,1542994,1634546,1726446,1823397,1878221,1823291,2024261,2017615,2039279,2040560,2094178,2083997,2246888,2061759,2201614,2171107,2255801,2222154,2154372,2275173,2195279,2229569,2195831,2234456,2235163,2165706,2181443,2243344,2139388,2146103,2178143,2101453,2243791,2072807,2212678,2081154,2121505,2113551,2011048,2193065,2093489,2139647,2084904,2137659,2130669,2155109,2094873,2072846,2127183,2101663,2197947,2032666,2227083,2058918,2053675,2073801,2127283,2019936,2008761,2099573,1960373,2031297,1999609,2045503,2157767,2085489,2130789,2072692,2106105,2050509,2092197,2033713,2072559,2061901,2005185,1977246,2160736,2210381,2229023,2110600,2066664,2175981,2181567,2193343,2254718,2222625,2233512,2295342,2466237,2408375,2522271,2438645,2468201,2607366,2549182,2448343,2344703,2243962,2286801,2305695,2298198,2387087,2284439,2340331,2415103,2318967,2520399,2478572,2145646
3.35,0.65,180,1636799,1680325,1718036,1884302,1912370,1949879,2106322,2035497,2122266,2103786,2256473,2167074,2209054,2137061,2214222,2177936,2274332,2320627,2175546,2282632,2164188,2268085,2143280,2220290,2105268,2244937,2095355,2235874,2260798,2198172,2172234,2235051,2259916,2251780,2171263,2299875,2459208,2244709,2330992,2217111,2285330,2161560,2144027,2276023,2219627,2218298,2307222,2287274,2186036,2205730,2173774,2185137,2221523,2214174,2163239,2212868,2214810,2266057,2310749,2251111,2389208,2233430,2329199,2222617,2247593,2222496,2219097,2128102,2276841,2183187,2381409,2325610,2381968,2222165,2284284,2141126,2298762,2308149,2230920,2401492,2443869,2427653,2353750,2314577,2333992,2264147,2338929,2297902,2249398,2318263,2196514,2295904,2276607,2275682,2320534,2212555,2333356,2247637,2391486,2391442,2605871,2660087,2642753,2562983,2641816,2638856,2651857,2282152,1989924
3.4,0.65,180,1572606,1684797,1797556,1803159,2023684,2078398,2146816,2112789,2326186,2322117,2378296,2443601,2340586,2417163,2263890,2276023,2266161,2120965,2320925,2299173,2396821,2293528,2437240,2239981,2428169,2302550,2337222,2262731,2327773,2212329,2279549,2236970,2299833,2248773,2238851,2297172,2109804,2311304,2319931,2258263,2355553,2226442,2164789,2294969,2247943,2277982,2293225,2293406,2307879,2274215,2263141,2150856,2221281,2299885,2184211,2314454,2126418,2353901,2224621,2361566,2220757,2190202,2175782,1845089,0,0,0,0,0,0,0,0,0,0,0,0,0,0,0,0,0,0,0,0,0,0,0,0,0,0,0,0,0,0,0,0,0,0,0,0,0,0,0,0,0,0,0,0,0
0.05,0.7,180,1762866,1816490,1973580,2041781,2056363,2148248,2074253,2284299,2258661,2249136,2269354,2188786,2236805,2303086,2305785,2169166,2217679,2162142,2096843,2251108,2249544,2199071,2353433,2131789,2161352,2133020,2132523,2150053,2156467,2270437,2189778,2159690,2182056,2188390,2246603,2060658,2143739,2120421,2154294,2101847,2258103,2224946,2107889,2137879,2087598,2110603,2126676,2280775,2133771,2115140,2230264,2123364,2152099,2236924,2138646,2078085,2055506,2137949,2144360,2018749,1955258,2027467,2146548,2140867,2074743,2020977,2098497,2078185,2048762,2108287,2028424,2045039,2040603,2041934,2090153,2105689,2056767,2017878,2068275,2043851,2106443,2129131,2196505,2205853,2150434,2072879,2069457,2119091,2049139,2120471,2061246,2165142,2266471,2241920,2262538,2338681,2301879,2367533,2376270,2403361,2387389,2377493,2205930,2366527,2446614,2526336,2442239,2150371,2084606
0.1,0.7,180,1764981,1846459,1769541,1790344,1910771,2004510,2076387,2258606,2131830,2227329,2258150,2340151,2230636,2305704,2253027,2239175,2246874,2236167,2235719,2155820,2164506,2186358,2146017,2223962,2277849,2225969,2364163,2313042,2246008,2312431,2344524,2319717,2257197,2263335,2266194,2191295,2201583,2190615,2164523,2178814,2186869,2294358,2283157,2268697,2216888,2235427,2246257,2209614,2277893,2305020,2213563,2256131,2153175,2270054,2205825,2392635,2399138,2521800,2491757,2463890,2322076,2343796,2390512,2240801,2287596,2304103,2331945,2323432,2356962,2377592,2302595,2420010,2409995,2420828,2363894,2410498,2436570,2398114,2341129,2330333,2344823,2370360,2416650,2382320,2377770,2399267,2361312,2464950,2391280,2446454,2490351,2470758,2315766,2475180,2530871,2579990,2593471,2620567,2590006,2713805,2718804,2702747,2747427,2673155,2772872,2717045,2862720,2751133,2413481
0.15,0.7,180,1768517,1758538,1710886,1884776,1909533,1968393,2104414,2141670,2258384,2229593,2271427,2258889,2364730,2292542,2293587,2424741,2357189,2413119,2319841,2283699,2362519,2366047,2311988,2252842,2326108,2362153,2234043,2246473,2273577,2255985,2224732,2251189,2192333,2209258,2277735,2230035,2180262,2089287,2182223,2190098,2190812,2189263,2156511,2158024,2274321,2182330,2076929,2223914,2175367,2209955,2174164,2217461,2196000,2199495,2153943,2178798,2186432,2185115,2211146,2195836,2130398,2096438,2162028,2107536,2162164,2060554,2162921,2185451,2244686,2118864,2152500,2174996,2142613,2181688,2231864,2267607,2181538,2178124,2202143,2253492,2194062,2311588,2313797,2266277,2387246,2304805,2335349,2399458,2341527,2372837,2360927,2476099,2512376,2449804,2496316,2553434,2588476,2576112,2614428,2620562,2648963,2638146,2619822,2668269,2666812,2744148,2839811,2488827,2246683
0.2,0.7,180,1720553,1741534,1834596,1810075,1947193,2019652,2076202,2093714,2192610,2152538,2218418,2249689,2259621,2276483,2220663,2143860,2214932,2320031,2346666,2299199,2345594,2339331,2381694,2394150,2215615,2255736,2224037,2238673,2187467,2198082,2297864,2230574,2260610,2258911,2293606,2255976,2200192,2222856,2202684,2229982,2290129,2203538,2205871,2222552,2128510,2189101,2186624,2103536,2051813,2106753,2230435,2099248,2153479,2208098,2107833,2155527,2131608,2163684,2122122,2160198,2160852,2174917,2145980,2183409,2158187,2085803,2089601,2142935,2160312,2130844,2210552,2143312,2042264,2158049,2121244,2189022,2078223,2053655,2156955,2141794,2241158,2224840,2268404,2122008,2196000,2176591,2173084,2215417,2284320,2185311,2267901,2306832,2362655,2347095,2418249,2412917,2415951,2459683,2545459,2531358,2560666,2491777,2494305,2501411,2455813,2359372,2417665,2337576,2099983
0.25,0.7,180,1796684,1834774,1850836,1989970,1868656,2080786,2115729,2099088,2191406,2172852,2230351,2327660,2385682,2366337,2369663,2383318,2358496,2321321,2313643,2355970,2288837,2306809,2361139,2327997,2254771,2284041,2301651,2267061,2295947,2289533,2297530,2345009,2254120,2226486,2213609,2224257,2188919,2115460,2204329,2147620,2111730,2189700,2141036,2096847,2093586,2042185,2108405,2047263,2058700,2140501,2092399,2061990,2083465,2050558,2094378,2096051,2094464,2135318,2114889,2056708,2071624,2186968,2016774,2146120,1974266,2135398,2053084,2113143,2074343,2082210,2067626,2070716,2058144,2077858,2162614,2107872,2138180,2076295,2090643,2154042,2279393,2175259,2225815,2163379,2141937,2169974,2242319,2119666,2240328,2229798,2249156,2302149,2302628,2442683,2575622,2486595,2592027,2599010,2474575,2622874,2653456,2706422,2682578,2733631,2671047,2860967,2973907,2899821,2430126
0.3,0.7,180,1827568,1879264,1848698,1929890,2035408,1978557,2083026,2162397,2195036,2280225,2225695,2287708,2238804,2380009,2304281,2204979,2233881,2258352,2199694,2158728,2227878,2205788,2186489,2146160,2222545,2227337,2229349,2264152,2304571,2177403,2158885,2127293,2191310,2113115,2215779,2162149,2133975,2177965,2215750,2121680,2194955,2054440,2176271,2126565,2015154,2119166,2040958,2062532,2065116,2033206,2133421,2066440,2074228,2057450,2097302,2029153,2009619,1985763,2055342,2064095,2085635,2008285,2101838,2012489,2006440,1994868,1982997,2001208,2039981,2072198,1972529,2031087,2033290,2024953,2012623,2003890,2069072,2043949,1983906,1982202,1961156,1982750,2040030,1990730,2060603,2056461,2041565,2081506,2061120,2121156,2101882,2244925,2256142,2321708,2244773,2253122,2358395,2353979,2399376,2354746,2499956,2591981,2595160,2645916,2663810,2778129,2689176,2632301,2404458
0.35,0.7,180,1738450,1790411,1808672,1931238,1947014,2021101,1945173,2014162,2057053,2080208,2145172,2139340,2230869,2138940,2193431,2181904,2118066,2229413,2173098,2197232,2235472,2223552,2155246,2254100,2165021,2186575,2174298,2283005,2247752,2274951,2185562,2167664,2127345,2192559,2279605,2123325,2100607,2156448,2229110,2216723,2173281,2114253,2127222,2165272,2112490,2124068,2132041,2160607,2022286,2026448,2084911,2085668,2107647,2164238,2089557,1960405,2105029,1993771,2019183,2085822,2107718,2036314,2207573,2098880,2006767,2099492,2042577,2090313,2059820,2064383,2051969,2032172,2016598,2060691,2082774,1963565,2043989,2023265,2019199,2041618,2058253,2036297,2048692,2024143,2017058,2045414,2077448,2113947,2172429,2078177,2164461,2210955,2274692,2334314,2368010,2431965,2384453,2307937,2436963,2464641,2567234,2453838,2524053,2470249,2516258,2517680,2513813,2525431,2334017
0.4,0.7,180,1774118,1814967,1853683,1820538,1939493,2020137,1970854,1941487,2101197,2189714,2208949,2203999,2190506,2167973,2193070,2273601,2233748,2288937,2300634,2236993,2284297,2259867,2270200,2252304,2300027,2371630,2308751,2362108,2280918,2308101,2270904,2262235,2213300,2183725,2263769,2237644,2270256,2227532,2209143,2254247,2287077,2230233,2151710,2216889,2195237,2243739,2232584,2215339,2143311,2164999,2222765,2199764,2205488,2141125,2136246,2199533,2106549,2115771,2088052,2141761,2140582,2120609,2044632,2198567,2128186,2150947,2239070,2165898,2105764,2096681,2137092,2126447,2143562,2131535,2149102,2143218,2148508,2094465,2130070,2075160,2089905,2019855,2108777,2084426,2103728,2124238,2102407,2126578,2118599,2098990,2191155,2132672,2177415,2267833,2326988,2263825,2333542,2400631,2416828,2440272,2475599,2439681,2540638,2512520,2536698,2554291,2568301,2599349,2282276
0.45,0.7,180,1782617,1848585,1901240,1915738,2022766,2057226,2116491,2073886,2170406,2200296,2250691,2142582,2209206,2301721,2360227,2167055,2346510,2371327,2296800,2210409,2225738,2261040,2232788,2230733,2257710,2217707,2247766,2236682,2181192,2284811,2239364,2169999,2224373,2156566,2229233,2094053,2123666,2212278,2256391,2162764,2219829,2296082,2310922,2247426,2278079,2330336,2234437,2276597,2231774,2226998,2204965,2246314,2262382,2169418,2202920,2117577,2228215,2190534,2190567,2215108,2114250,2144547,2082072,2199744,2166214,2077558,2175216,2148020,2150499,2139348,1968625,2062485,2108887,2057013,2114719,2224189,2150883,2127955,2137449,2186462,2077248,2176599,2105894,2138380,2082205,2181914,2150619,2185464,2256739,2302558,2312562,2365303,2374662,2385171,2396012,2485816,2471511,2416953,2501021,2377027,2556868,2511796,2523053,2555793,2625836,2546057,2474654,2493626,2128406
0.5,0.7,180,1830753,1857341,1805440,1931466,1959392,2032640,2051391,2098608,2126614,2192464,2194583,2284219,2244450,2257294,2401021,2261207,2307978,2325882,2344137,2376704,2330332,2360312,2179416,2175963,2206542,2233887,2090157,2277819,2299969,2259638,2254152,2202098,2257473,2406546,2375254,2401096,2221180,2285367,2376961,2420811,2467221,2407224,2361839,2347508,2311662,2285984,2274741,2317598,2367848,2272214,2345194,2348029,2275143,2278402,2255205,2343439,2304298,2256701,2268526,2226596,2269176,2255887,2229381,2275988,2172112,2205954,2129177,2216459,2245527,2254542,2227814,2146716,2210393,2216046,2247169,2257776,2255089,2236446,2319347,2220920,2222499,2236072,2219555,2213053,2266018,2181213,2230588,2213830,2310630,2377260,2413867,2371012,2360000,2341599,2424037,2296662,2423791,2357029,2403601,2478851,2500562,2453330,2579307,2617119,2623035,2668960,2628225,2635265,2548369
1.1,0.7,180,1718768,1855312,1880764,1902896,1956721,2037515,2022337,2030309,2107541,2214066,2156053,2110486,2172624,2225886,2155799,2179191,2276190,2351031,2211418,2281148,2259527,2446774,2408723,2255087,2317676,2394404,2387126,2263027,2262132,2218799,2274010,2302329,2262960,2230291,2258420,2305099,2300032,2402187,2441440,2431703,2345990,2285671,2352392,2192039,2210899,2282519,2184156,2334815,2209661,2249053,2122426,2104726,2085301,2160527,2151896,2110048,2156502,2047447,2010810,2029532,2171089,2254062,2373204,2174876,2064898,2101897,2199058,2081591,2048299,2016054,1988548,2063574,1902565,2047853,1972489,1898830,1947749,1990991,2023502,1935617,1938729,1961285,2002083,1962367,2017311,2056904,2198230,2093240,2241306,2393253,2367064,2530183,2550313,2368227,2302974,2196736,2276662,2245977,2217281,2324097,2321621,2372784,2390033,2397972,2252731,2235512,2270317,2275317,2029907
1.15,0.7,180,1855311,1831265,1802822,1927135,1811240,1868582,1913578,1917904,1968961,2028450,2123077,2045957,2114458,2158620,2095804,2068521,2138979,2110780,2109119,2163260,2157712,2152450,2125331,2244458,2169345,2154931,2113185,2219516,2159000,2144096,2093603,2126716,2162228,2267236,2236421,2162502,2183218,2108427,2148293,2202919,2160900,2129666,2261316,2240986,2154021,2213106,2285112,2296809,2245814,2236783,2238893,2182251,2095529,2119215,2161152,2156150,2018350,2145770,2072239,2127626,2150983,2156064,2071324,2116418,2069887,2059417,2097959,2102875,2099709,2065697,1962929,2080575,2038052,2094230,2146289,2125286,2097425,2154137,2053815,2095304,2104080,2186230,2107916,2094827,2106071,2173759,2061920,2074107,2197742,2197603,2232299,2171330,2099984,2125346,2143108,2235290,2221088,2244628,2184852,2272580,2319344,2313462,2322615,2335378,2376398,2385583,2345496,2378817,2131095
1.2,0.7,180,1743823,1770333,1740851,1829514,1813866,1972831,1845637,1958611,1972133,1943496,1910098,2003587,1930269,2068912,2119360,2113443,2142505,2151950,2106053,2131434,2168700,2099318,2139474,2129089,2151089,2166398,2029895,2021028,2105598,2104763,2050523,2057837,1994029,2138967,2109139,2041945,2027346,2089815,2182268,2034129,2017190,2050931,2091063,1994322,2096656,2086413,2102478,2070647,2128126,2073700,2119784,2056048,2123326,2032535,2100631,2113846,2030040,2157792,2200160,2053197,2168067,2110135,2183929,2174037,2197613,2092183,2104365,2113725,2100294,2177190,2140660,2112396,2127398,2128151,2111971,2007244,2114149,2128297,2098051,2097045,2133183,2269979,2252866,2234608,2227661,2260942,2241720,2223252,2363820,2293883,2270579,2353519,2309129,2335316,2351310,2410162,2406731,2411937,2381038,2387404,2418746,2340713,2470880,2447645,2529342,2670929,2679668,2805698,2525990
1.25,0.7,180,1699096,1780368,1815409,1895321,1914402,1957187,2020704,2085641,1979375,2114357,2235764,2203570,2167154,2198387,2226379,2181456,2326445,2146558,2267665,2327353,2285655,2293906,2290168,2260812,2187077,2198726,2326209,2297744,2272678,2283056,2273025,2257177,2309291,2244398,2289267,2285405,2244987,2210894,2233565,2275748,2302729,2291315,2244042,2336058,2335211,2309952,2383978,2351687,2260683,2247277,2319577,2238912,2238381,2300395,2217832,2240175,2254562,2294005,2201865,2258836,2299749,2270041,2362459,2307497,2284529,2323326,2352627,2242308,2285941,2158065,2263173,2219713,2287610,2197396,2243332,2183980,2289449,2167325,2279621,2232961,2309618,2333777,2217154,2248384,2328414,2270765,2337433,2287094,2284234,2212730,2361976,2410525,2373520,2420608,2481229,2371179,2432069,2463909,2469716,2472063,2474665,2537556,2425380,2521931,2596914,2530714,2550394,2577818,2314136
1.3,0.7,180,1773191,1733949,1824741,1889041,1913923,1949389,1960387,2030454,2044562,2122203,2114254,2203839,2200761,2209689,2200053,2137327,2138459,2055271,2126830,2166702,2221154,2267724,2187100,2213075,2223293,2244331,2156666,2202367,2285802,2264789,2281254,2227358,2386751,2301087,2212744,2275510,2337752,2306079,2323521,2195480,2266131,2274140,2158905,2158853,2187845,2256580,2265474,2167964,2243710,2208765,2114590,2143042,2032213,2111111,2061044,2192213,2164336,2147820,2102054,2245714,2193466,2114878,2130255,2155788,2213852,2218881,2206872,2205653,2188567,2115522,2123745,2104335,2114718,2134002,2129382,2079962,2110914,2067971,2075901,2075240,2133497,2120772,2117775,2181767,2153992,2160859,2234562,2196624,2117619,2189717,2079587,2256727,2341855,2328617,2328717,2301451,2321573,2294841,2436584,2294499,2213853,2307611,2316396,2305361,2349876,2384622,2464984,2396576,2021889
1.8,0.7,180,1800164,1843077,1878646,1882173,1931178,1986073,2083595,2106709,2039368,2193309,2203443,2064774,2163116,2086368,2162323,2177227,2194136,2143740,2275034,2090259,2269600,2088045,2155529,2122390,2073897,2075780,2197200,2080631,2159825,2168171,2190603,2173405,2233381,2050210,2147981,2199754,2136720,2074736,2088061,1996123,2132179,1987819,2002376,2104107,2001467,2041662,2003050,2041161,1992742,1939201,1990357,1903183,1960513,1893541,1919451,1945911,1863221,1985625,1986318,1945970,1983686,2013700,2092927,1957237,2052133,1998736,2042624,2061704,1991510,2051349,2079726,2140061,2150591,2013437,2021356,2000297,1965263,1996485,2116657,2060513,1998977,2010862,2041942,2197259,2279558,2344411,2317112,2217597,2150301,2221988,2154820,2189445,2178869,2172390,2181282,2104570,2086709,1997765,2174196,2265953,2328058,2313234,2239653,2232867,2218122,2266560,2361368,2282304,2011999
1.85,0.7,180,1812405,1755747,1821852,1959955,1957360,1993158,2051559,2126524,2143382,2275961,2208749,2236375,2189471,2276068,2250878,2278424,2273204,2248655,2249898,2288820,2272918,2167245,2205524,2304588,2192994,2225227,2202368,2239744,2228216,2168927,2203964,2229524,2230951,2299894,2123003,2180751,2138903,2218308,2128761,2244434,2163699,2204683,2192293,2146266,2195108,2202150,2232662,2110106,2193646,2225107,2237102,2231291,2226505,2293141,2168441,2292457,2257660,2302766,2328630,2230281,2257870,2245957,2211630,2165165,2204643,2262908,2199363,2213014,2175502,2268663,2186266,2256639,2215770,2271503,2218117,2206194,2233661,2156940,2265470,2191666,2207323,2169550,2163050,2155300,2148762,2172871,2321818,2249332,2240397,2200258,2344053,2356295,2348369,2282142,2300982,2284193,2366095,2513806,2493612,2532795,2568107,2517778,2469506,2493430,2621291,2592577,2630508,2345588,2178984
1.9,0.7,180,1718039,1774819,1875250,1778885,2025344,1993629,2119273,2173933,2210611,2283349,2211634,2347697,2356224,2362866,2296595,2299977,2330852,2267336,2306493,2364588,2310185,2266201,2327478,2323510,2238953,2241683,2330781,2265447,2290683,2254570,2287510,2253210,2209506,2253770,2249375,2252913,2248303,2287542,2337145,2279168,2246760,2213515,2288020,2282308,2228648,2231091,2331044,2262204,2280119,2248645,2163400,2176028,2324008,2237048,2250121,2292216,2212944,2316798,2306254,2270483,2313920,2265160,2254163,2409694,2450695,2529714,2297993,2378294,2383382,2337123,2324840,2294204,2332619,2466184,2389464,2426104,2374996,2508526,2519494,2496769,2453778,2579857,2552750,2509781,2538335,2468236,2506713,2479567,2547013,2457973,2515658,2602093,2539239,2492726,2465386,2511129,2487060,2475189,2402088,2450107,2474876,2439899,2556468,2518999,2494265,2657562,2608399,2677968,2433882
2.15,0.7,180,1801312,1833074,1837849,2059170,2128866,2213603,2136399,2293702,2273967,2258958,2347499,2215577,2234390,2384376,2485549,2399991,2325878,2165460,2049539,2136280,2134606,2087037,2169361,2111016,2189888,2062905,2074062,2122632,2033154,2073299,2006291,1988785,1992720,1985521,2004192,1972538,1972768,1940077,1975547,1947645,1890781,1937751,1965004,1975413,1989310,1912599,2021513,1908264,1930831,2000730,1993169,1901565,2014780,1994621,1940712,2026065,1957812,1906994,1867859,1837695,1887122,1909632,2012859,1900915,1984432,2038057,2061350,2019895,2011222,2072032,2163410,2075085,2086868,2188975,2095017,2175735,2179204,2102529,2190724,2137643,2140785,2173927,2167234,2427954,2312862,2399424,2264590,2287917,2297191,2298781,2508926,2358266,2366470,2404616,2291490,2374878,2446097,2479623,2521039,2497462,2528234,2603262,2576252,2554347,2610419,2703671,2671260,2413958,2198863
2.2,0.7,180,1769576,1818801,1889394,1919779,1962573,1983201,2107660,1979687,2054300,2070299,2089718,2067370,2154360,2214367,2328303,2408894,2432687,2381111,2331651,2369244,2323766,2249136,2213027,2263646,2271051,2245421,2260827,2225368,2249901,2225229,2268564,2381960,2355148,2472564,2304300,2263167,2232416,2294092,2184795,2212887,2154876,2228282,2117809,2191536,2098350,2190212,2113370,2055941,2075579,2121531,2075017,2024148,2083297,2000587,1983112,2017350,2004494,2037874,2029598,2062778,2095185,2058021,2015309,2018883,2085056,2149225,2114217,2102505,2127557,2197680,2159229,2084512,2153652,2119755,2127665,2178261,2033855,2145963,2062884,2197799,2155127,2213310,2273593,2254992,2292825,2303752,2148995,2197835,2203780,2252612,2280680,2362368,2300422,2305513,2369078,2359639,2427049,2460061,2521299,2575317,2593457,2570211,2417221,2526871,2585561,2585925,2395554,2125466,2038555
2.25,0.7,180,1833084,1882138,1831036,1950179,1898342,1960666,2002924,2031940,2052554,2144101,2151831,2172184,2219443,2129282,2148714,2109005,2234911,2152644,2175760,2135854,2228348,2207489,2099141,2142264,2136367,2126912,2094097,2135531,2085203,2029295,2085098,1954483,2047767,2085354,2018407,2117276,2093405,2093259,2090794,2113159,2061829,2087499,2044447,2110371,2130147,2073157,2004808,2154163,2059066,2087033,2070386,2100939,2114287,2004715,2101487,2066303,2062355,2009449,2057093,2091607,1984975,2106709,2105550,2178317,2194381,2159700,2230956,2318437,2165373,2272050,2314938,2291701,2316346,2237219,2279880,2366475,2252456,2375734,2338537,2243695,2319415,2272032,2327205,2355137,2237230,2279443,2291094,2272635,2352587,2332425,2399229,2358235,2404802,2391985,2297059,2377152,2441585,2412719,2298179,2433087,2402812,2529696,2498438,2575842,2692400,2528262,2314665,2119815,1980407
2.3,0.7,180,1782219,1773177,1828414,1968661,1976335,1930788,2093213,2057568,2093929,2208890,2199092,2183754,2294923,2150126,2213705,2168454,2258688,2202378,2239469,2178200,2202584,2170915,2098947,2182210,2179931,2225413,2154394,2147545,2087641,2215525,2174553,2158496,2151557,2206751,2174211,2232061,2214212,2223531,2161600,2231053,2207553,2166277,2142993,2143133,2143789,2165712,2213853,2132195,2062268,2057580,2019472,2087962,2107301,2137201,2141531,2112151,2070583,2113848,2018731,2062142,2128551,2143946,2128283,2075084,2123079,2071576,2158328,2016034,2127814,2088094,2087402,2154683,2170896,2211692,2190271,2107491,2110428,2113251,1956957,2049732,2044983,2104302,2073394,2159903,2099466,2183178,2245487,2189253,2239853,2203141,2200690,2161583,2271772,2240939,2255143,2199657,2358272,2308307,2335748,2411366,2413931,2395269,2479046,2495243,2450886,2525941,2546893,2225581,2139071
2.35,0.7,180,1768797,1870907,1893635,1954649,1984332,2022773,2066036,2112782,2097202,2171413,2171985,2187066,2222776,2222069,2290795,2206708,2173276,2214495,2237371,2188782,2306183,2214687,2142751,2209766,2246766,2261368,2161429,2181726,2249788,2136230,2191781,2176140,2212052,2137098,2193362,2255425,2282906,2234584,2252595,2332947,2297595,2331130,2357521,2274956,2296993,2230328,2305790,2262558,2234225,2202274,2150130,2185082,2213123,2130485,2120757,2128161,2137717,2140900,2199075,2131809,2122589,2125613,2061713,2078053,2035740,2215103,2142358,2042085,2083955,2080583,2035235,2150397,2085688,2184367,2171164,2252636,2174869,2079170,2133375,2122712,2198718,2188763,2146602,2148375,2145182,2233931,2212667,2175600,2195167,2292298,2196700,2219346,2307376,2275825,2357474,2421539,2312354,2408898,2411820,2495677,2342362,2422439,2375255,2518489,2506904,2454369,2496082,2228611,2037718
2.4,0.7,180,1810390,1808852,1827907,1935864,1993887,1998019,2059493,2092072,2054717,2113090,2151048,2197296,2170700,2080868,2164772,2157904,2152983,2272690,2253055,2218639,2217083,2224867,2113460,2153770,2178461,2140469,2127144,2125811,2118631,2157162,2101135,2182539,2160049,2112353,2086338,2084803,2099825,2131123,2201113,2138814,2163781,2071327,2177670,2103327,2113841,2087160,2050772,2001668,2066670,2082533,2122280,2158775,2051533,2080148,2091476,2113135,2109067,2107416,2309030,2167492,2193706,2187812,2153664,2211463,2262924,2251120,2099745,2261707,2186020,2197886,2174471,2234795,2231521,2186511,2285434,2359971,2283121,2266574,2353396,2402880,2378293,2337972,2395041,2512436,2387012,2518049,2382474,2621299,2568523,2570621,2540192,2499320,2487617,2548114,2553506,2562274,2527340,2627880,2645308,2574315,2611183,2696748,2750268,2718814,2749893,2780303,2375066,2124643,2053761
2.45,0.7,180,1740493,1798850,1865946,1997345,1971182,2046591,2129436,2170932,2266738,2266916,2283015,2280290,2301135,2291651,2408915,2301475,2388183,2246720,2348866,2352309,2186565,2271428,2272805,2207560,2261992,2168476,2204940,2307617,2198467,2261185,2204246,2233159,2180537,2160417,2179520,2169267,2138062,2197235,2167112,2208963,2142975,2102956,2151996,2093016,2181886,2174443,2110378,2192933,2166483,2092424,2118654,2141187,2184769,2108693,2171647,2150578,2225596,2108500,2244515,2188550,2177135,2088634,2264597,2322788,2239317,2212567,2234308,2301466,2139895,2175183,2221750,2182591,2132673,2148666,2202680,2205030,2222701,2203775,2246101,2167455,2223535,2146123,2196473,2314003,2243355,2294441,2161108,2212994,2354253,2320716,2255621,2341578,2292680,2283381,2294353,2397204,2477331,2422171,2422958,2425388,2584022,2525811,2511284,2531293,2569597,2492440,2638998,2255418,2041795
2.5,0.7,180,1803796,1871289,1958341,1906746,2016300,2019935,2132374,2124377,2088721,2162113,2231651,2186151,2203250,2289292,2290981,2181076,2260916,2267302,2183977,2190544,2160976,2136459,2121518,2131823,2129400,2152713,2194794,2247354,2200557,2150508,2141330,2118634,2178697,2137523,2144457,2175533,2062094,2097399,2066491,2059342,2101442,2209615,2122330,2151744,2136414,2143793,2185827,2150003,2209246,2179554,2246132,2103000,2182890,2198705,2165627,2239860,2236133,2208564,2112405,2207583,2156262,2160573,2229492,2292589,2294778,2292337,2275286,2263002,2228172,2169845,2153908,2139406,2212281,2105531,2125437,2121632,2199000,2198785,2267586,2292110,2205470,2279135,2211697,2261427,2282595,2221909,2264257,2297011,2291678,2329218,2294216,2336671,2356019,2330013,2357235,2467955,2399938,2428824,2501494,2530971,2587870,2595926,2546253,2652038,2669700,2760205,2696254,2357011,2182114
2.55,0.7,180,1888052,1926283,1993043,1991416,2077779,2066144,2201732,2214022,2238571,2237230,2232369,2240201,2237078,2181968,2236421,2225430,2100569,2270562,2168967,2292196,2162040,2233979,2165858,2195068,2179083,2121097,2200754,2177077,2193958,2120045,2141348,2135990,2172093,2126367,2099327,2130547,2142357,2150932,2095852,2080085,2113599,2077058,2102666,2014350,2073912,1958850,2061932,2034118,2060097,2010644,2112565,2068164,2056593,2094034,2188056,2215184,2226536,2131655,2194482,2232311,2171347,2077925,2190625,2119851,2186784,2033303,2145783,2136137,2141385,2136502,2087917,2055607,2106831,2094106,2124699,2195141,2201274,2258598,2226770,2183775,2212698,2153042,2228569,2194352,2212111,2146754,2211276,2178794,2229108,2211263,2280756,2149226,2174140,2257589,2244367,2230093,2269624,2215575,2285963,2406702,2385951,2379525,2471443,2460094,2565975,2522720,2606611,2280111,2032071
2.6,0.7,180,1861187,1957849,2034015,2050030,2145782,2192604,2277772,2274385,2263136,2239964,2291001,2346841,2316844,2363490,2390497,2365357,2332904,2367817,2336397,2287732,2256652,2281278,2299895,2333779,2195371,2169765,2246671,2270388,2131638,2248104,2183905,2208233,2151243,2204751,2198031,2227758,2212605,2223690,2323430,2232652,2262164,2268334,2210354,2219432,2221079,2261462,2273180,2308445,2253249,2231274,2184330,2270923,2226990,2263851,2214641,2252876,2257006,2228169,2200251,2170087,2191655,2192593,2214040,2200490,2203378,2229523,2212887,2201883,2163952,2171013,2215807,2181994,2092054,2222345,2286917,2346225,2420265,2632897,2592759,2527279,2417429,2441280,2327649,2351414,2269127,2308375,2334384,2341396,2323210,2301312,2453313,2390983,2370956,2376491,2457342,2418469,2484780,2577007,2477347,2523701,2586375,2519700,2584692,2526607,2499190,2464402,2542347,2123604,2117671
2.65,0.7,180,1832899,1938426,2014552,2049881,2099144,2163134,2193283,2275244,2250330,2285092,2291971,2299580,2326292,2244142,2288219,2271477,2323384,2241532,2300884,2313592,2284285,2300604,2197648,2258206,2190920,2211951,2249701,2232667,2233792,2267464,2181115,2222543,2129885,2114267,2094744,2168085,2042841,2145959,2076616,2114842,2103721,2075002,2101453,2147270,2087152,2153172,2116144,2163893,2165599,2094628,2102301,2150915,2124373,2147527,2111484,2155727,2235081,2144007,2182743,2075045,2121408,2184820,2226375,2206898,2254547,2217952,2240584,2272435,2266455,2338552,2272365,2322114,2206860,2214303,2262663,2245966,2178140,2226576,2257574,2209143,2222065,2248758,2267683,2282468,2210066,2327804,2266934,2326448,2306691,2355995,2313289,2300781,2381510,2381131,2498417,2559882,2506975,2514334,2471024,2576314,2618076,2702255,2773192,2820584,2777598,2766404,2864237,2391872,2263410
2.7,0.7,180,1874057,1838883,1946609,2055499,2086348,2121602,2220336,2225017,2254612,2285503,2228242,2184018,2265290,2255679,2229116,2353219,2308724,2361734,2287036,2279347,2302159,2277834,2270042,2205544,2223277,2233037,2265689,2150459,2187475,2259212,2226294,2273588,2102409,2170304,2139607,2076836,2153520,2147720,2180172,2192746,2101133,2017621,2124036,2123270,2173150,2116814,2168280,2077694,2116610,2169030,2089139,2045002,2122947,2097108,2125962,2088699,2112176,2089870,2028013,2123244,2086756,2083847,2069016,2009100,2048010,2099915,2065858,2053539,2117971,2106749,2146277,2086084,2151648,2133693,2099743,2160369,2239068,2182979,2190093,2216739,2261156,2149914,2271376,2363010,2330151,2334171,2371127,2355420,2361613,2257960,2421025,2444237,2436876,2503678,2526508,2514268,2580215,2568828,2583954,2649678,2657239,2775674,2877493,2774764,2784103,2880111,2905025,2803703,2287201
2.75,0.7,180,1849650,2001409,2035749,2075592,2151658,2240876,2161714,2304750,2222153,2234134,2280535,2271623,2281054,2323708,2445942,2358831,2395710,2370194,2401425,2345299,2274588,2241579,2287096,2298879,2233815,2288167,2183559,2220175,2260944,2258895,2186239,2180608,2196018,2177974,2092370,2061872,2142157,2129666,2189359,2158802,2180206,2176257,2121502,2120999,2088318,2160955,2049551,2118084,2115611,2147662,2152777,2206657,2132733,2115956,2202379,2142255,2211479,2149453,2177532,2057371,2192789,2174520,2093533,2117344,2072264,2105783,2203642,2227635,2078299,2116783,2128541,2232854,2161897,2152245,2175946,2061414,2130907,2121300,2171846,2216900,2192038,2198833,2144068,2161499,2228190,2154174,2165292,2213422,2244881,2249605,2178593,2211192,2282357,2267325,2475841,2344335,2483695,2409199,2398774,2590013,2567600,2588986,2418961,2659694,2667725,2697286,2722367,2412394,2129977
2.8,0.7,180,1800647,1940786,1926967,1989123,2110668,2175321,2164971,2128980,2320431,2360499,2388185,2365478,2375219,2343645,2320946,2412153,2489261,2561503,2643237,2791253,2655172,2676822,2658551,2630817,2524752,2550752,2659391,2535902,2475531,2495036,2476843,2404280,2344174,2399278,2386893,2325983,2345923,2392663,2337336,2460966,2388389,2413921,2307372,2346160,2358303,2388274,2279532,2314447,2184515,2333012,2265533,2245671,2295715,2319882,2386905,2268214,2232615,2273946,2220071,2250492,2203373,2250528,2217042,2300360,2355775,2370697,2414745,2574895,2437237,2446218,2454561,2346046,2468224,2594128,2663993,2672109,2522554,2516961,2489611,2468069,2432344,2546737,2469210,2468981,2367381,2395967,2470189,2485159,2532322,2515621,2495612,2562445,2514224,2567016,2505142,2541963,2696446,2636701,2760344,2887890,2801743,2795295,2795278,2825442,2871393,2821658,2758059,2274470,2094286
2.85,0.7,180,1791074,1890337,1815450,1900551,1967577,2119869,2027689,2144760,2112301,2144377,2067410,2071932,2024408,2139944,2125480,2181102,2240291,2236257,2259651,2216621,2197311,2241721,2235361,2173886,2188480,2295421,2197530,2248459,2198252,2172195,2186352,2184907,2192006,2072363,2136441,2098957,2162691,2206865,2101227,2097672,2052869,2241358,2159686,2108991,2206029,2115360,2179456,2239050,2188333,2218443,2197405,2072051,2144682,2067227,2145119,2199270,2173344,2195204,2207067,2205676,2138269,2122502,2157980,2184869,2122837,2112581,2091831,2127817,2078640,2082353,2138155,2084538,2047276,2151612,2157805,2066231,2057531,2124734,2008368,2155810,2191863,2146921,2256261,2308165,2326298,2355902,2295569,2250729,2293925,2378012,2318238,2302104,2362847,2427805,2416997,2358393,2485436,2448399,2553678,2584478,2586739,2703548,2701708,2716478,2781479,2688799,2678533,2631983,2139019
2.9,0.7,180,1729599,1835121,1908336,1986924,1996776,2078271,2039189,2109004,2211661,2146508,2216841,2346152,2352634,2316271,2335469,2298393,2227322,2319034,2256683,2259959,2226388,2307472,2295466,2264006,2298345,2234581,2240626,2239405,2184689,2281304,2279489,2266873,2276978,2263447,2210406,2164354,2277946,2280393,2232361,2182022,2146743,2170506,2208670,2258337,2240828,2260377,2155405,2123975,2130614,2109430,2097704,2111683,2074767,2047730,2094924,2070461,2060529,2152491,2257653,2107764,2137620,2192716,2102063,2158368,2199453,2207574,2150291,2084247,2109342,2176671,2165503,2195242,2218809,2234259,2167294,2080581,2215979,2211328,2206438,2244978,2210637,2330841,2307209,2389492,2436595,2466822,2551818,2521385,2516323,2670104,2711258,2585207,2538756,2641714,2590466,2603341,2646258,2630057,2619474,2678536,2707397,2785558,2766555,2877485,2903435,2863039,3016375,2575444,2251794
2.95,0.7,180,1769301,1746905,1887372,2015007,2023859,2075231,2200325,2254381,2256820,2205222,2252836,2199620,2344862,2249886,2289088,2346514,2317701,2203640,2324100,2334530,2291765,2311672,2301975,2317984,2324531,2335115,2325213,2314089,2334828,2317740,2317035,2376586,2382162,2290111,2370394,2404351,2297023,2334126,2400570,2362117,2351371,2299095,2329544,2370454,2288973,2357232,2357426,2300375,2250137,2257030,2233303,2288848,2250784,2170299,2187717,2139133,2273458,2116398,2153500,2129578,2276113,2219172,2129714,2271915,2147250,2178681,2153759,2190109,2234320,2256707,2245460,2236089,2260052,2282934,2268153,2287264,2271854,2332487,2308147,2319730,2273324,2291817,2354959,2204646,2170577,2206085,2176769,2242327,2171876,2221262,2196698,2310745,2356337,2331202,2468692,2376757,2392512,2388501,2433108,2425207,2478948,2479512,2449816,2514252,2479493,2591369,2626301,2226954,1970889
3,0.7,180,1706822,1738978,1872104,2023121,2036673,2035008,2006338,2187012,2231360,2190222,2254653,2300360,2343274,2241171,2219736,2250254,2219830,2135039,2158075,2298026,2238577,2204549,2270271,2160760,2208722,2105734,2133982,2163279,2145306,2122712,2078678,2138039,2150624,2112958,2175561,2158022,2095962,2197612,2137651,2077318,2137207,2164119,2118708,2116457,2168425,2038192,2007441,2051231,2024984,2016764,2133313,2165037,2121916,2127046,1997006,2132400,2123028,2161127,2118184,2113430,2089139,2205984,2190808,2201416,2099958,2110579,2076827,2072245,2131092,2052169,2103604,2089158,2133895,2083732,2089699,2050430,1989604,2037506,2053089,2070577,2113193,2091272,2091875,2145959,2195136,2120652,2102598,2172489,2193732,2250453,2252808,2237772,2279127,2304197,2335670,2402223,2430691,2394047,2538812,2497480,2464488,2500404,2712255,2720362,2658485,2760301,2744906,2709015,2135106
3.05,0.7,180,1779501,1841937,1850584,1894671,1991377,1996916,2101921,2102748,2134595,2140835,2278553,2200683,2170887,2221171,2206044,2159219,2225654,2165186,2113678,2147606,2206758,2119524,2133613,2172485,2212618,2220139,2123552,2111997,2161812,2106500,1998859,2145615,2054661,2057055,2094402,2177951,2125125,2136516,2085500,2064580,2167803,2146718,2118151,2100538,2042747,2096489,2023402,2106465,2021167,2101065,2122852,2055184,2036351,1971054,2037708,2036652,2093293,2121016,2093932,2032061,2070811,2023964,2060958,2148780,2168036,2210390,2198773,2087688,2049659,2111764,2185578,2192568,2216363,2128215,2209895,2199276,2161295,2211727,2207356,2200565,2301195,2297765,2222017,2297904,2197872,2220071,2224667,2204000,2253743,2285790,2255337,2285800,2332776,2315908,2312407,2339532,2400810,2412488,2565821,2560865,2602628,2656016,2766781,2629967,2697373,2683170,2762357,2497395,2043672
3.1,0.7,180,1638307,1727562,1860520,1909576,1904816,2002544,1987316,2056859,2011096,2063199,2158433,2059132,2003278,2046305,2128163,2008083,2048813,2035542,2065591,2021085,2057398,2056228,2034002,1977151,1998506,1999060,1960477,2033037,2020101,2011261,2035821,2000814,1941262,2019822,2000328,1982579,1951532,1950182,2039495,1893443,1869282,1916248,1916492,1933625,1941862,1946912,1973591,2008989,1949324,1934095,1924579,1958003,1954029,2005820,1932455,1931937,1934625,2006389,1929452,1959732,2038002,1899390,1928839,1866611,1900008,1870172,1904532,1916253,1911763,2020939,1994824,1900727,1920775,1915604,1969528,1894910,1925055,1889245,1903405,1915373,1872340,1919878,1989240,2023288,1939867,1873471,1883202,1906810,1976370,1950154,1957944,2080507,2081092,2085826,2042780,2136823,2162543,2222792,2285746,2355874,2454619,2428971,2510934,2439568,2317451,2394788,2398812,2589754,2253288
3.15,0.7,180,1741300,1821794,1860799,1893933,1996034,1941830,1963386,2003464,2033066,2114511,2028595,2124937,2097528,2067913,2112581,2068545,2025766,2052676,2073162,2081007,2039388,2002002,1994652,2099120,2011054,1973156,2073050,2043217,2022762,1929508,2013303,2023038,1969053,1980022,2057979,2137524,2087656,2076784,2029454,2094022,2042288,2114670,2058913,2071847,1971661,1994452,2037984,2034728,2040439,2004725,2021783,2123531,2043732,1994623,2052523,2142342,2034804,2032476,2020832,2049020,1976197,2023645,2003375,2086866,2023302,2013258,2089900,2062824,2031869,2052775,2015380,2001302,2006203,2046509,2007716,2098881,2038039,2153786,2160547,2154278,2139999,2126185,2210029,2187164,2216199,2153656,2173632,2147539,2105174,2154830,2109157,2136081,2165628,2183611,2173789,2219872,2224506,2363581,2448742,2407639,2441814,2438425,2350180,2462993,2423336,2414375,2397356,2346088,2139434
3.2,0.7,180,1782674,1814939,1881607,1884594,2032555,1931792,2057411,2021484,2021857,2061000,2097816,2040380,2123797,2059001,2097266,2135191,2124206,2096442,2027121,1990474,2054827,2116427,2081599,2072144,2136093,2089762,2060139,2084571,2051617,2107665,2088419,2048815,2106958,2082375,2021258,1969657,2016765,2115020,2100332,2040769,2023148,2047627,2073764,2024319,2058983,2092575,2098281,2039839,2047980,2034383,1950680,1986339,2057351,2050603,1985667,2058559,2089657,2036489,2010535,2089115,1994974,2057076,2009562,2018165,2084850,2118565,2010929,2105676,2057732,2141118,2027914,2124705,2079760,2067057,2072412,2080896,2156823,2037470,1985300,1964585,2006663,2062777,2041628,2068804,2101476,2101872,2105904,2092654,2172812,2161543,2178551,2113077,2108950,2216149,2220985,2239987,2315137,2518110,2494966,2584676,2543716,2549869,2506956,2548484,2568037,2575772,2602843,2526718,2052368
3.25,0.7,180,1709126,1746955,1770884,1908341,2017678,1949309,2035621,1987233,2093827,2196419,2147526,2215209,2201608,2198028,2217916,2169342,2251232,2198412,2207442,2251252,2230974,2239249,2258578,2069414,2194871,2203863,2135545,2239905,2166334,2125426,2214661,2214727,2215143,2120428,2170543,2229481,2160330,2149606,2156428,2136101,2165757,2172232,2114342,2148686,2136197,2159573,2112628,2165210,2118960,2161671,2097443,2100133,2063535,2203514,2138594,2123658,2126198,2044082,2205448,2149363,2157737,2172792,2173895,2172046,2154748,2187234,2195810,2295773,2155923,2192656,2191169,2125737,2253297,2190849,2225958,2178680,2178932,2063187,2104009,2180420,2236122,2170690,2282525,2181584,2198880,2201501,2229652,2251456,2209783,2288998,2201770,2292436,2236353,2242020,2217585,2291253,2311537,2291202,2322929,2354888,2417412,2548418,2580596,2572948,2569558,2584053,2557414,2500092,2084115
3.3,0.7,180,1679431,1830363,1818245,1920258,2036002,2103638,2143481,2236803,2171289,2217738,2173266,2222021,2233087,2315257,2272800,2272348,2402827,2435710,2432130,2480796,2422518,2310200,2352929,2342725,2396744,2345961,2246305,2409509,2359419,2210738,2240977,2269155,2276638,2274026,2262588,2284879,2318520,2266567,2262337,2306774,2291859,2354379,2305567,2269673,2253292,2188768,2274483,2238102,2256037,2257110,2222654,2190573,2249148,2286104,2207252,2295880,2245265,2130512,2176960,2144970,2216718,2174407,2216337,2229976,2231866,2220699,2301655,2245360,2282080,2240069,2205699,2240051,2238502,2276712,2174237,2145714,2220976,2183858,2187711,2204571,2201919,2198251,2200398,2157643,2232377,2348790,2373986,2439752,2344008,2336187,2349657,2341585,2378618,2469199,2399043,2524484,2495028,2518154,2577840,2672801,2696878,2691932,2771508,2716013,2666131,2669719,2734677,2752658,2377015
3.35,0.7,180,1733648,1798051,1854451,1886150,1952797,2028289,2065147,2177078,2138433,2261438,2242846,2284539,2292200,2375974,2387735,2349347,2382304,2330743,2365493,2343166,2348976,2387355,2317973,2395026,2254381,2384184,2272108,2258442,2260333,2369817,2234185,2253631,2304209,2301421,2276070,2345806,2281798,2306686,2320793,2270744,2207273,2199818,2205600,2239158,2201948,2190105,2156496,2216847,2222923,2208693,2218783,2177482,2256596,2325537,2318337,2240843,2155107,2310284,2273181,2278330,2286748,2294664,2252799,2237208,2250569,2247658,2236980,2377572,2358957,2435514,2371098,2386353,2404048,2345468,2437530,2449780,2432244,2465713,2424937,2370525,2416299,2429923,2455132,2483910,2566948,2598237,2752225,2683580,2611556,2727745,2839768,2825560,2670572,2608024,2555306,2554556,2557412,2625387,2707661,2839608,2919208,2937404,3066372,3063608,3113710,3029581,2998889,3028627,2393280
3.4,0.7,180,1780115,1793883,1889795,1998943,2060425,2076582,2244401,2157321,2197329,2182541,2277173,2270604,2292015,2298200,2346360,2319178,2338501,2387660,2426345,2377009,2375833,2423108,2369765,2400226,2533921,2396597,2433246,2473035,2435857,2467457,2475338,2465776,2399441,2347888,2305219,2310940,2362181,2321466,2301897,2313521,2337944,2327211,2300145,2348076,2375478,2290323,2351479,2299619,2390724,2389312,2379219,2341479,2377802,2369172,2357740,2396082,2374698,2391750,2398294,2367842,2311481,2358349,2359390,2174529,0,0,0,0,0,0,0,0,0,0,0,0,0,0,0,0,0,0,0,0,0,0,0,0,0,0,0,0,0,0,0,0,0,0,0,0,0,0,0,0,0,0,0,0,0
0.05,0.75,180,1700895,1776804,1869024,1943880,1996286,2032864,2070757,2076584,2110205,2170713,2062925,2178635,2077839,2071191,2057152,2081954,2195181,2253854,2260661,2171965,2177749,2179217,2239848,2066514,2128338,2177774,2122004,2041546,2039971,2009064,2040160,2065187,2016122,2000911,1992783,2121888,2028946,1991048,1909722,2104738,2040486,2024556,2002808,2083832,2031969,2107899,2058014,2120771,2019529,1943672,1982500,1983806,2050440,2088239,2024559,2067554,2006356,1988426,1964470,2097392,1954036,1979514,1882301,1854305,1919773,1945786,2028419,1949220,1961084,2025429,1975497,2007676,2045790,1938761,1967880,2070862,2058566,2013239,1953819,2053178,2049386,2050386,1991712,2092378,2117748,2131034,2220643,2201131,2204810,2260095,2229578,2183528,2260157,2222068,2403462,2353317,2436179,2463874,2475126,2612949,2682549,2533811,2703483,2603234,2683670,2709846,2734479,2564239,2290578
0.1,0.75,180,1732525,1741995,1815500,1924724,1919906,2068572,2173022,2223505,2261726,2209348,2210162,2185446,2208910,2099668,2196519,2234831,2227376,2272746,2251887,2289849,2411540,2498149,2513818,2611483,2446983,2466985,2599804,2563837,2533833,2531859,2591687,2480272,2619455,2606854,2572612,2611432,2698616,2562804,2589766,2585488,2608152,2583387,2565826,2487328,2567891,2548685,2608747,2512980,2552452,2452383,2514841,2428325,2411235,2452587,2454687,2392524,2365633,2276201,2425308,2393317,2357575,2277479,2400043,2372236,2316079,2255254,2333684,2329865,2362314,2258228,2310450,2353029,2474180,2364221,2370066,2191420,2337667,2340552,2303322,2308751,2576846,2405918,2499600,2470288,2444510,2371418,2319345,2386012,2326323,2376713,2287299,2328015,2296440,2456108,2362767,2401686,2465321,2557498,2538918,2507447,2593054,2572143,2698634,2655197,2671547,2624372,2558621,2649954,2258392
0.15,0.75,180,1781815,1781627,1799957,1843603,1955200,1995075,1968246,2081881,2119857,2180723,2122774,2197595,2256485,2254047,2167809,2176860,2106012,2165863,2138189,2187556,2127213,2214145,2146609,2298467,2194261,2150239,2122366,2142236,2111333,2108753,2067242,2092277,2057305,2132868,2074416,2089069,2108131,2106121,2174933,2107683,2156891,2189979,2217924,2096822,2099141,2091400,2096521,2103316,2119458,2032810,2121791,2058665,2092310,2107817,2087936,2138482,2089730,2086453,2134828,2102812,2042880,2115099,2074806,2096881,2074435,2114416,2040947,2183665,2135730,2164750,2242529,2267957,2374468,2289827,2229668,2326708,2260692,2342927,2291160,2286579,2227827,2329698,2399568,2407127,2464631,2408131,2300887,2369522,2443570,2312989,2361541,2409045,2307921,2281567,2350948,2339977,2434397,2467042,2439777,2510385,2554363,2608988,2488891,2584660,2562497,2694215,2711509,2725403,2349016
0.2,0.75,180,1672013,1731332,1743026,1912875,1865159,1892226,1899666,1997097,1993438,2051792,2146179,2122263,2152285,2115940,2132739,2198993,2263020,2302463,2200980,2198844,2074100,2128769,2108528,2282747,2191996,2206665,2210871,2274304,2252018,2219997,2158418,2165043,2282114,2226420,2192790,2141146,2169223,2103361,2115272,2091951,2182237,2137493,2186977,2107219,2104252,2059192,2101524,2017509,2027354,2122073,2027438,2105464,2043115,2096364,2103801,1991081,1988569,2090531,1994595,2054426,2000524,2113731,2129385,2070296,2083470,2096285,2098640,2104218,2092262,2079859,2118040,2065735,2088028,2096835,2152622,2239371,2294303,2223518,2228211,2069791,2102610,2083292,2104078,2155711,2045492,2213459,2047757,2201607,2215068,2256971,2140537,2163420,2159651,2272891,2265593,2337033,2300917,2403024,2362183,2406905,2520313,2524922,2486461,2502959,2593138,2526753,2571248,2613620,2327419
0.25,0.75,180,1670981,1721418,1800875,1804599,1936439,1956462,1863659,2048395,2054031,2119864,2111706,2137444,2146253,2217810,2304279,2148600,2248996,2141572,2282186,2143133,2143794,2213152,2123710,2104505,2124902,2156698,2092504,2038078,2063977,2089370,2103628,2069309,2035256,2074839,2070832,1987623,2011282,2091739,1953217,1994679,2102864,2075972,2014572,2104735,2019395,2035309,1995155,2144766,2032165,2048064,2009386,1921112,2092949,2013648,1954862,1984974,2024000,2041974,2010121,2035000,2003143,2033417,1988232,2031012,2020620,1973102,1962969,1961850,2055794,2080058,1980674,2046170,2031274,2008328,2035485,2128470,2051184,2031750,1968057,2099365,2246034,2050103,2198100,2098394,2185820,2165486,2208718,2134593,2128233,2168400,2195653,2218256,2214662,2252472,2273276,2275976,2336755,2349673,2361601,2304645,2272036,2264231,2364933,2388202,2420622,2380736,2490522,2458449,2082811
0.3,0.75,180,1776058,1766394,1831873,1803947,1856416,1877372,1952605,1981241,2006172,2035638,2069033,2081855,2172582,2300136,2319667,2450749,2313215,2216803,2329480,2228027,2248062,2302224,2227471,2169036,2299071,2250407,2193101,2179435,2250854,2186909,2189867,2113340,2087444,2194811,2117352,2116219,2154430,2100841,2071172,2093620,2071132,2144524,2135309,2120005,2031415,2047411,2009307,1973129,1996475,2053166,2038586,2081209,2050894,2022788,2074047,2071039,1988375,2008566,1954282,2050813,2005034,2026256,2052953,1951887,2043311,1981484,2027417,1983281,2010564,2010137,1897378,1954070,1981206,2150170,1997290,2023907,1987179,2057777,2054501,1940282,1932271,1938808,1921258,2001922,2054653,1943743,2089934,2122309,2017562,2077950,2146901,1993556,2160202,2151451,2175977,2205268,2179082,2225945,2283345,2284351,2263695,2312715,2404081,2510962,2467339,2357352,2550340,2470656,2234459
0.35,0.75,180,1664753,1719464,1751514,1867778,1934423,1874537,1924938,1922475,1954786,1993636,2034742,2086844,2188268,2155236,2222143,2142055,2203540,2243586,2200362,2287877,2224255,2137668,2159277,2202597,2137103,2230116,2144428,2211521,2179901,2068427,2120350,2150805,2212357,2281502,2244022,2164306,2206817,2186237,2138511,2145908,2127909,2150681,2266356,2106232,2169336,2306016,2126676,2123078,2236155,2157764,2135949,2114374,2161451,2146436,2137474,2165746,2131176,2110165,2064586,2146427,2110941,2216870,2181147,2119389,2113021,2109535,2115188,2061281,2084838,2110041,2029513,2152626,2046063,2032646,2038504,2001279,2155154,2153201,2117455,2101423,2099434,2091200,2056789,2107395,2046147,1921061,2057039,1982119,2002061,2019190,2091710,1994632,2023087,2129683,2256818,2248341,2242908,2228868,2234335,2231937,2285048,2345700,2358365,2410649,2390712,2446778,2397407,2625285,2511968
0.4,0.75,180,1667462,1737048,1787242,1767856,1799136,1855651,1903714,2008125,2060611,2175437,2178286,2218821,2176362,2223390,2301685,2271504,2280241,2285167,2296834,2266126,2239923,2232411,2239966,2249975,2214713,2270547,2174787,2199524,2191033,2227132,2131119,2256605,2233046,2301735,2332198,2214859,2263699,2257447,2237320,2297782,2213926,2246516,2215921,2319479,2241584,2270849,2227689,2257432,2223694,2294026,2183662,2230802,2188580,2159678,2211134,2224964,2229479,2249016,2220444,2210758,2097483,2247385,2188113,2147821,2197983,2204067,2165841,2117782,2118667,2226929,2095039,2088910,2077994,2103987,2042569,2092484,2086976,2011130,2199051,2224182,2250138,2223582,2253675,2298709,2127476,2155547,2110695,2220925,2146306,2196727,2238053,2309263,2328038,2330223,2290379,2340253,2356338,2334309,2405364,2556903,2778007,2665991,2572363,2501761,2606506,2669241,2569887,2712871,2299784
0.45,0.75,180,1762998,1739927,1812343,1852406,2006333,2059621,1966111,2121204,2098151,2110467,2207141,2255251,2349665,2352652,2388456,2341588,2229412,2309413,2352432,2349879,2374917,2312437,2310092,2265895,2287178,2198657,2172251,2221810,2233462,2184130,2181689,2232248,2269770,2181421,2232329,2238591,2200691,2244831,2294900,2214176,2244076,2222391,2233531,2157226,2168977,2143587,2384726,2235051,2209620,2249144,2256636,2237384,2306808,2201334,2242477,2166897,2162808,2160404,2152637,2138157,2125891,2207408,2155833,2129621,2106375,2072291,2094599,2121353,2115500,2089834,2157273,2099120,1984587,2125780,2075977,2083863,2099297,2138440,2064292,2082245,2162175,2130342,2293055,2244541,2277387,2419032,2351766,2362027,2328987,2380098,2369845,2352656,2449074,2447471,2433433,2439641,2441948,2494182,2460665,2518222,2480951,2527047,2590984,2537931,2559531,2642027,2613966,2663903,2449640
0.5,0.75,180,1804326,1822734,1907432,1894342,1872270,1999421,2058955,2126925,2112503,2129375,2206326,2281646,2264939,2383134,2294172,2322206,2285136,2300850,2470233,2477164,2332313,2393824,2405318,2364928,2401438,2305613,2401231,2311034,2325728,2245317,2248423,2193130,2222732,2266119,2221302,2257264,2368839,2365578,2331891,2306892,2319470,2392529,2375887,2487327,2445090,2475165,2374344,2462809,2434155,2431589,2462944,2304675,2410209,2310423,2295524,2353472,2290844,2290339,2330776,2339954,2319489,2320512,2164476,2234951,2253441,2258971,2310705,2217329,2231111,2278811,2157323,2187172,2232521,2213365,2227488,2223968,2232754,2319979,2344830,2345611,2381029,2241997,2265554,2281581,2399568,2320620,2282431,2261004,2334748,2228603,2275115,2323120,2362841,2274077,2374696,2406961,2390767,2495284,2417284,2455651,2454300,2538158,2447050,2592322,2521615,2460972,2458838,2518924,2514273
1.1,0.75,180,1774002,1898252,1965619,1926230,2040191,2069707,2116671,2094018,2128867,2140463,2113677,2180620,2181919,2177266,2159036,2187174,2105698,2115849,1975415,2046059,1992601,2089116,2120764,2102697,2027282,2039717,2003068,1905916,2084144,2107490,1965324,2123087,2002951,2070702,2104975,2131772,2081502,2090942,2048144,2092825,2062586,2136723,2099696,2232696,2125352,2040035,2087255,2016363,2136691,2194179,2063242,2060924,2102171,2050272,2012671,1961230,1992543,2015669,2080075,2069343,2124046,2102910,2183013,2140664,2121606,2095088,2101489,2130933,2081515,2076770,2001703,2042498,2040068,2030127,1931718,2040545,2032098,2089729,2068057,2163781,2142537,2097518,2139976,2014687,2113895,2028281,2047626,2002010,2031647,2100383,2218965,2293913,2355249,2379470,2518068,2563790,2568427,2704330,2509247,2446060,2451990,2530986,2632016,2708513,2830937,2784047,2811044,2743006,2485445
1.15,0.75,180,1810400,1855055,1787731,1825450,1866962,1932680,1996796,1942435,2064295,2074273,2107829,2035886,2085252,2140314,2184691,2173220,2183939,2279374,2269810,2255008,2210762,2291986,2151662,2153625,2221668,2221225,2298904,2287240,2286686,2311782,2263447,2231043,2240374,2324926,2178124,2257920,2234457,2249416,2184199,2256818,2168677,2131078,2307120,2305734,2384102,2347119,2418122,2371444,2339607,2433595,2408173,2388805,2434392,2291367,2336829,2290694,2253359,2267834,2202915,2129309,2232005,2279235,2339908,2287067,2312948,2334799,2230502,2313729,2458217,2217246,2414192,2389018,2318090,2388220,2274228,2313936,2303882,2357391,2320079,2412656,2394053,2360169,2347114,2333412,2285668,2370662,2442020,2355535,2289694,2344764,2404968,2384961,2462940,2476207,2499304,2545554,2517400,2529926,2500100,2506128,2477346,2441001,2498766,2549103,2632946,2613624,2683816,2656683,2253514
1.2,0.75,180,1885371,1925400,1926347,1959927,2063552,1976634,2021599,2030910,2070137,2129251,2193369,2216812,2252942,2218053,2140856,2168585,2185718,2198801,2222252,2202752,2186284,2146858,2181315,2172557,2218203,2141763,2137372,2197779,2155776,2159853,2138805,2160739,2174827,2173868,2087120,2219010,2120097,2098233,2153507,2169348,2121271,2129998,2072902,2112174,2155793,2153423,2158537,2124809,2226254,2086652,2121243,2127495,2051711,2053756,2088505,2151597,2139298,2125298,2112464,2122702,2138983,2064998,2107115,2142321,2148321,2140384,2238060,2084504,2118642,2137742,2106162,2184132,2175654,2109699,2173070,2115127,2193002,2078915,2213669,2265202,2278483,2272762,2220101,2279171,2324790,2344309,2401761,2264286,2306973,2275487,2234428,2213391,2249707,2261278,2145295,2298059,2333913,2317874,2314972,2369629,2442370,2537679,2432134,2479081,2621811,2515172,2579536,2475590,2240819
1.25,0.75,180,1802100,1679101,1845249,1964131,2007828,1907031,2152546,2065389,2247647,2173129,2200055,2220517,2321567,2216832,2139487,2224153,2109332,2166032,2266354,2288799,2186784,2263576,2254717,2171517,2187774,2294008,2182264,2289119,2272827,2232985,2252968,2265380,2245514,2278022,2244521,2306232,2311415,2263338,2182465,2199536,2299110,2252806,2206749,2282891,2256608,2244397,2208891,2280566,2267816,2205164,2291186,2245210,2262154,2220616,2198731,2164460,2310713,2207766,2318231,2289587,2347380,2197828,2225984,2307671,2261738,2133345,2231652,2279509,2272343,2364932,2350276,2167198,2281042,2179647,2284632,2201771,2259631,2144832,2159696,2278376,2140501,2269525,2310091,2219364,2322298,2249459,2240273,2296595,2374338,2342357,2393078,2408754,2408239,2326045,2507117,2443770,2399590,2411489,2527278,2512710,2560238,2564738,2638064,2699166,2658751,2819730,2795657,2770374,2593394
1.3,0.75,180,1844346,1850421,1934111,1987794,2168024,2090386,2310017,2245155,2349580,2433061,2458785,2378147,2506928,2583654,2496867,2377365,2573802,2487821,2556691,2544839,2525305,2466139,2500947,2549406,2419232,2474709,2446134,2404119,2381200,2393909,2397204,2334884,2400110,2399810,2392035,2341094,2436587,2344792,2450306,2321162,2329554,2389822,2351941,2322090,2238342,2274499,2305275,2366151,2338429,2377102,2354046,2328669,2340699,2391443,2405011,2498811,2407373,2391126,2392946,2444618,2393491,2308907,2360824,2358447,2394529,2361293,2426977,2456820,2323027,2329786,2336665,2450810,2280760,2453527,2412677,2450867,2522007,2544792,2631584,2565809,2574401,2487872,2558847,2466660,2479685,2526942,2645941,2560477,2547511,2560748,2601928,2628022,2579847,2616641,2778554,2747872,2742836,2750748,2829812,2923185,2743758,2786519,2795423,2881135,2878210,2819528,2850009,2907627,2569540
1.8,0.75,180,1746472,1897961,1914638,1915154,2087644,2106180,2342840,2341298,2294828,2348765,2258518,2276592,2315414,2339627,2382423,2410761,2386075,2399851,2409288,2508033,2489230,2317029,2318621,2419416,2341213,2372777,2266538,2275254,2313783,2245048,2347823,2373596,2270724,2437526,2382170,2317520,2425732,2338745,2197997,2208874,2178390,2230328,2235978,2152833,2145456,2137492,2117868,2244059,2262899,2208118,2261832,2319987,2311623,2241292,2342719,2334382,2358795,2487559,2461816,2505479,2537172,2482176,2422977,2573889,2389802,2354416,2353633,2416928,2320223,2213693,2188813,2267708,2144293,2262086,2235274,2277999,2322131,2181406,2165934,2135581,2120409,2190451,2164837,2207087,2187157,2241308,2335502,2222500,2276629,2249213,2343524,2418255,2375612,2541410,2476922,2388941,2347441,2259222,2256152,2256311,2317297,2342467,2435845,2420456,2470656,2608406,2685932,2645980,2372108
1.85,0.75,180,1833853,1777809,1856128,1950707,2016304,2042571,2155588,2144589,2125330,2257218,2227712,2229313,2267725,2273155,2349475,2196429,2344753,2278587,2397316,2341975,2318564,2343300,2337104,2337214,2253115,2319051,2230697,2221383,2219241,2313616,2230217,2235146,2260237,2239551,2240989,2252764,2223583,2334503,2338272,2171914,2344470,2292497,2266854,2153322,2297419,2268017,2219591,2229188,2252635,2254866,2235274,2236870,2249513,2326925,2320578,2273187,2465957,2375588,2339591,2341933,2326233,2336757,2308314,2364647,2364101,2410773,2283750,2199866,2316031,2332703,2383803,2336861,2278838,2223451,2088095,2176474,2233507,2275878,2344166,2209735,2308319,2280821,2304904,2273301,2268519,2320201,2331034,2265370,2320916,2328854,2366863,2355317,2404258,2346867,2306729,2387669,2267638,2353749,2419778,2351431,2422031,2404738,2476954,2547584,2625368,2612333,2686141,2464738,2288006
1.9,0.75,180,1836565,1893183,2014241,2025354,2072934,2040332,2121058,2170564,2285391,2186963,2286822,2239911,2252257,2260463,2247673,2270005,2217526,2301964,2311804,2369462,2293794,2339014,2200668,2311717,2226381,2266498,2255869,2201470,2276721,2192942,2246307,2231535,2255582,2212130,2324995,2241622,2245238,2305904,2381891,2278324,2281765,2193462,2303135,2387093,2312126,2380800,2262857,2358287,2377903,2318519,2384991,2383834,2331151,2284374,2368798,2332979,2348058,2384230,2333999,2296662,2227609,2250121,2162363,2279980,2173293,2176633,2183631,2176748,2210579,2283062,2287916,2358751,2194511,2218608,2244155,2285545,2222490,2310371,2335311,2385412,2383762,2397358,2382499,2432726,2437818,2458843,2395394,2390262,2357517,2449038,2297896,2384693,2288253,2342579,2435683,2344934,2488471,2462252,2493587,2490582,2473061,2453416,2480785,2556119,2641912,2758713,2704788,2489752,2300112
2.15,0.75,180,1937829,2054802,2074756,2166285,2324345,2191647,2265616,2181750,2228421,2339515,2399075,2244797,2274084,2483887,2275414,2428634,2218534,2278978,2202422,2317383,2216449,2295539,2188141,2184915,2236900,2217676,2284092,2198870,2112236,2155358,2132218,2110948,2054567,1895488,1966590,2085084,2110611,2066763,2096124,1894428,1993711,1906569,2126411,2148842,2140940,2116801,2142582,2117502,2069771,2099764,2041473,2128996,2064971,2093922,2105704,2113766,2030374,2184523,2053256,2225340,2301720,2317941,2450050,2387236,2566534,2403220,2347380,2360954,2259154,2237832,2187766,2185942,2051263,2065848,2178455,2046836,2106272,2183032,2207943,2225438,2314671,2241725,2254817,2278756,2186780,2156493,2173287,2242187,2233927,2198473,2365047,2385668,2316973,2293132,2283468,2319992,2318535,2283515,2351581,2502815,2414094,2503341,2503241,2538114,2617425,2705334,2263863,2215742,2078987
2.2,0.75,180,1778623,1919297,1938357,2090195,2095095,2142045,2133368,2213714,2216936,2327433,2257893,2290164,2249181,2250759,2351914,2248313,2295344,2301378,2348770,2241869,2274320,2210979,2256171,2298095,2155373,2236136,2208773,2186785,2147778,2182006,2202085,2101848,2105058,2146840,2185089,2107177,2057272,2076825,2122917,2146708,2038993,2071495,2110102,2092184,2126166,2035517,2026064,1948653,2095417,2094449,2017444,2099911,2086149,2049762,2013623,2057763,1970858,2081208,2001731,2051760,1981283,1963243,2002840,2022713,2079954,2027054,1947184,2062822,1994644,2131298,2013949,2114791,2078757,2194236,2083000,2051285,2057409,2069199,2124883,2158020,2100593,2084084,2213338,2163634,2158501,2200673,2125262,2200102,2223629,2209700,2299390,2181501,2291068,2305139,2418777,2335159,2362214,2349072,2459290,2391409,2472399,2565931,2400720,2484100,2584059,2713756,2548978,2239725,2129301
2.25,0.75,180,1838023,1819960,1787211,1941341,1826639,1998045,2009028,2024440,2166504,2103300,2096310,2141155,2288980,2304176,2242629,2217604,2195305,2235742,2238030,2266869,2185088,2148805,2189129,2202079,2144238,2219833,2158192,2124062,2123683,2127629,2138214,2092529,2077839,2103904,2009108,2077586,2008621,2008923,2056949,2129797,2073753,2043010,2093945,2038607,2086935,2019509,2063510,2028041,2068711,2076826,2088991,2096560,2056575,2033551,2025146,2071016,2056718,2066358,2053030,2024140,2032702,1990484,1974361,2025845,2093866,2004207,2130545,2057973,1964754,2028761,1941207,1896685,1939173,2023827,1990830,1937162,1949368,1988139,2082512,2109019,2020317,2000767,2076858,2035531,2084064,2043674,2159461,2117260,2152524,2146906,2123528,2151309,2113058,2236831,2135148,2153591,2182698,2182505,2130710,2220046,2266862,2242062,2262382,2398005,2476712,2491004,2308786,2129364,1923856
2.3,0.75,180,1812741,1924641,1968158,1968695,2034018,2154551,2195668,2165804,2150183,2237983,2216852,2183686,2186865,2168867,2267107,2216257,2239108,2207442,2248305,2175072,2245582,2235044,2143997,2157592,2189062,2095562,2163427,2160648,2084220,2170966,2069245,2075347,2069993,2056841,2042285,2015245,2121936,1993709,2019397,2038941,2046779,2092112,2042962,2111698,2023173,2170370,2078220,2027048,2122583,2076907,2082216,2155675,2049477,2062897,2050857,2141195,2065344,2029953,2006731,2027789,2084955,2043612,1990217,2139338,2110968,2047425,2015894,2118095,2086875,2078546,1968225,2030791,2164314,2162375,2134373,2117574,2073486,2172953,2073556,2105624,2063678,2087666,2151076,2059651,2098009,2121055,2158499,2050669,2061521,2018736,2162228,2201290,2182346,2180901,2207027,2143526,2220069,2225951,2276906,2411081,2418898,2427520,2462340,2538234,2459097,2568479,2193667,1994825,1969650
2.35,0.75,180,1833851,1838862,2014676,1996696,2138479,2131880,2202244,2198829,2206671,2188841,2255326,2256994,2279426,2141163,2198150,2212942,2175816,2262897,2165904,2272961,2152824,2177674,2142392,2126287,2194018,2272876,2138985,2190096,2177570,2123099,2249952,2145013,2247012,2123547,2189437,2176839,2094304,2156235,2144509,2216134,2176477,2190583,2165328,2119965,2238629,2150958,2245284,2114284,2043654,2126389,2163442,2041898,2051086,2108775,2079648,2097891,2129189,2109706,2221132,2234322,2224989,2167856,2170813,2196728,2136270,2241707,2211520,2186133,2102934,2073585,2042426,2087050,2164208,2122506,2043273,2136081,2090599,2084255,2073946,2153232,2113300,2091259,2131266,2116499,2167610,2074308,2184671,2164797,2245205,2235378,2331777,2256290,2314534,2325664,2387138,2413701,2505667,2424034,2281191,2367262,2378518,2412012,2441354,2564939,2574810,2559427,2422456,2074526,1953630
2.4,0.75,180,1794800,1906093,1868540,2028175,1985140,2082371,2014995,2141389,2228683,2199912,2140367,2187608,2222303,2270495,2239975,2267942,2136795,2228901,2316793,2288239,2222845,2120507,2195065,2161882,2109057,2201427,2164651,2116492,2054830,2120869,2102475,2103761,2171453,2267382,2221004,2182843,2174264,2125327,2227968,2185792,2219197,2175342,2179101,2220416,2256860,2268871,2259482,2177037,2209988,2243258,2132558,2167190,2139167,2226752,2220962,2187714,2156315,2182758,2214700,2176875,2307685,2259956,2262839,2271612,2200002,2187832,2219604,2241946,2202404,2251611,2233697,2169467,2219256,2192168,2281210,2238237,2169894,2185342,2202958,2229415,2250572,2236127,2214304,2192713,2269412,2262342,2227019,2276749,2304270,2350355,2364592,2463419,2440207,2509402,2446431,2480982,2596488,2535849,2697919,2666097,2721107,2806845,2926003,3065996,3074682,2960746,2663728,2314436,2185145
2.45,0.75,180,1978356,2018072,2029566,2166634,2283293,2178382,2185604,2295041,2235587,2279096,2330391,2298796,2285655,2305757,2268666,2267594,2237965,2292058,2250095,2235007,2178045,2345779,2328521,2301483,2292671,2273558,2190746,2240762,2159824,2101777,2180178,2182311,2205924,2132028,2265766,2300108,2323599,2281596,2261743,2326407,2203747,2258013,2313088,2318800,2291640,2182831,2301200,2304497,2328182,2328633,2223153,2338720,2361518,2348081,2364810,2343944,2299604,2398348,2352230,2486273,2382744,2442047,2176593,2291963,2282517,2175802,2135803,2289549,2376896,2397634,2369615,2195491,2221322,2196109,2182045,2256516,2456992,2473779,2628283,2366047,2377710,2279674,2331744,2253658,2347365,2319100,2365708,2208606,2309100,2473397,2466649,2541237,2567443,2488381,2572253,2746961,2793714,2672559,2766807,2788924,2907479,2977789,2798907,2792413,2874392,2871762,2457344,2254060,2038518
2.5,0.75,180,1714792,1906857,1901837,1999062,2136961,2094031,2239178,2303007,2276483,2281066,2254081,2374077,2378080,2374009,2349479,2344219,2314871,2304003,2301322,2311259,2313530,2226042,2249778,2287840,2261670,2257683,2166109,2221796,2174938,2191223,2077082,2214582,2094447,2256941,2177160,2175450,2277861,2116113,2245467,2166715,2251135,2275773,2219809,2252946,2201096,2294245,2263434,2164366,2206849,2206924,2275438,2163615,2190467,2153549,2237589,2176429,2217151,2185021,2202511,2153437,2159751,2172029,2189816,2249648,2310272,2355714,2277372,2269894,2367618,2275196,2308905,2329972,2354538,2325729,2311054,2305374,2396062,2241849,2306587,2305899,2223086,2203875,2242861,2236719,2205598,2248860,2355577,2267547,2338644,2344880,2374752,2420202,2530222,2410414,2430817,2521133,2555418,2573591,2677451,2547430,2604892,2600934,2651584,2542957,2626431,2685808,2639972,2306221,2121365
2.55,0.75,180,1789759,1814204,1845135,1969755,1914665,1976953,2020999,2096490,2190875,2201593,2134140,2092429,2164424,2193383,2161749,2188936,2188716,2156383,2139640,2213659,2136793,2207777,2211772,2099620,2152969,2047389,2147591,2052518,2151238,2110477,2207393,2084290,2034042,2144936,2050412,2068006,2080603,2004839,2147264,2124170,2042432,2155006,2170336,2117923,2167462,2060383,1983889,2131726,2125979,2125063,2119070,2191237,2050407,2188750,1971164,2051023,1984180,1989613,2068575,2015403,2017212,1975679,2070907,2030441,2025659,2102953,2179863,2111181,2168077,2145992,2145571,2152938,2104014,2132353,2161497,2211448,2219580,2272569,2302422,2323165,2300876,2377864,2256528,2177429,2159877,2210881,2230082,2217402,2312426,2240960,2234261,2371944,2371250,2333551,2385631,2506354,2387340,2544656,2485875,2566966,2569817,2477246,2546398,2634908,2734247,2795320,2625801,2079275,1846269
2.6,0.75,180,1829602,1786254,1838759,1949795,1948083,1949967,1933038,2046981,2035435,2012208,2029787,2149796,2015903,2059426,2130205,2234651,2167790,2042763,2066960,2054285,2074964,2170208,2026169,2090507,2077405,2105502,1941591,1957978,1991862,1972837,1948035,2044157,2025094,1988891,1938621,1971420,1942520,2016179,1940223,1940689,1975901,1997434,1986126,1917434,1906432,1986660,1916188,2007017,2011462,1982207,1987126,2040420,2040658,1995308,1995627,2031433,2062917,2051727,2135805,2168008,2182750,2267615,2223510,2207605,2129166,2136493,2109209,2093558,2080416,2098510,2017635,2045205,2112048,2099436,2053974,2137349,2173547,2184262,2126618,2220916,2175249,2067004,2220449,2286593,2256759,2318127,2188943,2179375,2248425,2243007,2198959,2358728,2346593,2402681,2367491,2447975,2436852,2433697,2479808,2506545,2481447,2514999,2605771,2626528,2661919,2621084,2276433,2201673,2072361
2.65,0.75,180,1809431,1901786,1836984,1937694,2010434,2093154,2065356,2107843,2089621,2007079,2193585,2076617,2160505,2104996,2225307,2179249,2248087,2255151,2208088,2115595,2215055,2183475,2202856,2208733,2239247,2244963,2160206,2114996,2103637,2118844,2108799,2105478,2104736,2120091,2087413,2115207,2047955,2030665,2107657,2070630,2116646,2032547,2024755,2056050,2066065,2006802,1950383,1984287,2002323,1975098,1947810,1967128,1958248,1984041,2032770,2050133,1989862,1939562,1998179,1914322,2007465,1964380,1947667,1931986,2021099,1986768,1992276,2067033,2058499,2081722,1970421,1977050,1946053,2057346,1935741,1947817,2003523,1916812,1963588,1987071,1930444,1922785,1969884,1995812,2020399,2066219,2107615,2086891,2105509,2138781,2053270,2117274,2065979,2014379,1984829,2100919,1987437,2205135,2115886,2167950,2179459,2073590,2189963,2178377,2312064,2346688,2366755,1946180,1898940
2.7,0.75,180,1827734,1868336,1866861,1968574,2144364,2001241,2125141,2106535,2139235,2165880,2215372,2183503,2200452,2176043,2198346,2140107,2224227,2150753,2176830,2277632,2142592,2136856,2151301,2133473,2162918,2041107,2085924,2048580,2088312,2157842,2029320,2097621,2092415,2062712,2062503,2141648,2016031,2031553,2068120,2030470,2062908,2006576,2085579,1998986,1996737,2099236,2024821,1963568,2035742,2005995,2024942,2002198,1994106,1945991,1793286,1958954,1978411,1956673,1979987,1958635,1927842,2012970,1986352,2021112,1966929,1995296,1957258,2018067,1879644,1979082,1989579,1948517,1954586,1948751,1963721,1929213,1959027,1967490,2037036,1975944,2042336,2032212,1982119,2024558,2043346,2024695,2093003,2120233,2008568,2143545,2104873,2192979,2306978,2316028,2246734,2357945,2262872,2388162,2341677,2407991,2343260,2373458,2370833,2351503,2460163,2360135,2321862,2133206,1936704
2.75,0.75,180,1835074,1861542,1950711,1845829,1967702,2070186,2016249,2101971,2046860,2137955,2180423,2122018,2073466,2110524,2153417,2260169,2139883,2138811,2193865,2098737,2135386,2145139,2232519,2199207,2163137,2096590,2136405,2093475,2117316,2134501,2089497,2116269,2019880,2054128,2042961,2127481,2055249,1991422,2055918,2052291,1988289,2016838,1980579,2061781,1918081,1934530,2082301,1966278,2052019,2063459,1977662,1976503,2012144,1993438,2027131,2053516,2011291,2028624,2007138,2013445,2074256,2115881,1971928,2114114,2031090,2065787,2027206,2076502,2001652,1990664,2060970,1980253,2065709,2073881,2052670,2025315,1983597,2015708,2035498,1993027,2075961,2063844,2102439,2130553,2046527,2066707,2168016,2127259,2113570,2075646,2072851,2181501,2116182,2069892,2166020,2162126,2174079,2168764,2242627,2148969,2110369,2178741,2187680,2304175,2221614,2219883,2121675,1939587,1831128
2.8,0.75,180,1725391,1849279,1827582,1921674,1901121,1911573,1972080,2088535,2034469,2191553,2091026,2122931,2073299,2262140,2200670,2210741,2229426,2182922,2112422,2258650,2243024,2265877,2232127,2259024,2253919,2137275,2219401,2181816,2300958,2198592,2147182,2184949,2207513,2068913,2105417,2209171,2172381,2118978,2138977,2166819,2144585,2066554,2067714,2063714,2074077,2115135,2093852,2005827,2044556,2019771,2132393,1918476,2015812,1970757,1979241,2043020,2042907,2123113,2126534,2114892,2130569,2108798,2122498,2047345,2111972,2061827,2133271,2183536,2020851,2023915,2180374,2171222,2132943,2038138,2140277,2035915,2057141,2110921,2108611,2054142,2173074,2201891,2226051,2245958,2180762,2128691,2235239,2357448,2214098,2268245,2266919,2303072,2288279,2396717,2294102,2229597,2289123,2369744,2181945,2249988,2202282,2235364,2240285,2265001,2296792,2455673,2377459,2116345,1994839
2.85,0.75,180,1830478,1834002,1902289,1913919,1987474,2033497,1977767,2155447,2105725,2109871,2155392,2110200,2105766,2090353,2138154,2066181,2108971,2181338,2145805,2232651,2170787,2214125,2135999,2141928,2177133,2174105,2235455,2207448,2196167,2264656,2154204,2140755,2133004,2118018,2088644,2049989,2092918,2124669,2075945,2050391,2093998,2238278,2066056,2069117,2062553,2164353,2141762,2097246,2162485,2071825,2094261,2022603,2035186,2153549,2173127,2160577,2095743,2083516,2131676,2110940,2131008,2032996,2126767,2019963,2101578,2084706,2233869,2106267,2169947,2209497,2270966,2109232,2200124,2211138,2209228,2234696,2200849,2084118,2154037,2130614,2087689,2097978,1994681,2109378,2115132,2027754,2179703,2169074,2170488,2175552,2179805,2217037,2246136,2198147,2301486,2219380,2161988,2293506,2329943,2250568,2237522,2334254,2429632,2290840,2481100,2406043,2635353,2044499,1959447
2.9,0.75,180,1794269,1860888,1884414,1945725,1959716,1988483,2061627,2043884,2111458,2159897,2124643,2100815,2142349,2149288,2074768,2128569,2130373,2136165,2086422,2099832,2214302,2220627,2182288,2137919,2186875,2161462,2183147,2153977,2137086,2061532,2110620,2123341,2117361,2123406,2069393,2161315,2146946,2112220,2098641,2139102,2082300,2130413,2084593,2068215,2069489,2013087,2190574,2103293,2096069,2161291,2197310,2195481,2181890,2131179,2072901,2064286,2097690,2190843,2078460,2123132,2160631,2141828,2164699,2173070,2196459,2204194,2212281,2247463,2226024,2262369,2203656,2191331,2219345,2165005,2181822,2176864,2269736,2212420,2156549,2285152,2146927,2304181,2216601,2237531,2261245,2272414,2180582,2273590,2320812,2192645,2305477,2255977,2251111,2168787,2198780,2255896,2295812,2311919,2445200,2373821,2346426,2367423,2484159,2526344,2616320,2482393,2446561,1979410,1963696
2.95,0.75,180,1747004,1815435,1863940,1794125,1818216,1894555,1955797,1892581,2041384,1911857,1973879,1976404,2046280,2044196,2052319,2000937,2184889,2039368,2095106,2164282,2053647,2095128,2060226,2093313,2000529,2053927,2110626,2050884,2123707,2060527,2022090,2123805,2081792,2028425,2032422,2078446,1970121,2100650,2147510,2056888,2032830,1944533,2041486,2061469,2015948,1931879,1976954,1979986,2044212,2037634,2093220,1965930,2048450,2121507,2005516,2061334,2023738,1991652,2088211,2134973,2057871,1970299,2057361,2226544,2128709,2094015,2101965,2046712,2069136,2043232,2046142,2043229,2055338,2140602,2092333,2101402,2111069,2209393,2209816,2234800,2201787,2166097,2167141,2216274,2183949,2254081,2212351,2262450,2227803,2283006,2313525,2246140,2352967,2348387,2384733,2406235,2435657,2408875,2468508,2498380,2541671,2535769,2584546,2625818,2577151,2614632,2549418,2381012,2109561
3,0.75,180,1771088,1791755,1856047,1857918,2030698,1983762,2029091,2116048,2175770,2143027,2058378,2086727,2128685,2123461,2167706,2142940,2224026,2225211,2241654,2139111,2160176,2095990,2090466,2179040,2078483,2198254,2103270,2160380,2070808,2030916,1966983,2088456,2065998,2039534,2048343,2133472,2140270,2071661,1995075,1980222,2040756,1949762,2032926,2018201,2047007,2007024,2034462,2103350,2020680,2045123,2021538,2039991,2114890,2058842,2057447,2188264,2076894,2059824,2073658,1992742,2091032,2130349,1993270,1998963,2093627,2076575,1914817,2060057,2098306,2003053,2121484,2048363,2015338,2034803,2119302,1984980,2081031,2047445,2122818,2086652,2034842,2108271,2116364,2149349,2190310,2188512,2174579,2180305,2121001,2127070,2266523,2292921,2197567,2384485,2315712,2357886,2314009,2319651,2337037,2400335,2437433,2410114,2541936,2554782,2521561,2612699,2626228,2177510,1978073
3.05,0.75,180,1797334,1866235,1858947,1964929,1946097,2037050,2084981,2094901,2071224,2152072,2126323,2144136,2187561,2211191,2228203,2197813,2201387,2160199,2112341,2129674,2183423,2191960,2095531,2110098,2038794,2110293,2132874,2115988,2070491,2091103,2056053,2158855,1977896,2031702,1988015,2081315,2007405,2068876,2070211,2069844,1995904,2013452,2008999,2029330,1982326,2029880,1941231,1999389,1971793,2011291,2051092,1956677,1894371,1973097,1963125,1994376,1950136,1994910,2021375,2054272,1923906,1974151,1920898,2072115,2064863,2052057,2002387,2112406,2124370,2087975,2094727,2197925,2156592,2093855,2187278,2153749,2115830,2165325,2063676,2070758,2039782,2065321,2012558,1991386,2052560,2130167,2062778,2128375,2045970,2188480,2143659,2096692,2219888,2216615,2173056,2179876,2241047,2154411,2232502,2192196,2376007,2222704,2304717,2414752,2458496,2469766,2576857,2053960,1912694
3.1,0.75,180,1666622,1733978,1885551,1869571,2039048,1952121,2024400,2048791,2049346,1957560,2100139,2100452,2047488,2024513,2151142,2104529,2079065,2125845,2149782,2022393,2043692,2113229,2140458,2115734,2017201,1989471,1970911,2057316,2016021,2029356,1990527,2024834,2017025,2082258,2012823,1968232,1960931,1975692,1999426,2058462,1994294,2013991,1963464,1947200,1869426,1969009,2012469,2097767,2037253,1935366,2025076,2006018,2021232,1950497,2012790,1962408,2046177,1927705,1975946,1941480,1906734,1931317,2037276,2007967,1924579,2009339,1982312,1947660,1977833,1981026,1965776,1992753,2061459,2008742,1874223,1949196,1939731,1932050,2045426,1945296,2073895,2026066,1997553,2048892,2094735,2061582,2055476,2051448,2086658,2067516,2117862,2125178,2080842,2089981,2118409,2097055,2178609,2158571,2215171,2203795,2218220,2270253,2297697,2295698,2407307,2383561,2445555,2275422,1857580
3.15,0.75,180,1702104,1788857,1896702,1914121,1846869,1968191,2116101,2084029,2176302,2071575,2105026,2188600,2163347,2090980,2171654,2060683,2122959,2116607,2075173,2137636,2149394,2208963,2128723,2108345,2096815,2103533,1983821,2162786,2042902,2137313,2132273,1990191,2084975,2018507,2085992,2111544,2115304,2027394,2043233,2010205,2060055,2013917,2087217,1995589,1975277,2093092,2083836,2107207,2059227,1973123,2027148,2071902,1993377,2064813,1946625,1951167,2009151,2068361,1983820,1943387,1956454,1923952,1963952,2055287,2025580,1995787,2069058,1964813,1982534,1982842,2037525,1974899,2026566,2095648,2095901,2024718,2154182,2028163,2048910,2137733,2051756,2066194,2047639,2045726,2102725,2051097,2068403,2083963,2077295,2088299,2155521,2076015,2154634,2153705,2258086,2144416,2237757,2303328,2349271,2408062,2322511,2338632,2433096,2548863,2515690,2501829,2702036,2199611,2027337
3.2,0.75,180,1837523,1887111,1889153,2026800,1997768,2192172,2098318,2109985,2211625,2096704,2021957,2129346,2199283,2165042,2077412,2156726,2166459,2061496,2081438,2112132,2180790,2099092,2079035,2092588,2054656,2079319,2158417,2086410,2157475,2083164,2077103,2021303,2132562,2091280,2095705,2035695,2159683,2039770,2179425,2149376,2028445,2095314,2112035,2105035,2062076,2050487,2069027,1959994,2132812,2064752,2087130,2005389,2027661,2063743,2037182,2038591,2033559,2071280,2027581,2165799,2090460,2137006,2094764,2066129,2065594,2120332,2105041,2122034,2038921,2119492,2080635,2104986,2002390,2050871,1969795,1935833,2196231,2108224,2152331,2095140,2055374,2139133,2219302,2292154,2226882,2269883,2259751,2280520,2273930,2244229,2452166,2377824,2425544,2397896,2486414,2469884,2564787,2578605,2591442,2711610,2710912,2793255,2797656,2862533,2822038,2825298,2771636,2296201,2159290
3.25,0.75,180,1815362,1849088,1868206,1963350,2042879,2087539,2114985,2202668,2206057,2163810,2176708,2149123,2326496,2173546,2295912,2185788,2282544,2218140,2239635,2222893,2209763,2198074,2192362,2190622,2180259,2188253,2143149,2176351,2197136,2241288,2222544,2178011,2082864,2143780,2134363,2231084,2186694,2190732,2169856,2262056,2171907,2222616,2190394,2192831,2139387,2108699,2079460,2121404,2121356,2131305,2208515,2116856,2226724,2103526,2156060,2198990,2148932,2235664,2195194,2144304,2108977,2208509,2152809,2311214,2237136,2268490,2222131,2138008,2249447,2138086,2252840,2147480,2194574,2132312,2182867,2214608,2113980,2206747,2102556,2129432,2170764,2166639,2080430,2177192,2195046,2243436,2286258,2343971,2277558,2381776,2384163,2359707,2477216,2458743,2436560,2427161,2417691,2369549,2414532,2612689,2617662,2687572,2744009,2795063,2912003,2788734,2844590,2667662,2271743
3.3,0.75,180,1799410,1923623,1870852,1977875,2045242,2151058,2037926,2053119,2058177,2030309,2108779,2093074,2227697,2106436,2155949,2165517,2199801,2140535,2181615,2193149,2245948,2187930,2059087,2214915,2174375,2199237,2233288,2222587,2184698,2166130,2148985,2116540,2106669,2160363,2225260,2273110,2234758,2261051,2292956,2279463,2252128,2203475,2195951,2218690,2241505,2370224,2178289,2319693,2168792,2229551,2158648,2217602,2111705,2203598,2067886,2102565,2232134,2133105,2229379,2327093,2228979,2205122,2239937,2153816,2052397,2138492,2089985,2155133,2235942,2138143,2201166,2189652,2147653,2137324,2172652,2210882,2173852,2228730,2191039,2151714,2154434,2086546,2151971,2165462,2159546,2236255,2208797,2283605,2255365,2243235,2314866,2424007,2429032,2454026,2527068,2636849,2589463,2810865,2757492,2858094,2830680,2793271,2652830,2627593,2638316,2666788,2591196,2510141,2095467
3.35,0.75,180,1913703,1945410,2011568,2054086,2123765,2219924,2134292,2246009,2267843,2336045,2366991,2368970,2339585,2402193,2320810,2279984,2288855,2223485,2286908,2288098,2237916,2310701,2272908,2250914,2347091,2266875,2212075,2283206,2182770,2204274,2302347,2213140,2295480,2332421,2278805,2293509,2269857,2287054,2232927,2184160,2269439,2277180,2268363,2421751,2432499,2456037,2497393,2505954,2427941,2329497,2391770,2329819,2381069,2327301,2269686,2298184,2276847,2224666,2176742,2340746,2328624,2179407,2235879,2318935,2293039,2319565,2218652,2305772,2386379,2346829,2337772,2376173,2226194,2350230,2280277,2322820,2347808,2246778,2270670,2301298,2343984,2285923,2363275,2367952,2394358,2532721,2367780,2266591,2414782,2324197,2483421,2381943,2504700,2353696,2524310,2467137,2465594,2593845,2731176,2672869,2701893,2710485,2709770,2751335,2774629,2846597,2955117,2481910,2377830
3.4,0.75,180,1732111,1855357,2008824,2077453,2136239,2086068,2167750,2189723,2276042,2239262,2366891,2395184,2432518,2397090,2510063,2484601,2499853,2536288,2494183,2543387,2414970,2408509,2392209,2362950,2387493,2340099,2516110,2360831,2416935,2354926,2382091,2419284,2429591,2467715,2466588,2342438,2325386,2371423,2259133,2310103,2279366,2337289,2275306,2290138,2245073,2337751,2385901,2347607,2258292,2409171,2353097,2373232,2435027,2484402,2341317,2327544,2386538,2477323,2425702,2405814,2396428,2296398,2196622,0,0,0,0,0,0,0,0,0,0,0,0,0,0,0,0,0,0,0,0,0,0,0,0,0,0,0,0,0,0,0,0,0,0,0,0,0,0,0,0,0,0,0,0,0,0
0.05,0.8,180,1811778,1833489,1864026,1976721,1916317,1983909,2108126,2133502,2146115,2180820,2094140,2183351,2185472,2177000,2232323,2224203,2189642,2180952,2178572,2154275,2185192,2181817,2238831,2250893,2165289,2077804,2141362,2072279,2125159,2036756,2051642,2058635,2188533,2086022,2137914,2018157,2091209,2073389,2019641,2082152,1978638,2089824,2037402,2102371,2075085,2045176,2106487,2012035,2081229,1930394,2005105,1957412,1962076,2026164,1956911,1971715,2079409,1971087,2077640,1972085,2088932,2114334,2116036,2052208,2089477,2115241,2029329,1977333,2019095,2018971,2024630,2077851,2177379,2121098,2147430,2083285,2055792,2015037,2088817,2013570,1993692,2014997,2009429,2046420,2036655,2001433,2074029,2084322,2055942,2149150,2193411,2186582,2128408,2105120,2016629,2131930,2142800,2226033,2337244,2322315,2262559,2231785,2301472,2274826,2338940,2503396,2530296,2140082,2061346
0.1,0.8,180,1637168,1714380,1781704,1875946,1901924,2027098,2003514,2099980,2061861,2117308,2106690,2144848,2157928,2202567,2176790,2162174,2268111,2188748,2150812,2120542,2141942,2172974,2165709,2074503,2078101,2083575,2172318,2153620,2169476,2125081,2218886,2105384,2097613,2053711,2106097,2069123,2022761,2104741,2222665,2173785,2174177,2072374,2103117,2104893,2131952,2180774,2091062,2102577,2076289,2054955,2063675,2088512,1986579,2081170,2116995,2169122,2050361,2113362,2089135,2109091,2037044,2060248,2139086,2010662,2100273,2122745,2050393,2124791,2120472,2051783,2104897,2038865,2100329,2109023,2126955,2119971,2162221,2086011,2104518,2140301,2111393,2156920,2183895,2183938,2219684,2335043,2200848,2114113,2129847,2059804,2171062,2159325,2198751,2201918,2282781,2427229,2362960,2384417,2361920,2402307,2283719,2295333,2333102,2442412,2435263,2427605,2440885,2603009,2182856
0.15,0.8,180,1689501,1778736,1767423,1985163,1908754,2087579,2033538,2101047,2198587,2231141,2236428,2320685,2368352,2293299,2276751,2310827,2273176,2319559,2426208,2298829,2281448,2259059,2210769,2285066,2282218,2220512,2247076,2171717,2230097,2143859,2114011,2160314,2195641,2144536,2104793,2098180,2081508,2046282,2075264,2090901,2116159,2059485,2067226,2044910,2063705,2054165,2107943,2014610,2116183,2031137,2127502,2190005,2077962,2059045,2069009,2096451,2108355,2102285,2072679,2148710,2100623,2025989,1988835,2027054,1940809,1963314,2043994,2034507,2032620,2011445,2101730,1977772,2147231,2058834,2044916,2026369,2078980,2079953,2092722,2165613,2175421,2137207,2189060,2170636,2120772,2066937,2129378,2127779,2106654,2073791,2204392,2121398,2156955,2245293,2195836,2233671,2315267,2196338,2322723,2401114,2431515,2511494,2506925,2593113,2658153,2593113,2649225,2553874,2271106
0.2,0.8,180,1566691,1689358,1756977,1843467,1838657,1986221,1986626,1993392,2087781,2151581,2161565,2162664,2182051,2215819,2199199,2352346,2325075,2307933,2270022,2281216,2215303,2063345,2184390,2187196,2254402,2173423,2154296,2241861,2166824,2115343,2141580,2111505,2133354,2055833,2135335,2081861,2095214,2072371,2100451,2079947,2007508,2037852,2140262,2029967,2079487,1989525,2096389,2086835,2038905,2091715,1996328,2055043,2024330,1962339,1994092,2106264,2044075,1978958,2005596,1989946,2046107,2046804,2016164,1990166,1992251,1913551,2013720,1983267,1938519,2031136,2026966,1946133,1965790,2074876,2038134,2006773,2004480,2100741,2070743,2139348,2122351,2073474,2154414,2132410,2077617,2111073,2077149,2123518,2137021,2104734,1999921,2023820,2043042,2016114,2024648,1988731,2048378,2122566,2129167,2255585,2191244,2274088,2345529,2430500,2463309,2478196,2426764,2539325,2273720
0.25,0.8,180,1691237,1684911,1697671,1771152,1862488,1876394,1951194,2008456,2020211,2092179,2095382,2060110,2207182,2151126,2229099,2162786,2171032,2170587,2198754,2222505,2217003,2225499,2159400,2107592,2174845,2126664,2111933,2138521,2110260,2103349,2107639,2114514,2101318,2012958,2057840,2100935,2082276,2005612,2026971,2003241,2083145,2054560,2034737,2040657,2094418,2011941,2002948,2031600,2004705,1970412,1913813,1911562,1973090,1956651,1931217,1935105,1979971,2022312,1916908,2040095,2023996,2003283,2008901,2047190,2026131,1953980,1995496,2020302,2038754,1999863,1994434,1951966,1971710,1890911,1955075,1839420,1927868,1841331,1983113,1958562,1967918,1952171,1955216,2010122,2011385,2054453,1948103,2006220,1987648,2054819,2010380,2095582,2032617,2010812,2114989,2091698,2143225,2185874,2182803,2114936,2282473,2242577,2265628,2240827,2326401,2316368,2339555,2326233,1945287
0.3,0.8,180,1672669,1676118,1866473,1826776,1737048,1845349,1897937,1854491,2011627,2009704,2017676,2081096,2091882,2072297,2175108,2116373,2141819,2151004,2133521,2099493,2096609,2122324,2133555,2177150,2129795,2159829,2125378,2057070,2071868,2155293,2162939,2038115,2067204,2019061,2017046,2088524,1983563,1963703,2032906,1978796,2047188,2048468,2067059,2015124,2052670,2122612,2073342,2006124,1954666,2027738,1984223,1993717,2068618,2046821,1986934,2074412,2059605,1993597,2022758,1990638,1998225,2019549,1990162,2070698,1997907,1919829,1997157,1950742,1975565,1939696,1928429,1989629,1955718,1923159,1929544,1888191,1940110,1867665,1899625,1931919,1966453,1986867,1995313,2000818,1962165,1929510,1919030,2038466,2084443,2013264,2042145,1945814,2012071,2014650,2062069,2132092,2081508,2106474,2126045,2173681,2122644,2147139,2230187,2204366,2254102,2254978,2227469,2168493,1838453
0.35,0.8,180,1556226,1769324,1710289,1773321,1829304,1769690,1872258,1923669,1972967,2023660,2017045,2113045,2052974,2130392,2122488,2117530,2159980,2075907,2124086,2187404,2152383,2105606,2085306,2126646,2122593,2159484,2063493,2154530,2110181,2105505,2140951,2087709,2099010,2103724,2149351,2124461,2045698,2054254,2060939,2095931,2023914,2076018,2028955,2018307,2073966,2111184,2069259,2058099,2000816,2065878,2038904,2043776,2068193,2130265,2096138,2002036,2038109,2128123,1907215,1955963,2093323,1977390,1951145,2023224,1973854,1962396,2037185,1987931,1951115,1977179,1961475,1934347,1856114,1946821,1986748,1966109,1923605,1942248,2005171,1968984,1861626,1909625,1907268,1892600,1940131,2013795,2046093,1945463,2040742,2123942,2066426,2065864,2068327,2103245,2122185,2195596,2139428,2212226,2254847,2162095,2276093,2243654,2209414,2270890,2288507,2296810,2314402,2268211,2087429
0.4,0.8,180,1760158,1720288,1727089,1728216,1840497,1834100,1946683,1895286,1978663,2019138,2047750,2006849,2101363,2048132,2092106,2121797,2145502,2110307,2197737,2123956,2113166,2140188,2109701,2207693,2137000,2201177,2150405,2103864,2055676,2066214,2073444,2050464,2099728,2091644,2114092,2024446,2108376,2017639,2050694,1982247,2101895,2071892,2054979,2020869,2049565,2039397,2044334,2144121,2088961,2058282,2155638,2044454,2093978,1981750,2018412,2036020,2015564,2024280,2102430,1987322,2055755,1988473,2045523,2028675,2011366,1926061,2053458,1992885,1943736,1987335,2047094,1958520,2043626,1987677,1983997,1970222,1934847,2015270,2062961,2111807,2174034,2201984,2173648,2132507,2195267,2058681,2223568,2167958,2327451,2267500,2232005,2373081,2446866,2441091,2470781,2464493,2481240,2462116,2453085,2434853,2552711,2603482,2616340,2589218,2610813,2618225,2704620,2613558,2311187
0.45,0.8,180,1671565,1637208,1751196,1888331,1847696,1830382,1897244,1995982,2010531,2049054,2046576,2053676,2085482,2029054,2164735,2115371,2158769,2137198,2156900,2171251,2154585,2111609,2109265,2117996,2119139,2127184,2037074,2170521,2134677,2223329,2210664,2176711,2186600,2248986,2104977,2180310,2306098,2255255,2246671,2259230,2150574,2140576,2129906,2133042,2141844,2127299,2073372,2115133,2128030,2035736,2165770,2076570,2042710,2070059,2114922,2024594,2049077,2051261,2069138,2024293,1995920,2085661,2009795,2096308,2068223,2119551,2182816,2168211,2178757,2138115,2141088,2166447,2148101,2127196,2159096,2145918,2209888,2213858,2195930,2110656,2121489,2131002,2161764,2150191,2195290,2179430,2179723,2124423,2135410,2138832,2213270,2201560,2204066,2273863,2185347,2303460,2257837,2313370,2327012,2275282,2338697,2346480,2416262,2366622,2457249,2525832,2446896,2516450,2319626
0.5,0.8,180,1706033,1772904,1778762,1777749,1832897,1928528,2006503,1957104,2040835,2018715,2093196,2042685,1973955,2032575,2075354,2105152,2161870,2121649,2106678,2217952,2145157,2128809,2157487,2169119,2155689,2110264,2060126,2129118,2126630,2249456,2100828,2241455,2198047,2246343,2238175,2282259,2285088,2297152,2207821,2205181,2303383,2273974,2280288,2290543,2312678,2234141,2331231,2312543,2335250,2256339,2332303,2313916,2273585,2344919,2289765,2240335,2271543,2203346,2173793,2208642,2208411,2173404,2146909,2180277,2097096,2143325,2226156,2153111,2150195,2135667,2179408,2190064,2096315,2145188,2109544,2187864,2119797,2178044,2134177,2214311,2201838,2184122,2245531,2258935,2309363,2312547,2351300,2271433,2296936,2406123,2357395,2350115,2282442,2234728,2318037,2379865,2329206,2511612,2502552,2427763,2485055,2427353,2392323,2365888,2361877,2360700,2422750,2466329,2449007
1.1,0.8,180,1644759,1798014,1899564,1856179,1930743,1922213,1912633,1925487,1980185,2031555,2050898,1939206,2043231,1917939,2022539,1960137,1902527,2003495,1847323,1933134,2030254,2054551,1928894,2006518,1955296,1906959,1866934,1913729,1887130,1806713,1897962,1849400,1867920,1851104,1906855,1941020,1997750,1895259,1999342,1903572,1828881,1975105,1923773,1920824,1888501,1948083,1899592,1891583,1950649,1930948,1927574,2000041,1833114,1889400,1868959,1941871,1901788,1964846,1870782,1919804,1990576,1993547,1936319,1913595,2028102,1982586,2014837,1954710,1852474,1954342,1861857,1886876,1833731,1850042,1934062,1956590,1886595,1850708,1791935,1875971,1856488,1882702,1934733,2031236,2136353,2099449,1962401,1962540,1969613,1897554,1998938,2133958,2040591,2007726,2006672,2009789,2139684,2227923,2244070,2280241,2223041,2247482,2234038,2396583,2391638,2355996,2434191,2359701,2082310
1.15,0.8,180,1712407,1717036,1738919,1779707,1819240,1788348,1858572,1908704,1936144,1865263,2035212,1977739,2067192,1958320,2055645,2051587,2019486,2100798,2043239,2056652,1996121,2083831,2035615,2069463,2025905,1940573,2031993,1957786,1964229,1955484,1998660,2102938,2019896,1959321,2067137,2007282,1980256,2003272,2088356,2003209,1962064,2065264,1967396,1982580,2023486,1992741,2027980,1950730,2056408,1913041,2054701,1976734,1958832,1877719,2016690,1840533,1912480,1937843,1935037,1991749,2005654,1855200,1956588,1892377,2004721,1946460,1928345,1990221,1873282,1942316,1839932,1858480,1842868,1877502,1898729,1917066,1874168,1929536,1978532,2002498,1954087,1911546,2020750,2025822,2039007,1952287,1994267,2078925,1996305,2115230,2030189,2101383,2140076,2180025,2102931,2185414,2191470,2170904,2193999,2240822,2214755,2184643,2144087,2316005,2319674,2367869,2421623,2255476,2021554
1.2,0.8,180,1694992,1770360,1767221,1924271,1992258,1984830,2009116,2037305,2064709,2086490,2138706,2256619,2246147,2280640,2208666,2238865,2201733,2241549,2207395,2235640,2204079,2164203,2165330,2234039,2195721,2106903,2188315,2181458,2239924,2153877,2116458,2149237,2156182,2128854,2043344,2137001,2118582,2088210,2198803,2096475,2164216,2162794,2079136,2048864,2061357,2110464,2067333,2139003,2126466,2150798,2097244,2088418,2104247,2051783,2027485,2117753,2047340,2076337,2141141,2202179,2108439,2085369,2118288,2139574,2065895,2194733,2078735,2182323,2171959,2269310,2192562,2177971,2283038,2167921,2169170,2273087,2206330,2161457,2178215,2135220,2126997,2231056,2276318,2334626,2365785,2329833,2289659,2303252,2316093,2296056,2394335,2329441,2348765,2406591,2278283,2326532,2297627,2285917,2394122,2340478,2230846,2360738,2461212,2427270,2493915,2503561,2602416,2298832,2131470
1.25,0.8,180,1668905,1763415,1807306,1760273,1827226,1875529,1896267,1989669,2068236,2185663,2097436,2187725,2148382,2212640,2251914,2250592,2260217,2325638,2239925,2281775,2392826,2390193,2369228,2371680,2281136,2363192,2292377,2303968,2322568,2358037,2243798,2324139,2255934,2271103,2330356,2276578,2286910,2309893,2305898,2257760,2325549,2279513,2276479,2292050,2260708,2271823,2215777,2325750,2194093,2237269,2243399,2304311,2303436,2214637,2234998,2250996,2242158,2277336,2197389,2237945,2220403,2353799,2259620,2316863,2262821,2287336,2201679,2286694,2223838,2272610,2187104,2129923,2242064,2238647,2222556,2259794,2221007,2154993,2168781,2125841,2119272,2017761,2096525,2193684,2193826,2283826,2257939,2269607,2268554,2312629,2402456,2408844,2410690,2409245,2316082,2419225,2306646,2380399,2481190,2493291,2493709,2479307,2462680,2539958,2531332,2575263,2462267,2594081,2216917
1.3,0.8,180,1741540,1723275,1826417,1899715,1989693,2023607,1991981,2125869,2145148,2176678,2232652,2172003,2235459,2247604,2283580,2295947,2333871,2313234,2247848,2284958,2193522,2270719,2208681,2320811,2307943,2380330,2350675,2376825,2304647,2367424,2290946,2286535,2453767,2387219,2235875,2282064,2271983,2123685,2161326,2188792,2184701,2132407,2219483,2239258,2200700,2189490,2192424,2216162,2235010,2255626,2228313,2352017,2335798,2358476,2301934,2362972,2258960,2292300,2269731,2348708,2379570,2307958,2432708,2268727,2298579,2254514,2246297,2253320,2209938,2214139,2211656,2177536,2159655,2194759,2159084,2159169,2172536,2231349,2167632,2253760,2249890,2233987,2285615,2271171,2240623,2244708,2199124,2284280,2322339,2432362,2383887,2284559,2376312,2426200,2507157,2405248,2488898,2398575,2617599,2465972,2455261,2574572,2592798,2525172,2644867,2559335,2629415,2592801,2099510
1.8,0.8,180,1717432,1809669,1850642,1906162,1882740,1952448,2109048,2126231,2077161,2072091,2135406,2213148,2275763,2278253,2207941,2242926,2272204,2308409,2230854,2347147,2360626,2430080,2515592,2461202,2484606,2518432,2460249,2327047,2272549,2274362,2247165,2245229,2128955,2123449,2163560,2186049,2145720,2117892,2128715,2170389,2061575,2106971,2002262,2027458,2075553,1955168,2056041,2012562,1952172,1907020,1985271,2005219,1902374,1917853,1980378,1939781,1982120,1940278,2039736,2057906,2010556,2031252,2067263,2140548,2004621,2010313,2047146,1987887,2037301,1967300,2042256,2074172,2058817,2028128,2035349,2124408,2187756,2222141,2282438,2332557,2312131,2394842,2467786,2328201,2443128,2381001,2482915,2486008,2527072,2410338,2351909,2472612,2450799,2407669,2390564,2334682,2284226,2370779,2465770,2449873,2570485,2635626,2902903,2701187,2752705,2805191,2641512,2424698,2207093
1.85,0.8,180,1681442,1813652,1804511,1836913,1826210,1953130,2070861,1995727,2049921,2053967,2223824,2279382,2243348,2258683,2181207,2303479,2311714,2274525,2287573,2240934,2225939,2354244,2239884,2243233,2249266,2211623,2369357,2310662,2197441,2233539,2203891,2251668,2234025,2272834,2182285,2143960,2162689,2104293,2179773,2139062,2211340,2215708,2114868,2172809,2116082,2103761,2223268,2055783,2016240,2078050,2069219,2029954,2078258,2004088,2060080,2076220,2183859,2146552,2173500,2150132,2207374,2187032,2200814,2197793,2210286,2188978,2186935,2101742,2186340,2389564,2241843,2153389,2174803,2335252,2248801,2358632,2280578,2260279,2280815,2328090,2164063,2166686,2190991,2226056,2243963,2326046,2297290,2298965,2288601,2312145,2292202,2278195,2159103,2289622,2261443,2344584,2289176,2337606,2322400,2363328,2430677,2484861,2459110,2455205,2453983,2398840,2404036,2199262,1959786
1.9,0.8,180,1732517,1895961,1845914,1944649,2055662,1962627,2195214,2201373,2243027,2327295,2353148,2391327,2389358,2448252,2391234,2384480,2386898,2371462,2333077,2309649,2360229,2243806,2288343,2368545,2311826,2429004,2414867,2445688,2375911,2445912,2339657,2381468,2365522,2362232,2255215,2247119,2238985,2296942,2311396,2333700,2258418,2302137,2232435,2326226,2338073,2224406,2234756,2290965,2258996,2304254,2361878,2333014,2396404,2307344,2302468,2346308,2268039,2332529,2317445,2302758,2341953,2304220,2352057,2312013,2307578,2318608,2339418,2252305,2195843,2264997,2217241,2289109,2187801,2169180,2163330,2186850,2142046,2182441,2136708,2186157,2231875,2233775,2187673,2208558,2258639,2334133,2297161,2324563,2318386,2326964,2268189,2325583,2348862,2427164,2352863,2446654,2507236,2495827,2523511,2642517,2570518,2630208,2652938,2674063,2745293,2608048,2752559,2147752,2080657
2.15,0.8,180,1835196,1928223,1918140,1940066,2020075,2049937,2021834,2138372,2182810,2124254,2106980,2185899,2126837,2057633,2081519,2198049,2260224,2224620,2065226,2054093,1986686,1984256,1929419,2064745,1987179,1982900,1977253,2016468,2008321,2014031,1925546,1931498,1943486,1995776,1923594,1947374,2015177,2082130,2184349,2211417,2083611,2055572,2034783,2049011,1903495,2023699,2074550,2162145,2142317,2161576,2187963,2208491,2105671,2056069,2028956,1942712,1931571,2047842,2097609,2078920,2059479,2076752,2063848,2057799,2101247,2170252,2249742,2126519,2207285,2198593,2132956,2180936,2139426,2237911,2176820,2240044,2277071,2349197,2371588,2350870,2246974,2300045,2205496,2203899,2295639,2184654,2232783,2205144,2226915,2198661,2245679,2311594,2359186,2281295,2288997,2309253,2343178,2296416,2335401,2495160,2472320,2421776,2375039,2528740,2470448,2354059,2049533,1931454,1943100
2.2,0.8,180,1752160,1883115,1956726,1987926,1965789,2027406,2032145,2046328,2144629,2107569,2087665,2210839,2222611,2195241,2207299,2129010,2152066,2202295,2136297,2139725,2205424,2151213,2190563,2096884,2163526,2221325,2097852,2053188,2032846,2023600,2013404,1989550,2109895,2009837,2047164,1989031,1991431,1933038,1827801,1949118,1900323,1978869,2021239,2082473,2053365,1966610,1958278,1986641,1905597,1891343,1893178,1902282,1957328,1911204,1913554,1929060,1874237,1906716,1848220,1862487,1795119,1883071,1851314,1893040,1940642,1894625,1911239,1916093,1941807,2045022,1971666,1966301,2064737,1954401,2077186,2071887,2056357,2082250,2136109,2094437,2099067,2097214,2165947,2091730,2163318,2159067,2124284,2189298,2173104,2164182,2334200,2278972,2176111,2285425,2202473,2320596,2367649,2422065,2469473,2556117,2581622,2507598,2557478,2605732,2616789,2660498,2390382,2069507,2036804
2.25,0.8,180,1821431,2015331,1987031,2029740,2047014,2177819,2156292,2140125,2244560,2195231,2183393,2131328,2155404,2121067,2284619,2254326,2212406,2200778,2208520,2173188,2106526,2091406,2128189,2093454,2081582,2153289,2085200,2118564,2182588,2112649,2084460,2061824,2099272,2123462,2078445,2082602,2055920,2205738,2078869,2089614,2047496,2074758,2054158,2039166,2072988,1977715,1971222,2005113,1961094,2165862,2013052,2023487,2087241,2093069,2054708,1949966,2008303,1928132,2050615,2078582,2098242,2054785,2039784,2110754,2135334,2040217,2125752,2075656,2074562,2097626,2191170,2147162,2087805,2110143,2112217,2103103,2100612,2099808,2169040,2299323,2177301,2252119,2219933,2201836,2285680,2216876,2249034,2235198,2244126,2271668,2289529,2249089,2279543,2307523,2314015,2335128,2324796,2410951,2469801,2433358,2540942,2454826,2492012,2498446,2613506,2568179,2183962,2051576,1982370
2.3,0.8,180,1891961,1955826,1991364,2002173,2095762,2152226,2152177,2122884,2215009,2195220,2196490,2260711,2220394,2342770,2221806,2263742,2229113,2252046,2230323,2258621,2193696,2332098,2177572,2211211,2234659,2221326,2190081,2255658,2124915,2237136,2137943,2192655,2139122,2181903,2180941,2169609,2146465,2152137,2197153,2095514,2073496,2149242,2158431,2108750,2139940,2036921,2077916,2048623,2103685,2158002,2103903,2040677,2100587,2112458,2091842,2051476,2101352,2152774,2034082,2099492,2159813,2166706,2114358,2189986,2131928,2103011,2145782,2178606,2195778,2181025,2186232,2127000,2215858,2133075,2141070,2174424,2187820,2108126,2199639,2163543,2182649,2273431,2220948,2287845,2227460,2274092,2286910,2297760,2262210,2264350,2213436,2354475,2344974,2501236,2421924,2545535,2531960,2482972,2550274,2499813,2465715,2456119,2544703,2544625,2548034,2559765,2172713,2020360,1950197
2.35,0.8,180,1731324,1863318,1916505,1979556,2046419,2019418,2084505,2059408,2094284,2082951,2151987,2173691,2177803,2184465,2232933,2191767,2149650,2182568,2234775,2192306,2146415,2148243,2107264,2109112,2199894,2080608,2155029,2103310,2113762,2163877,2122211,2126380,2116516,2103987,2136711,2153203,2108372,2143935,2134585,2147477,2144297,2166821,2154407,2138643,2074709,2064308,2245573,2109713,2165534,2088618,2121598,2100428,2151221,2201953,2069528,2209147,2222922,2181151,2148846,2190757,2310145,2243640,2242662,2238123,2258820,2213980,2195934,2270577,2209029,2243138,2145907,2259154,2238232,2251120,2265592,2177930,2205405,2256270,2229418,2115505,2109602,2181275,2202802,2240508,2164702,2181291,2237728,2246328,2163855,2113763,2275752,2175228,2259416,2299728,2215004,2221792,2275140,2291452,2385033,2422258,2361576,2279717,2368328,2427707,2425486,2432795,2360958,2030342,1984589
2.4,0.8,180,1751978,1832856,1901619,1966111,2082834,2012820,2005425,2096296,2153188,2116678,2134499,2097002,2084050,2179948,2171651,2138830,2153362,2158788,2156333,2091318,2137956,2088497,2096329,2130063,2157418,2103028,2005749,2092872,2124916,2123075,2004948,2000173,2086052,2138507,2065942,2145492,2128230,2085331,2209057,2130023,2145438,2093056,2137188,2119349,2070682,2113028,2182611,2179406,2112230,2075153,2087693,2059829,2140342,2098379,2156534,2157318,2125854,2142659,2043637,2077436,2115135,2160784,2054685,2116678,2080027,2145616,2087776,2189055,2058331,2115277,2224015,2165674,2147279,2172184,2178258,2175262,2190424,2126155,2146385,2113626,2224417,2283267,2199627,2179008,2184115,2207626,2206567,2162962,2183738,2271659,2202097,2194283,2254438,2196751,2229599,2231838,2280462,2319964,2303083,2268610,2333403,2332251,2334580,2248492,2366512,2512812,2130180,1910935,1937044
2.45,0.8,180,1751159,1795537,1934880,1970086,2080973,2144575,2139730,2233517,2284973,2185206,2309602,2266658,2248586,2262267,2263657,2270073,2283290,2234555,2299050,2318701,2241886,2254770,2154699,2230444,2181263,2120743,2114609,2194608,2241500,2239116,2174021,2231828,2249552,2274523,2272494,2228083,2234815,2273269,2277175,2242707,2291273,2258654,2201835,2217666,2259023,2196123,2227061,2241018,2224922,2184957,2242672,2198893,2190863,2224047,2110838,2053902,2075043,2094150,2138970,2213706,2205643,2179567,2227434,2229633,2174372,2134420,2185804,2163118,2101283,2099189,2111287,2089007,2138329,2150113,2182682,2169574,2144072,2093229,2071156,2082148,2170682,2210251,2194377,2175150,2195654,2242396,2305526,2339732,2289779,2331134,2188580,2299463,2358704,2348429,2334895,2354532,2343915,2478677,2444612,2489928,2622535,2566584,2649088,2677599,2738012,2766074,2400486,2236655,2073358
2.5,0.8,180,1889865,1826875,1923127,1998900,1963113,2121456,2152990,2221892,2245464,2260720,2134470,2217009,2192809,2270310,2261058,2365966,2295273,2257792,2346531,2189033,2240149,2169502,2189070,2184418,2141434,2179523,2199132,2166818,2167242,2153558,2178137,2146752,2162523,2166582,2132172,2074612,2083357,2083506,2097132,2156166,2123426,2153155,2073120,2123513,2085943,2141256,2140890,2188106,2159930,2142180,2104866,2146872,2160858,2143520,2206552,2155998,2245717,2147551,2010991,2068904,2053774,2092304,2148146,2063389,2124065,2200027,1974552,2074208,2142346,2085814,2077902,2097341,2134192,2123484,2244865,2256352,2201726,2242859,2269571,2166322,2303512,2239718,2204356,2179271,2239189,2226530,2221270,2418472,2311927,2328236,2372759,2340107,2415576,2319059,2491860,2411118,2446270,2424953,2423683,2523248,2611932,2642859,2580314,2725317,2759929,2848653,2653672,2250571,2095105
2.55,0.8,180,1967659,1955978,2003286,1983571,2108844,2124270,2165492,2133669,2185007,2198959,2276875,2258899,2249841,2210173,2213326,2193315,2178869,2207201,2208693,2245085,2184413,2206143,2182831,2125977,2110678,2195567,2148156,2155732,2212282,2223936,2158275,2217798,2177821,2138549,2091522,2118442,2094121,2135869,2095003,2140153,2120100,1981700,2056161,2136123,2066404,2103970,2094608,2159487,2164292,2133520,2154590,2232590,2232427,2247641,2181998,2254798,2233648,2243455,2360048,2192800,2251273,2220444,2229451,2294402,2300759,2224440,2193818,2240906,2200264,2235032,2322856,2336280,2307932,2289472,2319404,2341186,2324824,2239960,2296284,2377256,2304892,2395469,2436805,2352206,2354552,2390790,2383334,2331625,2402333,2380096,2396660,2437745,2484149,2507208,2443976,2473118,2389229,2500046,2508816,2469457,2549407,2485345,2597191,2621247,2657874,2737355,2297797,2114789,2061860
2.6,0.8,180,1839235,1938551,1967032,2046820,2049418,2130026,2139497,2150943,2285990,2241535,2221404,2288016,2224338,2214672,2318771,2223558,2230182,2226480,2221989,2274744,2211122,2190349,2140060,2189179,2180587,2165515,2111617,2140699,2177917,2184908,2161394,2152179,2043181,2117966,2122227,2177455,2156099,2103123,2115973,2176699,2165565,2087993,2045193,2158004,2068486,2118952,2123754,2046626,2020932,2164871,2082613,2107917,2079590,2072145,2101803,2174995,2088928,2178364,2149302,2123011,2067021,2051911,2077445,2025130,2029407,2199349,2112530,2068002,2132083,2132000,2060472,1998357,2111897,2101939,2046686,2084899,2002240,2131197,2130590,2138578,2176554,2215003,2134695,2134213,2150793,2204341,2210655,2243152,2123927,2219999,2222420,2188600,2213792,2270402,2251635,2294973,2332287,2278856,2269211,2306458,2276636,2408877,2398643,2533492,2453751,2554046,2305699,2071467,2048800
2.65,0.8,180,1835144,1898651,1950854,1988085,2033783,2075323,2113943,2317000,2193754,2215250,2195423,2226957,2229018,2214779,2242390,2130030,2185568,2160610,2210198,2176876,2149416,2152337,2241092,2169638,2211189,2139270,2121449,2162571,2120115,2180345,2182218,2104831,2079685,2147116,2097237,2059170,2115310,2114085,2187448,2113374,2162912,2127509,2039824,2087517,2167347,2078885,2103597,2105299,2142567,2056163,2105631,2037746,2053136,2032236,2026979,1991164,2066570,2131951,2014929,2055257,2050113,2081455,2031883,2028352,2032124,2026620,2058906,2041867,2087348,2053384,2048373,2014160,2086287,2073185,1998328,1937842,2008372,2036375,2056877,2087879,2050408,2040493,2024342,2063392,2029218,2062156,2107686,2101305,2108715,2120018,2120661,2099656,2219230,2101927,2140485,2131292,2226036,2300570,2305735,2293184,2386822,2368594,2510691,2528232,2706912,2652855,2659960,2176152,2058176
2.7,0.8,180,1870620,1932573,1972535,2005129,2046731,2119264,2155638,2137242,2164716,2094375,2142722,2219621,2144508,2217048,2346892,2255274,2117648,2149115,2136562,2150808,2110135,2183089,2128645,2184354,2162405,2144626,2120686,2108703,2068490,2147946,2069939,2075090,2087479,2154686,2102945,2101396,1995106,2086819,2091846,2018209,2067853,2061850,2091423,2107795,2057533,2177486,2070660,2050456,2051890,2106359,2053870,2163095,2119324,2075857,2078720,2133783,2080626,2060175,2040827,2084330,2095199,2058583,2110697,2007855,2031654,2056109,2042363,2080928,2111582,2211448,2175651,2193411,2135992,2109674,2078145,2112387,2128409,2025412,2101712,2185786,2139299,2196638,2152284,2107395,2138492,2158156,2233084,2150322,2151441,2087673,2111797,2150027,2175098,2217254,2207685,2245824,2282769,2274536,2379525,2537863,2532831,2595413,2713991,2693297,2737917,2726210,2531752,2049333,1923095
2.75,0.8,180,1869875,1957373,2088734,2139125,2187538,2192507,2281367,2268678,2223140,2137670,2156598,2222935,2250142,2243311,2327688,2233118,2257140,2121908,2134553,2189329,2249865,2189254,2227802,2232956,2173136,2090214,2154973,2103031,2144370,2165565,2074324,2123462,2112664,2138860,2178068,2174112,2056310,2184331,2149432,2128902,2111417,2118760,2078558,1986691,2144242,1994903,2034447,2047008,2131874,2104285,2047596,2044744,2115689,2090187,2141008,2064189,2059612,2085965,2113822,2036805,2075572,2085341,2018027,2050379,2157488,2005403,2141319,2025983,2134554,2111174,2108002,2066626,2096328,2079813,2045877,2035303,2055096,2078280,2111199,2157991,2198757,2211903,2171047,2191167,2199651,2184604,2201715,2236629,2199952,2239659,2232512,2152102,2300272,2330271,2341346,2281648,2320128,2373911,2528642,2373269,2567406,2611738,2641754,2614265,2646565,2733713,2206733,2025971,1906283
2.8,0.8,180,1729666,1894342,1946045,1986177,2049509,2168588,2169803,2201032,2187920,2257086,2169142,2189704,2197797,2296226,2312017,2294708,2241346,2367365,2334637,2361789,2262816,2314680,2324106,2323088,2278450,2174442,2222549,2185638,2152931,2185185,2109761,2168924,2033949,2113043,2189148,2158407,2154489,2131497,2084185,2201898,2171262,2233581,2221995,2234878,2210891,2283249,2223756,2203353,2278068,2217381,2249672,2230949,2241253,2236112,2215586,2185809,2194229,2178527,2227781,2242357,2145518,2211133,2245766,2245085,2119108,2219767,2204500,2180455,2187290,2282043,2143219,2211618,2139587,2157570,2216540,2191922,2172730,2154266,2118029,2154806,2120342,2154393,2179065,2218766,2196695,2176220,2211961,2180673,2254438,2190932,2186111,2222185,2247606,2332273,2359185,2414500,2348861,2437160,2505164,2560632,2570874,2545794,2678602,2699562,2616507,2661928,2699739,2271241,1995472
2.85,0.8,180,1770188,1795510,1964002,2052701,1992825,2010707,2129027,2157937,2169961,2212791,2238583,2289485,2261148,2277587,2182846,2215974,2221043,2298600,2228681,2229791,2184936,2236273,2202467,2222227,2242427,2226540,2182720,2214004,2211883,2155441,2219672,2194996,2168046,2114614,2184849,2196459,2170724,2128437,2124693,2182765,2196059,2079359,2186324,2238553,2148216,2209248,2212199,2254823,2274686,2277172,2340475,2315639,2289980,2402314,2356504,2324442,2332746,2220185,2237577,2309092,2287132,2191483,2087205,2076349,2149290,2069750,2139294,2027147,2147584,2134024,2083350,2147502,2198829,2148290,2179276,2266495,2230196,2401618,2431732,2334397,2238493,2260557,2224749,2251153,2243606,2288995,2408043,2441099,2368354,2279802,2403498,2325900,2368420,2387159,2406172,2503704,2460200,2457559,2436780,2605273,2628729,2628828,2670087,2707373,2760561,2769489,2705453,2096555,1948434
2.9,0.8,180,1878479,1910678,1926094,2066463,2083258,2087836,2201756,2188000,2203461,2202936,2260922,2202648,2352649,2415159,2260982,2270481,2218242,2290708,2259655,2233983,2236540,2271876,2219450,2286416,2310234,2227628,2271405,2255061,2267542,2173273,2175515,2170387,2203368,2151168,2096348,2143652,2106036,2101286,2143197,2199434,2194639,2081429,2188839,2288645,2281157,2191587,2272618,2254802,2310925,2252905,2247910,2219750,2140588,2217027,2165533,2181055,2172423,2181668,2225769,2184801,2152838,2188048,2162335,2209615,2156223,2217727,2168535,2191435,2263114,2203465,2216790,2284336,2257161,2227410,2270459,2332616,2331772,2336578,2266923,2327377,2332712,2366537,2381921,2406997,2419447,2401841,2396902,2347777,2328167,2359965,2323458,2356199,2330489,2407949,2408985,2389403,2477906,2503156,2489601,2400559,2556452,2513334,2648413,2759861,2832797,2860984,2540975,2151653,1938274
2.95,0.8,180,1767454,1930332,1956285,1992163,2086386,2107590,2205222,2195656,2178214,2177673,2172872,2172390,2237561,2221392,2314711,2290094,2314282,2279756,2244041,2270733,2124421,2160072,2240072,2190186,2189819,2187018,2172919,2153886,2220187,2274135,2240254,2184879,2178216,2192669,2128869,2134394,2122021,2062655,2115125,2098504,2153382,2199296,2148292,2208186,2288523,2258261,2163019,2209583,2283402,2256788,2226853,2296077,2197757,2279068,2278266,2227838,2245696,2236262,2310465,2286580,2263359,2323020,2228107,2238191,2194822,2168547,2176376,2142356,2151681,2162952,2166712,2178778,2154738,2266596,2250827,2222146,2247864,2235037,2351669,2259261,2261605,2164752,2308286,2206878,2289682,2363187,2331245,2324139,2356015,2318155,2366665,2316378,2313277,2351177,2447504,2494666,2502100,2453986,2499583,2510656,2563079,2661274,2750140,2768050,2739648,2638061,2603989,2325020,2089432
3,0.8,180,1881668,2004962,2005713,2095634,2164029,2226228,2241970,2286828,2280991,2268666,2382291,2325545,2349172,2380986,2330002,2294402,2316912,2269431,2221761,2188336,2296568,2254486,2220079,2141365,2166873,2151352,2174172,2198653,2169415,2191753,2204067,2186070,2179197,2189410,2235053,2166318,2182288,2200247,2186702,2146781,2105011,2128559,2146387,2119985,2083469,2112006,2062547,2079350,2119755,2087383,2112538,2114000,2192667,2122714,2263479,2236856,2190665,2175407,2196617,2184653,2197136,2193112,2173952,2303669,2195755,2166542,2269388,2350077,2333173,2329032,2308238,2286406,2256031,2288294,2312412,2320536,2357088,2433561,2373386,2372890,2304456,2254278,2306792,2235653,2273373,2312575,2270882,2240240,2300759,2308540,2361318,2346561,2370195,2395810,2393310,2518512,2504452,2564199,2521197,2447176,2546382,2598204,2434565,2634635,2685646,2760531,2799675,2144563,2050985
3.05,0.8,180,1832699,1918677,1961355,2036947,2022095,2086738,2099786,2063176,2203208,2170310,2124301,2184871,2136188,2204609,2135908,2182591,2155513,2143949,2117525,2147607,2043236,2120149,2121727,2180870,2163601,2140753,2128097,2095404,2132448,2114203,2122385,2097850,2063191,2070204,2077364,2090046,2030623,2121925,2156765,2141297,2108945,2134073,2165387,2084843,2211046,2171645,2104938,2064502,2145355,2076137,2126341,2070374,2074120,2111688,2001799,2150806,2054068,2099789,2143346,2077623,2057050,2162442,2105467,2079965,2060847,2065156,2063447,1989697,2032726,2050597,2034679,2021626,2021706,2006656,2037710,2108139,2102618,2084262,2054266,2060637,2041335,2087776,2006922,2092410,2021668,2080829,2081816,2082395,2055305,2072265,2119427,2120431,2106879,2048772,2014137,2190946,2195226,2206588,2251407,2264285,2392812,2453623,2546609,2564839,2542834,2493205,2249237,1919395,1869151
3.1,0.8,180,1805174,1947733,1933508,1944723,2005753,2079966,2135774,2179851,2205981,2213820,2193599,2269333,2144248,2243681,2215833,2203806,2147888,2165276,2083043,2152361,2116515,2104454,2215373,2134833,2145967,2091714,2104296,2083463,2120640,2075157,2113251,2091395,2146954,2092472,1967994,2046741,2048248,2024768,2039063,2163279,2068414,2011678,2100034,2040707,2084706,2101623,2080849,2075876,2020730,2083081,2086429,2078378,1972294,2064273,2036651,2070664,2014623,2027689,2115004,2026298,2111773,1982224,2068439,2086605,2052297,2017576,2063964,2010949,2051249,2078552,1997733,2025578,2062454,2014732,1996619,2051104,2077025,2093951,2053631,2089931,2128134,2161291,2130206,2150266,2102392,2178301,2083919,2083700,2063140,2128782,2139354,2129775,2159787,2115725,2169952,2149005,2243025,2273499,2374137,2416030,2518523,2551597,2480650,2507759,2541491,2622889,2628660,2305139,2011827
3.15,0.8,180,1758603,1884446,1916437,2012997,2112834,2178236,2137485,2141493,2111822,2195347,2086401,2170346,2183158,2152528,2134860,2178989,2200796,2181557,2194695,2190331,2196862,2197126,2148810,2081269,2182044,2093248,2071448,2194580,2125045,2098170,2148984,2099933,2183985,2078340,2165846,2157066,2077505,2069164,2112664,2020662,2096139,2042980,2057746,2161633,2099838,2129938,2165921,2031317,2052556,2070400,2104789,2152021,2114973,2132593,2110009,2163844,2133222,2144366,2151541,2073553,2127113,2046035,2063748,2157448,2074092,2137885,2032595,2110257,2118344,2118201,2103005,2158640,2057251,2123445,2073613,2074755,2076383,2066194,2108543,2052652,2104138,2148172,2137346,2173329,2234619,2187039,2198183,2163102,2272302,2189481,2246970,2273342,2211783,2233270,2285060,2262980,2279019,2236359,2526881,2359139,2500287,2553118,2511130,2456925,2561276,2486586,2573977,2132891,1951774
3.2,0.8,180,1820477,1936091,1929039,2039479,1992589,2079955,2077274,2042886,2173648,2167078,2145566,2135636,2194774,2277276,2136588,2199141,2233226,2217832,2146131,2147391,2139227,2088814,2156279,2145723,2119562,2147101,2116882,2149987,2115176,2159253,2127862,2152285,2060937,2070750,2105802,2093003,2081700,2065589,2090476,2069942,2149687,2123662,2121889,2086414,2144671,2102088,2159075,2158996,2089055,2164315,2152188,2209538,2204701,2257439,2257403,2176863,2218245,2155709,2160310,2079406,2112899,2163124,2247136,2210164,2089219,2145011,2101382,2118730,2167274,2082551,2046645,2119308,2038697,2070815,2068745,2145294,2072699,2041429,2139857,2112054,2165884,2063297,2078245,2149444,2304893,2301781,2199817,2196857,2230902,2243547,2219625,2219896,2377392,2515236,2494187,2575839,2587100,2639279,2626794,2724696,2633649,2695040,2662435,2673904,2659661,2779580,2707838,2213474,2019828
3.25,0.8,180,1840455,1895562,1952471,2105333,2058746,2123957,2111545,2208849,2266963,2298840,2294873,2273471,2304518,2339233,2314049,2321717,2321951,2391584,2335932,2330108,2396824,2301327,2302008,2300900,2272653,2278035,2308232,2258318,2177548,2247445,2189866,2245221,2241674,2205502,2240110,2186322,2223388,2198988,2226496,2197563,2152621,2151477,2264905,2172924,2169863,2264308,2145937,2217838,2194916,2173746,2159874,2175138,2258637,2217576,2164294,2198166,2158897,2183115,2251832,2179865,2157265,2192566,2195645,2269437,2249148,2224332,2235386,2178196,2122219,2088920,2264837,2176498,2121688,2069950,2136486,2191372,2233030,2219141,2238562,2293445,2195790,2294291,2229361,2259714,2311119,2206501,2215509,2112244,2252213,2343078,2285833,2253384,2235322,2245823,2324909,2398878,2360746,2381256,2391194,2485495,2613240,2645724,2692448,2666816,2831217,2865226,2883288,2669458,2315174
3.3,0.8,180,1795690,1793548,1945515,2067516,2152624,2182285,2125239,2208481,2255725,2291807,2318772,2414647,2343815,2317121,2388307,2359518,2394363,2366659,2421376,2482092,2381415,2309814,2384046,2319917,2325221,2270966,2252589,2346869,2317737,2341583,2275907,2264777,2356664,2314770,2266752,2277699,2276653,2227536,2234869,2346241,2333695,2290258,2325693,2368816,2309104,2352629,2288130,2253017,2315878,2341190,2354779,2348047,2221269,2244425,2147482,2246267,2156280,2245648,2224962,2209056,2229018,2216313,2168876,2139611,2148434,2236782,2267558,2260876,2327109,2345787,2309194,2338898,2274260,2297616,2358710,2361106,2375977,2342841,2370669,2313251,2390343,2401576,2326455,2223485,2312829,2337907,2292067,2326806,2331972,2358693,2350232,2404228,2351882,2417627,2478426,2442835,2562913,2575973,2653735,2725456,2751190,2795031,2888736,2801460,2964470,3016876,3056034,2478967,2165025
3.35,0.8,180,1777844,1923905,1837452,1973661,2079926,2033291,2053000,2126934,2138717,2189892,2250186,2263433,2415512,2396339,2440773,2425272,2447858,2437685,2382665,2374025,2350315,2332612,2354930,2398127,2350285,2351664,2381338,2427753,2367209,2313133,2363417,2280627,2314840,2283250,2286819,2316060,2401668,2275710,2269427,2283216,2393598,2288754,2310442,2352630,2281551,2265107,2240730,2288595,2219302,2327717,2260992,2318242,2338564,2374770,2312805,2300530,2281207,2327762,2283604,2269048,2299666,2335538,2352633,2305111,2239148,2269122,2167985,2301107,2230656,2244578,2202336,2253009,2281376,2205433,2236252,2190126,2155587,2129142,2148754,2183030,2158678,2179769,2228278,2190047,2218761,2220684,2310502,2330442,2298579,2269828,2200808,2188027,2160903,2113580,2226463,2496595,2355480,2308374,2347225,2399351,2608285,2665228,2735706,2819445,2831931,2809754,2861712,2324111,2101017
3.4,0.8,180,1706513,1822345,1944376,2023550,2088924,2144320,2168095,2119572,2217711,2315490,2297161,2310768,2326909,2306259,2301234,2270743,2326048,2374605,2327880,2351373,2355861,2362898,2406684,2355455,2365432,2315274,2352724,2400941,2364083,2317719,2361955,2433034,2306045,2321551,2262266,2258703,2328113,2281109,2242370,2235752,2309884,2282303,2346854,2239626,2428098,2341712,2369568,2475150,2428928,2354344,2337941,2410803,2356985,2331376,2246325,2271607,2390382,2342572,2315079,2308114,2272008,2294454,2102875,0,0,0,0,0,0,0,0,0,0,0,0,0,0,0,0,0,0,0,0,0,0,0,0,0,0,0,0,0,0,0,0,0,0,0,0,0,0,0,0,0,0,0,0,0,0
0.05,0.85,180,1822256,1870198,1967441,2048406,2048284,2012653,2162374,2153711,2082561,2194062,2238594,2234589,2243447,2336042,2153451,2242708,2161304,2152192,2195017,2257946,2142557,2229397,2256028,2223108,2262938,2310889,2229892,2293946,2204150,2270438,2229627,2204659,2150292,2155541,2127847,2075808,2112680,2039407,2060897,2015297,2049031,1997090,2026555,1966861,2019390,1990049,1962996,1914184,1951276,1924454,1954709,2043109,1961422,2055135,1994034,2160760,2132293,2131876,2150531,2113762,2075515,2027705,2042217,2035959,1984864,2021573,1922131,1994792,1914070,1962990,1923339,1932030,1870515,1940851,1991453,1942300,2082125,2026054,2078661,2137482,2095159,2124563,2168306,2065619,2065821,2077278,2047888,2165771,2161620,2144636,2202744,2242081,2221233,2139106,2187681,2219332,2265932,2368547,2566449,2587237,2584531,2594034,2524063,2709150,2690900,2744350,2676782,2384546,2270624
0.1,0.85,180,1748803,1752279,1909151,1911442,1956605,1979301,1996907,2117568,2097631,2222034,2157757,2123428,2173029,2143183,2238830,2190860,2336156,2240073,2244440,2164300,2247422,2233262,2194162,2228289,2112650,2183523,2216921,2114933,2149476,2262257,2207751,2259542,2218261,2196450,2218282,2155247,2161256,2188670,2172100,2159440,2148897,2141536,2107586,2029389,2166320,2132327,2130387,2094081,2101345,2054162,2139397,2032791,2052185,2006924,2079976,2057785,2099560,2152861,2132924,2123705,2141876,2120685,2166262,2087615,2208395,2156342,2133708,2125708,2118411,2112063,2110077,2157553,2115193,2100095,2104764,2165885,2155415,2162849,2133363,2124996,2129489,2155836,2143743,2204291,2259136,2115154,2142315,2263306,2318561,2215856,2274530,2227903,2205933,2144466,2163860,2268228,2263341,2358443,2413815,2473522,2411014,2414002,2434002,2517734,2548009,2647999,2772773,2642153,2278580
0.15,0.85,180,1777239,1758004,1881927,1941657,1987027,2005319,2076506,2195774,2186843,2252607,2291555,2315190,2335364,2315770,2329540,2304222,2393299,2313528,2203406,2215460,2226504,2176941,2158487,2139131,2257139,2189050,2182693,2194953,2195099,2216105,2101934,2153488,2121875,2166826,2099999,2124804,2084846,2102925,2111927,2105377,2001742,2086236,2040711,2105403,2100673,2161684,2031258,2126872,2036552,2048504,2031417,2100878,2026441,2057775,2081224,2033549,1932193,2138314,2144863,2055397,2114333,2042723,2004835,2041519,1996342,2079815,2116754,2072070,2086359,2140437,2113754,2193006,2060386,2233437,2304100,2165126,2157001,2319279,2138003,2214254,2125949,2074563,2085594,2042884,2161032,2093291,2092341,2065562,2157671,2219102,2135597,2214708,2115672,2186157,2291846,2295048,2352785,2399916,2434134,2519113,2561725,2593635,2593157,2527897,2599480,2618018,2643642,2398563,2170413
0.2,0.85,180,1760902,1741045,1730385,1899646,1983409,1994413,2110467,2156646,2183361,2158940,2162324,2229688,2186756,2391476,2303975,2377929,2312618,2306930,2286099,2232893,2337268,2321128,2273593,2232043,2194639,2182607,2215297,2193359,2191630,2155963,2163264,2170392,2166049,2172621,2172847,2106177,2076133,2093052,2110250,2070591,2039434,2005330,2111302,2062620,2118219,2101087,2032912,2112272,2057064,2115054,2065884,2129750,2114692,2055868,2133708,2076589,2034653,2037204,1988263,2003227,2056600,2017183,2007274,2047217,2009849,2108442,2098611,2138815,2059172,2109848,2176964,2202634,2113564,2136100,2158905,2250742,2282814,2188490,2207859,2091957,2151234,2176634,2159273,2095461,2129453,2156348,2095456,2157716,2189063,2087692,2171977,2266481,2227024,2207323,2290466,2173530,2253959,2239992,2340090,2284966,2331343,2382201,2355904,2370954,2416283,2466776,2432552,2464175,2205277
0.25,0.85,180,1750034,1768538,1837390,1888556,1943373,1923299,2071771,2075822,2110534,2124315,2174985,2258305,2265930,2224620,2323979,2253979,2217691,2264245,2256466,2283875,2227028,2265525,2371080,2208982,2233222,2118932,2173626,2214959,2129135,2236621,2147334,2194607,2191984,2156316,2186539,2261032,2213888,2213139,2156873,2190609,2232048,2116351,2154609,2105018,2041663,2095223,2115101,2134415,2064831,2133771,2076122,2055648,2084979,2094954,2056196,2081758,2025245,2057084,2130044,2108723,2010693,2002815,2108003,2112955,2149312,2150565,2042819,2029314,2030895,2048559,2099464,2147658,2083002,2100896,2105296,2122588,2115184,2171097,2153795,2173411,2186404,2114900,2151239,2161622,2146788,2092901,2159877,2180513,2142357,2190297,2172974,2289316,2236756,2259467,2191440,2366129,2340226,2368629,2459830,2404350,2444530,2464203,2458860,2470897,2527763,2642410,2550039,2521434,2173290
0.3,0.85,180,1707643,1854550,1950397,2028690,2082203,2114374,2127893,2217471,2180048,2157493,2302508,2216809,2291754,2365120,2334070,2276197,2295186,2291187,2292871,2297192,2336364,2283553,2255543,2309427,2295599,2194898,2284436,2163216,2233712,2144710,2206268,2126901,2258890,2185996,2191717,2149562,2195184,2147208,2193751,2245359,2221467,2154669,2064920,2196055,2168253,2159671,2206753,2156068,2145203,2147070,2090030,2086203,2183645,2107575,2078339,2150741,2090607,2085507,2118952,2134445,2043014,2159148,2073746,2079685,2078502,2069398,2058504,1976062,2026644,2048648,2018776,2067582,1993925,2019716,1980945,2083583,2075683,2070710,1946442,2056872,2136301,2177868,2172134,2223458,2106612,2180006,2109992,2119296,2109956,2139798,2149224,2249573,2138044,2137468,2250819,2134302,2294293,2282753,2272765,2349755,2333965,2378637,2415030,2348386,2331322,2384667,2377017,2210405,2109873
0.35,0.85,180,1698050,1715546,1800699,1811835,1881603,1876024,2035330,1960381,2064553,2047637,2137321,2152198,2158187,2160440,2150187,2152174,2247705,2182748,2321639,2350371,2332258,2266842,2290921,2258922,2253116,2241723,2205099,2164005,2214152,2192301,2158305,2174769,2182673,2139692,2125312,2126085,2183879,2113961,2097022,2219860,2198141,2228655,2112819,2192584,2162273,2159499,2219694,2133199,2155508,2151377,2207020,2171770,2129531,2027799,2150165,2108510,2154241,2035884,2108716,2095825,2046536,2176747,2174869,2144638,2022855,2019408,2114394,2052055,2011797,2014378,1993477,2041444,2017778,2050581,1975104,1980001,2009104,2005186,2043135,1928201,2018814,1977211,1961059,2029009,2015229,2086377,2096390,2080788,2075591,2017112,2078464,2088650,2059249,2040206,2209599,2130168,2179499,2218071,2193938,2092710,2219723,2225641,2163248,2176107,2168640,2143273,2202095,2241675,2025018
0.4,0.85,180,1742715,1754796,1832805,1918694,1999150,1926100,2042364,2053799,2185132,2120150,2164251,2232997,2321441,2222528,2221149,2177037,2270982,2325455,2336363,2219847,2263633,2290905,2191507,2279158,2257481,2260611,2232478,2183103,2131044,2183532,2168772,2149236,2219057,2095251,2197219,2127226,2121334,2194555,2196710,2196560,2228139,2149964,2209663,2128477,2122417,2197425,2205170,2222120,2171922,2218385,2144684,2137996,2205883,2194465,2246753,2187009,2148127,2166008,2222886,2169865,2113922,2137551,2196226,2214598,2138558,2267613,2262886,2247438,2251637,2221188,2223650,2222764,2371464,2256912,2331470,2359023,2378297,2375872,2412873,2357747,2431456,2338673,2281144,2369099,2335207,2316187,2315593,2203622,2217541,2250497,2272278,2383826,2372303,2248943,2332977,2328277,2197462,2285488,2345530,2329516,2290624,2356907,2399827,2475388,2588602,2726143,2704421,2563549,2371052
0.45,0.85,180,1737172,1791083,1909603,1935105,2078822,2082630,2155113,2200092,2250489,2319912,2354933,2217872,2273577,2222989,2294627,2324021,2278671,2316445,2349397,2318114,2342252,2256236,2285696,2305070,2252967,2256104,2205234,2287763,2284554,2216469,2250384,2363583,2350992,2234506,2251680,2279358,2269375,2367565,2325652,2323000,2357541,2232443,2350106,2308060,2323872,2356240,2386378,2398580,2424601,2304618,2442717,2389376,2394885,2287283,2233191,2317103,2250145,2224454,2191104,2249480,2296725,2299355,2298039,2227044,2180043,2124947,2145685,2197096,2197005,2254969,2215636,2187170,2195839,2185053,2230546,2160035,2204694,2217780,2175741,2155786,2120579,2080552,2061647,2168584,2128895,2093041,2272076,2224949,2223337,2245788,2229517,2227539,2216404,2262073,2348677,2269773,2352199,2465016,2459183,2491565,2476712,2519132,2539833,2565861,2475046,2633202,2560086,2621745,2342099
0.5,0.85,180,1741335,1776991,1782929,1870016,1951984,2084400,2141170,2156591,2240984,2242036,2236847,2191966,2337923,2262300,2304767,2302262,2304388,2305922,2311920,2358396,2331390,2347046,2283239,2273674,2253302,2406442,2366213,2342660,2421457,2336553,2394521,2352929,2312138,2304439,2339513,2278220,2289442,2363505,2286932,2300867,2368992,2340266,2380405,2368106,2393546,2416601,2402825,2361574,2341985,2343785,2423144,2395749,2271927,2363223,2210070,2305277,2276884,2395047,2196007,2316352,2346573,2285815,2316255,2328586,2239081,2323361,2339347,2253747,2219842,2250530,2261636,2223005,2246231,2271574,2232160,2187510,2162940,2260452,2098621,2121228,2238327,2191919,2145114,2180101,2216066,2275200,2272496,2183123,2211099,2262879,2299803,2258284,2338365,2396656,2364971,2404746,2476921,2497486,2403903,2495551,2440851,2445147,2490697,2454031,2562999,2522515,2578828,2498026,2329780
1.1,0.85,180,1728713,1800875,1937243,2036083,2046943,1975084,2121001,2165313,2211131,2121140,2194481,2276836,2235640,2215821,2184471,2251701,2157625,2158843,2151679,2207400,2280520,2344164,2228885,2186294,2205358,2216395,1991644,2116775,2041407,2037510,1985638,2048834,2140593,2024544,2086580,2111041,2180301,2123431,2115247,2043382,2129944,2083210,2129473,2011978,2096419,2005568,1996439,1995802,1992644,2142848,2095866,1996814,2020395,2070968,2002152,1994140,2041759,1974282,2082026,1990677,2011139,2049727,2021254,2047096,2007782,2100363,2057016,1994749,2005037,1975179,2064336,2032147,1931871,2001220,2097212,2153139,2169501,2122614,2137850,2177998,2188343,2206619,2128424,2136623,2144094,2112443,2068309,2220309,2143641,2054854,2104575,2265514,2142356,2149465,2339206,2271029,2353491,2386217,2515045,2435231,2343843,2464570,2451103,2436138,2506193,2573587,2592917,2596742,2164915
1.15,0.85,180,1851477,1779299,1850404,1981462,2024561,2249560,2293619,2244442,2416472,2399338,2349629,2340511,2413141,2421367,2415598,2356790,2406072,2368799,2384252,2340686,2322776,2269869,2299694,2256981,2281307,2258182,2188374,2219928,2250321,2194042,2132568,2139061,2144466,2140443,2072463,2086077,2087011,2090185,2224000,2140248,2078552,2092404,2158956,2092874,2114925,2191168,2128703,2162833,2136107,2103525,2260319,2163039,2236598,2169300,2173326,2105802,2109571,2188349,2219006,2170645,2167842,2191348,2147624,2187022,2131290,2082201,2109945,2097065,2101246,2020067,2034515,2029579,2131352,2010708,2090286,2183867,2151348,2140296,2190688,2182859,2252783,2189189,2279791,2211815,2191351,2220600,2161661,2281775,2187569,2286288,2348270,2357743,2496789,2484284,2438334,2375842,2323242,2367896,2397462,2429559,2371849,2400100,2412062,2618860,2645025,2468302,2589140,2424000,2134766
1.2,0.85,180,1748778,1861645,1898763,2039768,1998375,2175630,2151052,2254982,2347278,2346167,2381587,2343721,2524051,2416902,2415605,2379725,2381974,2330129,2326841,2388653,2301447,2247956,2304916,2303289,2223084,2216131,2253287,2177521,2330098,2290417,2181023,2272733,2222542,2260424,2249468,2161362,2163420,2173482,2208722,2146334,2105865,2224744,2206116,2154324,2188932,2158481,2225570,2257362,2154416,2215775,2227699,2204480,2197020,2149352,2106291,2170744,2170040,2188539,2168473,2196441,2246682,2395363,2346162,2260030,2251404,2343083,2289048,2306788,2289294,2310278,2321633,2358607,2314445,2238770,2326334,2315871,2279772,2330026,2259834,2242858,2317923,2321948,2211440,2237053,2229569,2282546,2356104,2286312,2361045,2305593,2255094,2242565,2344390,2357573,2251359,2379131,2403820,2441730,2411380,2317558,2521424,2469319,2479788,2530015,2555650,2699910,2641925,2289164,2234291
1.25,0.85,180,1729531,1892677,1895875,1917119,2063547,2028621,1966357,2120795,2195003,2156481,2196878,2269498,2240172,2146252,2323580,2292746,2347292,2337736,2400481,2409764,2336753,2411311,2370586,2410512,2448848,2381407,2403448,2354685,2278181,2301944,2301457,2333827,2315989,2356896,2195231,2236108,2341446,2173536,2352469,2350978,2266578,2350093,2357759,2291232,2283466,2229973,2328905,2284954,2250214,2228160,2169862,2322475,2315659,2271146,2187568,2309202,2252521,2252966,2285278,2286124,2208471,2158759,2209193,2205277,2161259,2221680,2194428,2209162,2154714,2160509,2168248,2157232,2124506,2162014,2083784,2172611,2134770,2254437,2266430,2164563,2231059,2235271,2132805,2151266,2158251,2193237,2134412,2196294,2212335,2271675,2155524,2295076,2200708,2266131,2401226,2434434,2379211,2508701,2437657,2537696,2457651,2581997,2651617,2682610,2734562,2749097,2801310,2750260,2287175
1.3,0.85,180,1808711,1875547,1891832,2011250,2077764,2129083,2190244,2264572,2228625,2345847,2296556,2341235,2300903,2336531,2329360,2323242,2359046,2328039,2266046,2352585,2341717,2380960,2330978,2383220,2360959,2331576,2356622,2237904,2259341,2290010,2246554,2306517,2348237,2361134,2325099,2344950,2483861,2485872,2503500,2493515,2493330,2352674,2496315,2406554,2515265,2403149,2447598,2389443,2516341,2490176,2424998,2353321,2271100,2329794,2324613,2299206,2308566,2303641,2355086,2385465,2336753,2291287,2457826,2298952,2383961,2426156,2392646,2377890,2375963,2359214,2400222,2496805,2468798,2469450,2461180,2475383,2440151,2290871,2339876,2287608,2361405,2355044,2377404,2398969,2417954,2366189,2480056,2589970,2542647,2356053,2378288,2379266,2374651,2452653,2456740,2456807,2509076,2470357,2608647,2535551,2597731,2601536,2687118,2695667,2676542,2731899,2690590,2563315,2203041
1.8,0.85,180,1853286,1840622,1945731,2077160,2101530,2140829,2134532,2157104,2177956,2135318,2156006,2156798,2253188,2275034,2301182,2302880,2270349,2083403,2103750,2185739,2156629,2045665,2111889,2055800,2138236,2134279,2100075,2084875,2134980,2073735,2108372,2133868,2124871,1990313,2064119,2121756,2010846,1978406,1979733,2011353,1984122,1974326,1925386,1978280,2013846,2022738,2039816,2088169,2014567,2026490,2051049,2010136,2028205,1981896,2011110,2123395,2106187,2056625,2063706,2060796,2132372,2204906,2185693,2107233,2110389,2160761,2136823,2019620,1926253,2033826,1942628,2080633,2088907,2207291,2101002,2106924,2173977,2151807,2196040,2295962,2296925,2270965,2162655,2248347,2149588,2179236,2134441,2149638,2125327,2147902,2161591,2153877,2297351,2295900,2246006,2316183,2370390,2327800,2245001,2270624,2297463,2328488,2404786,2306864,2313831,2307402,2391942,2242802,2076456
1.85,0.85,180,1788286,1857476,1898818,2039273,2129314,2110937,2131698,2193588,2253599,2255211,2214965,2185726,2288851,2260329,2315648,2277105,2298513,2384136,2358284,2334709,2243801,2202354,2230956,2257070,2280125,2254241,2314287,2162921,2124844,2135230,2101506,2184909,2179209,2136578,2123623,2293886,2163394,2175256,2247873,2249770,2230530,2287012,2355520,2348695,2354698,2315566,2193235,2282634,2290598,2291396,2216784,2085477,2202707,2189133,2168116,2192817,2114079,2228846,2157020,2022557,2088547,2162361,2142909,2202260,2146868,2163278,2112056,2239721,2226435,2154077,2168581,2136238,2174426,2136041,2224716,2195254,2312095,2376222,2406733,2411485,2280704,2285265,2304339,2345618,2411932,2329570,2331200,2360009,2418218,2473770,2421258,2507573,2492533,2489959,2601539,2571062,2659503,2649040,2474544,2532175,2574119,2597508,2628563,2627412,2742324,2667568,2799741,2390447,2341624
1.9,0.85,180,1815570,2011449,2039219,2135562,2236642,2311764,2389769,2448309,2357991,2242460,2306656,2338126,2308123,2154200,2224142,2318234,2300682,2465812,2495080,2541947,2522788,2667330,2574259,2535970,2576565,2526177,2489055,2493052,2498607,2491284,2518660,2378997,2523676,2526032,2570066,2502329,2444742,2393135,2461079,2453575,2448237,2512521,2531533,2415371,2467033,2518246,2417997,2450627,2411115,2417461,2396113,2375601,2372111,2317444,2406913,2328448,2255453,2257771,2238371,2267203,2242901,2182527,2220522,2215082,2261347,2252005,2335832,2290692,2249502,2303753,2505029,2543196,2382423,2376206,2382105,2372162,2353451,2301352,2242267,2257020,2314506,2340896,2261041,2340258,2365069,2347327,2368352,2286561,2285435,2388643,2278228,2310858,2230529,2279780,2276450,2401386,2319089,2347654,2520448,2392911,2397787,2536144,2411323,2521298,2601088,2531771,2492330,2224206,2120667
2.15,0.85,180,1938926,2013384,2036635,2089404,2162089,2133799,2241562,2206008,2235053,2269228,2259296,2436082,2253525,2300681,2223011,2295802,2262021,2168095,2158160,2050360,2201985,2243422,2270751,2152717,2180292,2091510,2173110,2187851,2064511,2035591,2017963,2046360,2125581,2198225,2171873,2125757,2294852,2070586,2142944,2243160,2269100,2223289,2132297,2201732,2102175,2114395,2062397,2047811,2190856,2200639,2153042,2201194,2163476,2276358,2277470,2277414,2127841,2198773,2129253,2264455,2282725,2116325,2170679,2320258,2215030,2208740,2188668,2184451,2095455,2166286,2103312,2213700,2133182,2078356,2118070,2203257,2283546,2194287,2101610,2177987,2156030,2191621,2111313,2143813,2130624,2285209,2235498,2173087,2233719,2219871,2224663,2170378,2242770,2387671,2413180,2271394,2316023,2387875,2251142,2282901,2333801,2347794,2378494,2367566,2528767,2326981,2162197,2041229,1985868
2.2,0.85,180,1882485,2040520,1896854,2104474,2109869,2138451,2237969,2154176,2184422,2161192,2305612,2254883,2232597,2294309,2305639,2225573,2347418,2292236,2299585,2241807,2249495,2211943,2298705,2247942,2221698,2215163,2159168,2124317,2135018,2149965,2133567,2091227,2005306,2054137,2097986,2079135,2102847,2135805,2061496,2070313,2123226,2026867,2125758,2081976,2015962,2087459,2033420,1957735,2025075,2003331,1984881,2044806,1958734,2017056,1925111,2035339,1972298,1947129,1968691,1960720,2020215,2001600,2066459,1962093,1943227,1924577,1929227,1923813,1970452,1957798,1914049,1945167,1967769,2110246,2080189,2146405,2184391,2049657,2037277,2166218,2102676,2031772,2021532,2054223,2144339,2002379,2218566,2153208,2158659,2194788,2211363,2169489,2157146,2192117,2257318,2287091,2375754,2369282,2423986,2444425,2474872,2518644,2574320,2674394,2542381,2571519,2393476,2224226,2118397
2.25,0.85,180,2022736,2017487,2020660,2145201,2256049,2203901,2247674,2347432,2271273,2286272,2241079,2264215,2330337,2430131,2274191,2300317,2334905,2348525,2281362,2247721,2239884,2296851,2229517,2272687,2235110,2184405,2143292,2169283,2242721,2109392,2183848,2077974,2172487,2132945,2178168,2238230,2178947,2124018,2221088,2091180,2082785,2102081,2152936,2108818,2111896,2244323,2223419,2204009,2186903,2190692,2159599,2108127,2135785,2065185,2001523,2062583,2131760,1956350,2036940,2220467,2262232,2218093,2130959,2127705,2237926,2220752,2275081,2356867,2253960,2319445,2226429,2201493,2127057,2243557,2237423,2256096,2274768,2242438,2305895,2263589,2253019,2218260,2337998,2235842,2249705,2321260,2342292,2315503,2349411,2261978,2287711,2282916,2326272,2333916,2333557,2337560,2268975,2404186,2383062,2319505,2442642,2513503,2496067,2511884,2586060,2571047,2261260,2190679,2157077
2.3,0.85,180,1915076,1971694,2071890,2030980,2095460,2214726,2130656,2385283,2218574,2282419,2201338,2344722,2220189,2316256,2312413,2228252,2225713,2332757,2283836,2238410,2254616,2247981,2285502,2280249,2210764,2179378,2211848,2206971,2304195,2441078,2433290,2466453,2361689,2358193,2372473,2351262,2344440,2238659,2266679,2235185,2260411,2252903,2116570,2175547,2153778,2248072,2179531,2154404,2212183,2170283,2050404,2145928,2150983,2113871,2124976,2146330,2089974,2175489,2133825,2120566,2136133,2161452,2154345,2108539,2023060,2002035,2044433,2188648,2160535,2148382,2196796,2153474,2129437,2211325,2133872,2125583,2124358,2079262,2083231,2208267,2191883,2216085,2205699,2147158,2235228,2218727,2221180,2284876,2257865,2244775,2310669,2260339,2343680,2298543,2422596,2410844,2394604,2418718,2458430,2402445,2373773,2377938,2470817,2494160,2591072,2427502,2164528,1951860,1921737
2.35,0.85,180,1846266,1893951,1993726,2025650,2089458,2092807,2184727,2266386,2319790,2475496,2375775,2264207,2382234,2257853,2422482,2300824,2361063,2301471,2350564,2215994,2275618,2230954,2349882,2154176,2148717,2115943,2169485,2193836,2210761,2197337,2162685,2206240,2188268,2210428,2299930,2284820,2262378,2363703,2486675,2478521,2461578,2506699,2480435,2500624,2502947,2483895,2528897,2476937,2351897,2379949,2251930,2393773,2377937,2362161,2327495,2309294,2419941,2247155,2361927,2422674,2308719,2280520,2337981,2205297,2338181,2303374,2283975,2290649,2230106,2287244,2324424,2300010,2230313,2347190,2271416,2270211,2181483,2337304,2341290,2330954,2245367,2264403,2268825,2281224,2289813,2369129,2231684,2351933,2440423,2357203,2448202,2428866,2490093,2571835,2453514,2561094,2668591,2781819,2799645,2778709,2731700,2870030,2913891,2796117,2840005,2848146,2602943,2269540,2218792
2.4,0.85,180,1873524,1930721,2092772,2095217,2134874,2130955,2241098,2223067,2240041,2348289,2306630,2260564,2299452,2363690,2410631,2327688,2421288,2336795,2271299,2295280,2344429,2355323,2354436,2366114,2323600,2248170,2291177,2283446,2303578,2337867,2189850,2235194,2217071,2290863,2218731,2213477,2235988,2351010,2280526,2187827,2310387,2274456,2254105,2165730,2162030,2201341,2291731,2198961,2204153,2303535,2287434,2237406,2188685,2228292,2246963,2271517,2247362,2288217,2201885,2261804,2231166,2328665,2240510,2384189,2336743,2428807,2408843,2289989,2280924,2342303,2339634,2381551,2397167,2300937,2343448,2308561,2445215,2428602,2346698,2356636,2343022,2430050,2434320,2374810,2372174,2441654,2387405,2466930,2466427,2474260,2435969,2490230,2505574,2519718,2610483,2616834,2585637,2677299,2705778,2733991,2814094,2851744,2834642,2818714,2842417,2842469,2511772,2246551,2223461
2.45,0.85,180,1837981,1933354,2049431,2149714,2160590,2104371,2224290,2165613,2187109,2238582,2332467,2290909,2279661,2306447,2333567,2238705,2290176,2156682,2402938,2230058,2223517,2211281,2184875,2313571,2213290,2269728,2256372,2241928,2242235,2106734,2219708,2175439,2210118,2200841,2152795,2173000,2147343,2200622,2198374,2200239,2302140,2211397,2160315,2200584,2105857,2215482,2166366,2208147,2212557,2186411,2163138,2199975,2226484,2213662,2273605,2197989,2176446,2207649,2234900,2261599,2253577,2256785,2308955,2246158,2250450,2211721,2255509,2322241,2233235,2193402,2208392,2195108,2319240,2252763,2248616,2202018,2221689,2147980,2223830,2150646,2284943,2131389,2132147,2209422,2248496,2308731,2317846,2265142,2314541,2361285,2326136,2239525,2367346,2443285,2468825,2538993,2473078,2475321,2495678,2487937,2528410,2587849,2625105,2638469,2655650,2621021,2121311,2041010,1963294
2.5,0.85,180,1803758,1959715,1952556,1975761,1998836,2133887,2160127,2149019,2262905,2196743,2254516,2294995,2178255,2242312,2183644,2343377,2305770,2270774,2283268,2235775,2192110,2176516,2211099,2314028,2241568,2172414,2110111,2135168,2148606,2241189,2168314,2165188,2126463,2214915,2245928,2135939,2113285,2206739,2157331,2141595,2249132,2134564,2226143,2243052,2250006,2242359,2278020,2213380,2196247,2289292,2318782,2369638,2296763,2404560,2302511,2345272,2219375,2364945,2272879,2312987,2349348,2398195,2342134,2258244,2271619,2257697,2350262,2422870,2427598,2402370,2325559,2295072,2239345,2196364,2275524,2217868,2266644,2288550,2249574,2310513,2278340,2369118,2392861,2474239,2413765,2493688,2391837,2320982,2376468,2367291,2419015,2463248,2499955,2537423,2531095,2615479,2565806,2502340,2480394,2520433,2592330,2657631,2702479,2767274,2904673,2973349,3074800,2622220,2537871
2.55,0.85,180,1848646,2016258,2093505,2114930,2286535,2136699,2240426,2254981,2234170,2297878,2304647,2283714,2270756,2306005,2364228,2272098,2268706,2438158,2330294,2340335,2321462,2353145,2299337,2325133,2273080,2271907,2299758,2183754,2293859,2199892,2301857,2188005,2264668,2263205,2220289,2282925,2194392,2202859,2166149,2146905,2201911,2065528,2018919,2124056,2067751,2222151,2149425,2140048,2120733,2213994,2130739,2337386,2262229,2199008,2274964,2315430,2231076,2275626,2195811,2209958,2218427,2263638,2167740,2247357,2323285,2221293,2247820,2193871,2319972,2164266,2161069,2117260,2128327,2285828,2141727,2231300,2250583,2170108,2167236,2308850,2275431,2302317,2233226,2338461,2305390,2240949,2278305,2337930,2306776,2300253,2341624,2245618,2365364,2352837,2310486,2330103,2284813,2300294,2364304,2377124,2469526,2524464,2621577,2601734,2631342,2780704,2221547,2034211,2031278
2.6,0.85,180,1918202,2041912,1994256,2080006,2135949,2236056,2177976,2229515,2363949,2285258,2252121,2323646,2364000,2354955,2446998,2301955,2360442,2341186,2173496,2260541,2222097,2276776,2323488,2217845,2306609,2307562,2268557,2258184,2187446,2189758,2254779,2221749,2240076,2197535,2207456,2198061,2203844,2186027,2213682,2169888,2241880,2239905,2222860,2147477,2164320,2239510,2279001,2208621,2212106,2194857,2130575,2298428,2163720,2197618,2090370,2253699,2218639,2164650,2153935,2225667,2204845,2192725,2137051,2176881,2168797,2187539,2151466,2206559,2096658,2083190,2065669,2116303,2075209,2171353,2053918,2097179,2143324,2181138,2106655,2189980,2100438,2220970,2138544,2151192,2134115,2172260,2207894,2230869,2293786,2326115,2306742,2261633,2370521,2290851,2274021,2315780,2336116,2365826,2292053,2392082,2387277,2431518,2608200,2613130,2690784,2777974,2361087,2099223,2063878
2.65,0.85,180,1920492,1961005,1974172,2147706,2227883,2245637,2345369,2365300,2408603,2400482,2388186,2439090,2425979,2413327,2395558,2407806,2384369,2440305,2303797,2257967,2394342,2408249,2332209,2242016,2306855,2212253,2279325,2278317,2284354,2337257,2258761,2254006,2233310,2246489,2330242,2215659,2162051,2138983,2205942,2158571,2136493,2130069,2140192,2173349,2115433,2263733,2155228,2210796,2155328,2277496,2199595,2158029,2172381,2231889,2190103,2140880,2078799,2161615,2218372,2121514,2228995,2213629,2157245,2094701,2234459,2139341,2195148,2177974,2216717,2137634,2180193,2290024,2125140,2127957,2048688,2122310,2028945,2060111,2146955,2192074,2111801,2169347,2247055,2178279,2165698,2142751,2135769,2179792,2264216,2201581,2218425,2280011,2306357,2331200,2317794,2216058,2341743,2359458,2429489,2420935,2473155,2600717,2631829,2732024,2748621,2690249,2648324,2186241,1957204
2.7,0.85,180,1847619,1949835,1943482,2062709,2049321,2153684,2099088,2192227,2246112,2266468,2244756,2236669,2235379,2176160,2269115,2155615,2162882,2248673,2288572,2227195,2205657,2262394,2189632,2185150,2252343,2136865,2250386,2176131,2121272,2178164,2178179,2225627,2159143,2062697,2017459,2130839,2183344,2138767,2148546,2142608,2061188,2118578,2081342,2063267,2100225,2038652,2163927,2144198,2185239,2006298,2088998,2073141,2007213,2058944,2071264,2013764,2087663,2090699,2139618,2211573,2256015,2207428,2107305,2123534,2048879,2145158,2138260,2059138,2051024,2184011,2152714,2126752,2194688,2071715,2080682,2015033,2019041,2203601,2103568,2150944,2156052,2111735,2168656,2113074,2073840,2090167,2074838,2100056,2005267,2049747,2113735,2072691,2148103,2229435,2212814,2265923,2204280,2425273,2356019,2438337,2422020,2513766,2560383,2528302,2557378,2483879,2309406,1955116,1975926
2.75,0.85,180,1926088,2023503,1982016,2088656,2198946,2138207,2163619,2157738,2209739,2272482,2253943,2282711,2320106,2267255,2269306,2357524,2316908,2297423,2340066,2238643,2200306,2277359,2255309,2274973,2262397,2230583,2261530,2248236,2239665,2238820,2165780,2170436,2271865,2197891,2070820,2172157,2198805,2236100,2190148,2185205,2144537,2095429,2219525,2126853,2160783,2065997,2118158,2134493,2110730,2144026,2132698,2149114,2116275,2139669,2030042,2136184,2105638,2106043,1998755,2044372,2097762,2238186,2124019,2018832,2152582,2162727,2212469,2150465,2122437,2127928,2147265,2116240,2145707,2120395,2126125,2110233,2049309,2147805,2108488,2162254,2113017,2115279,2122549,2107965,2175413,2126665,2231304,2167023,2140795,2244051,2167149,2127182,2164766,2150489,2286796,2284038,2331356,2292497,2271332,2459959,2446291,2432126,2538422,2681268,2649640,2614990,2206302,2040957,1980883
2.8,0.85,180,1832278,1950652,1930012,1990965,2090273,2147213,2183014,2185019,2290848,2220873,2279757,2297593,2236199,2339587,2447927,2416680,2379227,2333948,2460707,2348060,2382703,2380036,2371937,2402469,2410240,2362809,2310372,2314069,2289312,2275480,2229650,2253092,2192091,2244453,2141558,2180914,2196428,2236819,2239602,2209951,2267923,2183569,2183454,2145428,2197490,2155860,2161085,2163297,2096135,2054509,2114415,2099431,2143941,2139846,2227718,2221883,2123137,2135239,2148498,2152133,2227573,2107900,2124180,2134223,2134384,2093368,2118542,2094048,2168229,2175712,2114181,2172550,2131413,2145786,2153717,2168289,2166127,2243983,2280347,2193086,2164335,2233874,2169168,2175731,2201674,2185718,2219238,2217380,2243044,2268271,2330569,2336221,2383076,2419782,2591057,2422200,2441230,2518657,2698753,2597181,2664656,2634456,2781147,2769660,2827568,2834569,2805826,2260478,2187364
2.85,0.85,180,1815381,1911772,1968027,2044668,2109475,2105094,2167536,2225702,2249026,2194859,2174534,2311212,2268680,2236961,2246171,2300768,2274514,2369658,2175618,2264082,2277677,2224178,2257320,2274970,2230440,2317087,2198001,2301185,2254190,2226227,2183108,2230499,2252347,2195620,2230762,2243003,2316966,2225683,2239004,2223709,2197613,2155488,2209374,2223461,2151896,2185155,2209096,2186257,2172938,2082005,2112031,2187671,2169847,2264869,2175128,2280753,2210986,2162745,2206124,2250558,2099117,2276887,2221227,2185632,2220175,2257645,2165793,2232000,2230361,2240329,2282400,2244925,2235249,2318375,2236400,2336719,2302971,2216985,2180969,2163317,2249124,2343394,2322637,2321996,2298813,2297552,2348525,2273170,2240098,2363813,2344637,2328473,2366500,2358588,2411104,2400540,2500082,2495582,2524973,2559633,2421797,2591716,2503727,2598035,2746727,2835740,2689812,2132822,2059524
2.9,0.85,180,1839065,1849185,1951946,2014050,2003221,2041116,2093497,2094087,2138821,2082083,2160333,2122282,2163827,2047614,2079089,2199258,2191471,2171084,2147579,2184671,2127374,2168066,2150157,2157242,2201698,2222553,2221376,2266294,2133852,2119846,2162270,2183952,2174935,2139837,2182992,2155835,2179085,2165937,2212159,2250257,2207687,2264383,2200220,2316351,2248665,2255645,2267459,2300075,2153596,2171251,2257112,2100601,2164578,2244824,2250745,2153326,2149040,2131243,2266831,2157456,2162032,2179295,2159194,2107260,2143737,2041299,2030048,2140979,2139775,2172628,2210245,2166197,2184026,2259733,2237269,2272640,2220886,2240584,2172134,2216420,2211137,2164593,2211970,2089781,2133529,2243260,2296449,2219778,2266846,2318001,2384240,2423808,2311176,2535215,2434751,2685571,2606036,2665051,2703134,2704002,2712361,2866771,2780665,2825103,2858255,2857106,2453657,2228242,2188434
2.95,0.85,180,1833841,1848311,2017365,1990712,2023644,2061779,2150328,2165063,2321283,2239166,2271062,2175545,2228009,2225079,2278753,2313702,2315399,2227072,2266717,2242584,2321794,2298495,2231398,2235084,2294167,2269168,2308467,2279654,2364876,2331264,2390877,2363179,2404383,2454442,2435054,2332799,2414240,2340075,2387192,2380310,2318616,2332552,2256073,2161329,2256903,2241522,2277153,2224267,2300900,2277876,2301324,2270357,2198730,2231299,2236601,2109755,2217196,2212627,2273296,2251080,2333625,2195516,2283458,2313382,2207208,2183570,2272674,2305436,2249468,2323206,2262111,2214893,2235998,2225092,2246442,2279912,2272039,2228268,2284122,2347613,2229539,2300445,2292030,2216301,2222198,2247833,2255764,2257847,2286151,2300058,2272713,2336732,2291043,2365830,2260267,2310997,2225926,2318273,2391768,2430530,2447417,2498730,2643695,2744650,2743646,2814990,2781799,2238289,2145380
3,0.85,180,1774707,1905449,1986798,1997849,2055929,2068928,2130706,2187810,2168390,2170970,2266054,2210693,2321150,2255675,2260952,2254563,2216516,2206027,2225368,2166807,2246194,2266370,2212161,2206951,2219500,2187478,2185532,2230281,2169448,2177453,2204349,2217577,2139433,2130886,2186484,2190217,2272445,2223602,2259553,2208066,2107317,2188335,2182882,2206497,2125398,2144903,2173265,2156517,2081344,2096759,2112515,2126598,2002618,2166272,2112061,2065896,2123123,2114220,2116744,2176264,2087104,2138498,2140649,2237370,2305674,2207548,2302394,2321455,2219765,2252021,2255957,2286295,2299561,2322616,2301223,2348891,2353884,2293857,2344352,2304535,2379511,2354858,2293549,2407096,2386758,2338737,2426488,2466452,2401449,2486989,2581798,2486984,2490460,2517138,2539422,2514867,2542950,2444190,2558497,2575349,2579250,2682841,2643332,2662568,2829025,2781175,2839317,2135935,1978348
3.05,0.85,180,1899899,2060225,2195543,2218871,2166536,2296758,2211286,2417164,2229430,2377901,2342222,2262545,2249150,2298865,2242565,2277868,2241643,2230834,2182978,2237293,2190041,2165879,2147755,2111123,2200775,2046506,2217469,2116688,2150714,2169419,2204422,2216876,2159276,2192303,2137609,2106362,2163088,2051559,2130511,2108592,2096601,2150506,2100446,2128809,2150788,2175188,2167282,2119039,2166060,2111921,2057391,2088488,2170786,2138989,2138939,2124805,2220297,2173100,2170074,2077996,2205040,2091891,2137394,2085481,2147414,2177397,2021937,2213658,2200782,2234282,2228705,2164040,2109398,2140640,2151021,2167920,2106482,2118627,2219324,2198727,2166895,2285332,2217513,2141229,2160159,2309637,2198222,2237590,2209983,2227365,2286055,2247195,2349906,2255659,2317055,2372712,2346169,2478194,2585185,2569596,2556541,2597761,2582192,2660366,2549041,2576580,2267739,2045845,1925491
3.1,0.85,180,1874499,1862012,1945003,2111593,2091182,2186899,2210554,2251199,2206531,2218820,2209067,2153058,2211186,2269128,2251394,2258936,2210292,2184718,2271018,2243296,2135921,2197471,2200050,2230013,2238086,2195386,2170093,2155074,2175233,2112798,2185896,2129308,2089056,2147495,2055576,2056014,2106663,2102729,2045797,2038588,2123352,2057594,2046052,2076391,2094118,2061995,2026725,2055391,2058653,2105281,2060907,2064968,2064791,2060097,2102590,2032631,2037692,2032764,2059640,2120876,2112310,2016445,2002222,2064614,2053788,2125209,2144515,2033725,2048304,2142468,2122187,2085331,2137847,2087903,2098177,2204271,2096773,2079080,2154847,2158399,2116360,2070832,1975899,2088449,2116941,2115815,2092204,2132218,2136179,2176194,2077606,2143107,2361430,2333308,2360444,2458715,2360107,2427712,2463570,2485334,2460017,2525469,2459857,2495731,2511676,2418109,2604576,2140188,1919888
3.15,0.85,180,1927647,1935382,1961142,1984635,2155729,2109746,2159036,2151642,2108560,2218543,2131389,2190803,2194433,2168133,2130013,2141489,2196494,2101837,2241087,2166877,2127880,2140885,2121331,2165481,2225430,2206401,2149026,2097249,2182891,2065971,2072832,2184038,2131361,2176465,2042224,2003279,2102131,2120444,2168389,2109812,2073976,2088230,2033602,2077799,2035493,2098770,2030932,2004155,2057546,2053511,2090965,2161322,2035267,1932847,2015098,1951426,2160455,2089100,2045965,2090675,2090692,2047121,2051720,2118506,2089276,2149641,2124806,2122055,2088448,2048206,2101511,2018291,1947042,2054547,1982658,2017924,2007336,1945074,1927871,2007180,2058280,2081023,2116568,2133037,2134354,2117072,2121267,2172004,2200342,2146783,2250281,2209301,2197313,2250783,2242961,2350688,2310381,2460762,2435727,2500577,2535212,2544664,2590967,2607557,2613470,2638218,2562342,2061974,2063798
3.2,0.85,180,1855812,1823945,1974384,1906251,2058479,2087555,2183143,2165381,2119962,2185274,2134792,2156319,2123410,2138242,2171067,2180213,2123313,2174196,2159890,2137205,2151630,2233426,2274629,2206813,2202795,2153725,2175235,2132295,2122309,2103633,2008865,2126216,2137145,2167228,2027337,2060873,2120444,2098996,2060437,2121394,2074153,2070225,2217211,1973362,1985186,2021058,2107600,2031082,2024835,2064145,1946117,2045397,2059687,2112929,2079030,2069202,2060655,1975999,2121812,2155630,2087543,2140601,2140322,2133359,2122799,2216320,2121777,2077974,2155885,2083180,2062805,2123711,2071985,2133660,2009761,2119020,2098950,2090517,2075731,1987202,2099179,2094950,2053988,2151524,2067893,2139338,2127034,2063384,2184367,2096457,2180123,2126677,2137064,2246733,2271082,2299774,2360963,2349594,2505570,2502966,2467363,2484763,2485297,2658578,2527197,2486495,2425660,2012532,2004342
3.25,0.85,180,1755298,1847264,2014300,2023445,2015359,2050832,2119373,2093330,2144179,2156388,2203627,2122053,2186120,2166763,2257161,2199370,2215199,2217350,2087463,2135283,2140787,2148277,2093561,2140680,2225401,2157959,2216444,2150971,2080754,2144118,2171890,2073906,2166226,2042832,2018602,2143027,2123920,2142556,2137623,2198922,2098863,2154988,2149282,2134269,2178080,2141163,2127582,2165952,2215702,2100978,2194686,2182404,2077621,2171874,2114925,2157125,2164366,2133100,2123281,2032441,2085904,2125913,2084316,2088868,2102927,2024584,2038171,2147581,2098833,2077187,2117706,2079668,2059775,2149118,2150010,2189471,2144342,2160358,2167166,2157984,2127805,2100845,2145898,2086532,2180294,2149532,2283418,2269843,2193813,2171798,2144429,2149677,2212017,2208924,2337912,2332627,2214864,2353962,2416603,2403744,2509401,2561077,2517316,2574633,2550830,2544223,2536499,2214771,1953695
3.3,0.85,180,1817537,1888201,1978781,1996290,2068287,2099261,2137705,2175863,2175215,2178464,2267986,2329937,2293292,2294456,2269183,2260881,2297670,2329076,2323041,2310175,2278859,2264780,2291936,2289890,2326262,2246839,2269705,2256295,2283174,2327596,2327177,2290620,2328066,2284037,2295131,2245941,2218868,2248965,2228429,2259004,2239278,2292833,2217727,2322436,2265030,2191031,2268994,2287949,2290332,2201253,2276648,2184250,2174098,2252094,2284681,2281025,2210206,2205372,2254026,2287374,2173614,2111626,2161207,2143858,2181267,2180285,2220937,2221396,2108101,2230480,2094912,2189758,2135921,2234996,2221166,2226279,2217616,2202834,2192664,2231538,2278483,2173675,2232144,2293350,2281532,2351734,2313189,2330545,2218721,2310417,2353520,2342008,2319393,2409717,2478504,2376938,2410535,2288099,2396937,2485365,2539187,2612114,2623904,2526969,2430443,2342856,2397614,2119536,2024929
3.35,0.85,180,1866017,1967174,1966276,2056608,2136819,2123150,2220231,2285979,2268951,2326705,2300976,2248087,2309079,2344015,2437500,2326350,2368799,2329957,2390276,2294079,2351761,2391057,2364092,2236847,2326557,2304133,2313705,2285450,2266274,2297437,2281868,2278464,2267516,2225123,2286347,2244255,2275582,2200433,2177664,2214128,2241063,2264057,2194434,2144572,2349050,2176223,2290879,2234002,2208702,2359187,2303387,2345661,2377218,2336250,2258964,2187811,2266933,2296886,2262615,2233373,2185235,2267584,2247759,2194618,2344173,2338828,2262502,2219972,2312153,2336861,2326432,2228833,2234640,2240619,2359408,2316688,2305169,2332298,2284621,2219054,2230049,2271426,2316879,2306789,2268500,2470489,2326604,2364436,2404479,2367185,2402390,2399720,2423481,2438868,2423590,2427437,2451086,2529794,2501349,2549339,2647415,2604382,2732809,2634229,2657438,2837589,2774446,2118913,2091834
3.4,0.85,180,1895016,1917323,2003050,1994553,2074471,2107245,2273618,2297998,2398821,2440387,2430566,2372704,2455326,2376738,2420608,2418609,2474202,2500224,2556942,2439688,2443201,2541229,2437163,2512578,2389920,2459063,2428312,2425424,2350754,2386590,2355505,2448103,2373840,2382620,2338722,2371186,2287267,2428577,2416183,2257037,2298322,2348672,2398736,2318999,2440383,2391915,2449425,2408007,2441869,2409371,2419465,2370218,2362290,2315499,2380196,2405805,2423671,2364830,2220277,2249552,2169640,2330909,2078275,0,0,0,0,0,0,0,0,0,0,0,0,0,0,0,0,0,0,0,0,0,0,0,0,0,0,0,0,0,0,0,0,0,0,0,0,0,0,0,0,0,0,0,0,0,0
0.05,0.9,180,1777148,1797116,1903902,1910000,2071103,2062662,2101579,2146373,2107889,2101349,2137053,2162241,2224274,2233303,2133441,2142016,2170218,2109826,2171173,2033612,2132607,2094856,2075506,2108529,2083088,2107043,2129468,2095583,2103903,2067622,2030987,2059077,2034594,2043458,2092741,2048842,2033067,2034394,1993540,2061330,1945395,1960813,1958844,2037415,1972850,2079896,2012463,2010388,2029541,2051513,2048359,2090397,2041440,2019171,2056421,2181632,2112160,2152598,2066921,2173122,2141552,2241455,2297573,2203907,2225386,2238521,2112876,2189227,2071770,2149674,2126269,2237142,2122936,2104195,2152445,2220603,2204514,2232041,2143620,2144829,2249856,2165150,2205087,2197205,2225967,2194160,2250641,2188822,2246838,2171191,2196647,2137322,2197708,2320084,2317791,2366845,2444391,2336982,2356079,2247934,2444189,2409031,2379292,2530350,2478756,2594226,2625373,2347223,2092387
0.1,0.9,180,1732136,1828220,1943170,1979532,1966478,2005341,2004758,2112635,2257640,2137972,2209227,2182616,2195484,2271368,2303916,2216967,2150543,2252766,2197568,2263624,2192313,2239831,2275030,2206429,2173938,2158695,2154114,2162418,2126359,2197184,2159171,2145464,2113129,2134099,2106762,2146126,2148816,2092034,2148463,2198935,2122124,2086198,2103961,2124759,2168728,2134178,2150675,2032484,2134486,2118894,2081425,2137051,2132158,2207198,2080548,2105306,2102565,2132084,2133577,2127855,2158990,2145071,2221308,2266657,2310774,2252410,2242971,2276451,2324635,2307713,2235217,2117990,2287866,2333267,2326716,2273013,2240276,2327828,2203154,2359988,2299050,2331634,2363057,2374022,2350777,2366456,2301843,2353533,2346787,2182004,2215719,2201291,2160425,2301315,2268546,2272616,2371716,2310846,2321808,2316358,2305831,2382141,2456858,2490915,2555449,2520314,2700393,2709183,2350396
0.15,0.9,180,1700813,1746153,1903153,1979763,1891984,1930720,2039434,2091818,2204908,2203916,2236882,2255118,2275236,2293383,2371787,2266153,2274378,2186658,2267381,2251116,2229904,2141262,2229891,2212587,2223107,2183782,2192439,2179789,2200676,2144615,2246293,2241405,2128374,2106166,2128703,2114233,2105560,2201790,2168206,2117666,2190641,2048365,2094044,2043087,2043963,2050738,2094922,2161794,2013531,2066901,2128023,2154577,2126876,2289503,2157701,2147056,2183124,2081800,2103666,2187439,2145256,2244123,2155462,2260500,2195873,2273208,2177406,2194968,2203195,2380924,2264243,2281421,2344837,2304509,2260002,2174819,2306924,2202601,2224131,2307167,2248587,2241336,2306013,2287827,2317889,2279005,2404948,2425431,2409768,2413210,2504053,2476563,2547779,2640019,2639574,2565179,2551113,2597444,2624421,2719732,2792465,2815544,2897994,3034602,3025808,3076501,3142902,3078064,2706113
0.2,0.9,180,1748534,1680034,1778581,1890066,1920638,1985525,1970959,2093451,2086563,2150477,2193522,2140854,2202116,2223465,2320510,2314629,2367634,2372072,2301127,2263691,2287510,2252482,2218396,2190601,2207456,2281416,2212457,2227994,2161458,2177282,2119811,2070088,2100951,2136182,2186236,2200042,2174324,2152709,2188063,2137032,2157952,2144923,2107998,2177801,2217463,2144227,2201142,2112570,2137067,2130484,2096070,2148554,2071601,2109905,2107444,2120901,2107097,2136524,2134080,2119063,2083582,2097543,2168260,2099245,2106066,2113297,2049210,2054281,2098786,2119984,2132572,2041319,2168547,2036885,2074818,2036204,2057404,2059784,2104930,2130480,2070710,2167855,2217906,2161137,2050803,2192173,2121071,2152952,2188781,2219827,2219221,2316016,2334663,2249955,2179022,2224345,2338613,2265769,2321250,2289740,2317224,2339477,2281707,2373293,2402434,2480739,2470355,2541807,2511129
0.25,0.9,180,1675315,1756223,1835439,1891053,2044299,1924429,2052724,2052730,2133046,2176535,2236689,2301805,2252564,2347181,2349636,2291414,2320676,2335755,2283918,2316323,2277125,2288473,2317153,2288580,2342102,2234016,2267656,2247418,2297506,2284111,2215466,2174583,2095615,2144066,2219890,2182733,2165538,2155247,2190157,2152896,2219782,2235743,2217578,2228169,2181833,2096634,2211374,2201933,2205168,2170127,2183552,2121373,2104675,2124480,2153914,2103109,2069857,2216643,2082380,2097607,2061058,2106260,2034203,2062879,2125830,2047307,2107283,2105841,2090726,2076721,1971555,2079406,2021723,2099799,2131673,2065201,2092653,2036805,2056300,2122974,2096027,2102020,2127075,2207242,2126732,2049755,2151968,2180867,2107293,2112953,2175066,2165213,2201788,2201730,2245571,2264340,2344423,2320628,2317179,2353307,2382080,2423814,2485607,2447594,2491302,2553145,2482220,2536011,2304357
0.3,0.9,180,1700193,1745114,1788243,1785655,1896198,1847757,2034502,1991432,2088596,2103212,2127651,2173802,2200435,2253544,2191670,2389376,2324568,2352654,2404809,2273615,2239915,2216751,2213740,2291550,2334798,2227543,2294226,2293853,2247788,2223634,2237089,2248436,2150858,2211938,2182951,2191255,2197446,2284861,2299582,2288662,2150036,2229677,2259861,2174876,2122856,2132787,2096432,2160652,2048705,2164727,2144195,2162327,2078836,2107606,2161250,2095242,2107027,2071922,2026979,2052538,2007087,2034443,2116409,2045593,2036532,2065399,1986866,1946493,1985559,2042460,1968532,1985649,2074984,2052727,2028276,2106797,2021187,2005860,2110051,2056666,2062410,1947471,2024184,1902579,1989276,1992431,2012754,2043362,1998122,2056143,2052211,2044624,2111068,2058632,2049608,2111593,2189817,2192118,2242777,2222425,2235892,2319545,2322510,2269486,2298992,2244507,2249737,2393052,2128197
0.35,0.9,180,1639508,1815359,1858274,1984950,1929099,1988118,2071549,2112721,2257260,2256690,2216974,2206343,2327362,2351748,2369956,2412829,2349477,2366911,2432572,2378810,2324358,2342883,2335843,2267805,2276507,2226021,2229234,2302537,2245738,2274145,2257184,2317661,2183233,2163353,2218707,2247605,2212833,2187157,2239530,2204369,2126715,2172141,2241820,2158447,2123246,2175596,2179649,2109338,2160386,2196080,2100839,2121319,2099311,2086605,2185630,2082024,2173232,2191481,2165899,2138737,2116949,2209707,2094302,2165666,2175116,2210596,2156752,2217029,2190536,2151851,2254947,2249372,2241168,2252085,2193741,2164960,2033681,2153088,2041805,2114521,2044453,2031887,2016355,1950595,2126607,2146472,2141584,2226421,2174548,2110146,2171754,2207795,2197220,2151677,2207654,2207721,2269845,2258903,2215517,2215403,2193800,2292895,2330731,2387038,2432363,2370867,2415527,2405820,2412737
0.4,0.9,180,1698829,1677074,1855278,1872688,1911545,1908734,2026244,2024463,2111552,2023210,2138729,2242896,2244166,2232152,2220807,2236322,2275223,2258743,2244241,2273686,2265736,2228724,2262808,2301038,2271551,2187072,2185461,2136385,2110897,2191684,2216221,2116534,2112679,2124983,2210591,2175964,2156816,2187635,2167023,2091761,2124883,2179861,2130488,2097829,2139723,2116720,2133688,2168805,2146886,2211552,2188445,2135965,2158024,2237219,2153083,2167199,2123044,2193751,2196123,2204838,2167181,2143749,2258040,2219974,2203226,2208044,2254557,2251306,2229888,2234493,2159259,2069565,2137167,2187932,2076794,2178238,2170925,2136920,2117763,2116668,2120432,2106553,2214255,2179721,2178119,2180467,2189939,2242016,2187203,2208838,2341323,2260960,2182678,2290658,2201483,2333176,2253795,2303336,2303156,2340592,2427345,2506387,2487277,2453296,2472908,2488760,2494871,2573039,2442523
0.45,0.9,180,1802273,1839011,1851915,1940426,1945259,2060850,1935811,2124855,1960704,2008597,2094875,2154634,2210997,2200242,2209045,2185756,2253276,2241654,2202707,2210233,2240706,2176764,2223210,2204945,2272493,2242655,2210600,2227657,2223338,2203978,2239959,2195939,2134619,2194147,2179331,2146936,2132486,2216312,2178336,2192774,2267574,2147332,2216057,2162794,2211594,2142913,2263549,2298865,2321994,2358792,2308112,2350938,2318299,2269658,2217343,2183117,2203984,2148098,2154201,2202737,2165598,2144706,2217138,2185371,2191064,2226777,2275002,2252202,2149944,2188673,2203626,2090231,2125271,2185184,2205367,2163628,2207666,2134018,2217834,2179077,2258020,2319012,2291271,2274013,2296225,2258504,2271495,2366277,2359940,2313224,2373243,2524544,2340130,2469723,2505240,2444865,2541331,2455791,2452078,2428547,2408648,2471581,2491802,2551718,2552670,2666691,2766714,2723118,2551181
0.5,0.9,180,1782611,1737403,1833297,1944751,1992473,2002033,2047877,2192729,2182769,2102735,2277906,2266428,2245697,2270029,2236134,2248336,2257519,2209447,2269484,2201614,2249297,2234128,2327606,2277551,2270271,2284779,2337930,2346912,2264062,2388444,2343518,2428718,2344307,2387168,2424859,2415730,2435464,2331877,2303872,2316166,2287410,2421949,2323535,2375274,2306553,2366296,2381293,2357121,2353695,2384337,2426253,2383469,2336802,2294879,2377812,2443271,2359609,2343060,2385111,2221121,2206735,2306530,2274167,2217084,2250381,2246022,2253469,2307769,2216622,2317912,2297218,2301928,2282814,2272271,2234772,2180807,2238070,2217997,2302199,2279153,2301954,2270232,2225374,2163326,2269623,2265656,2249088,2255535,2309322,2305675,2346781,2365549,2478709,2515166,2483105,2621359,2596080,2682597,2686983,2637790,2529629,2596209,2406844,2400180,2427999,2514364,2497318,2582917,2562218
1.1,0.9,180,1654184,1767887,1763466,1949369,1915784,2000981,1960845,1977460,2069953,2160573,2145913,2150959,2098470,2141047,2085524,2175206,2230924,2175367,2162678,2111124,2160970,2143505,2177895,2242940,2149867,2166228,2169419,2253046,2105349,2153620,2062704,2062801,2089248,1979450,2139777,2062715,2120864,2121693,2007426,2150047,2080472,1982754,2015186,2007412,2018452,1964889,2117687,2067859,2010326,2195220,2096005,2071624,2120846,2011344,1945324,1990717,2022761,2028826,2014465,1916143,2071494,2045431,1988958,1998581,2039707,2016007,1944949,2080429,2030868,2046532,2005993,2009079,2092692,2042998,2176636,2191882,2019615,2129020,2098198,2189738,2187949,2176671,2140915,2156440,2056645,2136112,2201245,2272266,2314633,2250369,2345506,2363637,2283501,2288780,2243583,2254300,2350290,2552924,2426937,2481330,2497616,2676927,2616480,2571903,2562193,2660484,2690157,2743992,2498770
1.15,0.9,180,1767148,1784989,1798574,1858895,1949586,1946527,2112510,2154119,2038699,2173803,2158309,2106222,2208677,2153617,2261583,2194193,2076813,2168730,2293110,2196012,2121123,2245504,2159057,2124599,2036978,2053254,2115898,2151603,2130309,2106673,2108008,2144512,2108824,2086405,2111430,2120302,2091414,2026423,2012235,1982094,2032301,1994540,2020136,2011778,2018352,2081527,2027472,1873010,2045271,1953118,1970586,2005851,2068468,1976332,1977434,2097195,2072621,2034645,2115951,2159371,2077639,2166724,2019309,2069886,2135817,2140924,2214490,2077034,2169722,2122646,2196029,2236118,2283647,2281537,2296205,2255740,2169265,2187147,2199932,2250989,2161912,2194359,2197535,2183887,2166925,2221533,2278980,2170100,2219460,2241896,2245300,2174573,2147291,2271459,2372884,2345484,2311135,2360938,2264853,2408110,2464065,2438850,2549435,2524796,2495082,2527852,2504224,2602806,2274043
1.2,0.9,180,1879596,1838603,1952668,2001604,1999329,2049635,2026700,2025947,2110098,2068012,2130342,2188851,2127485,2197527,2267472,2235811,2245355,2209916,2295277,2336979,2208705,2314840,2312169,2192365,2219129,2237638,2179157,2167937,2190304,2197921,2213950,2204951,2197503,2293722,2165325,2255271,2142326,2184967,2150074,2187473,2207830,2049508,2185073,2050359,1991532,2052595,2083277,2127944,2199580,2121932,2082311,2203967,2117165,2093969,2152787,2155012,2069106,2092004,2128357,2146617,2083079,2152887,2189689,2133996,2177216,2158580,2256049,2181820,2293947,2232658,2235028,2297660,2285330,2288566,2268932,2222206,2203599,2161046,2302249,2278625,2252939,2231140,2298245,2271859,2277621,2243621,2354160,2325819,2317267,2384165,2219681,2281109,2289576,2241875,2289931,2345280,2305077,2345954,2387242,2549489,2505332,2633541,2638528,2698646,2742410,2657235,2707374,2634280,2356503
1.25,0.9,180,1732845,1739386,1891094,1914162,2030553,2022568,2107863,2153335,2196736,2334130,2291448,2394536,2315616,2355593,2308909,2301784,2349027,2411315,2380926,2361845,2425815,2303696,2401001,2493786,2486321,2491231,2430744,2474601,2483142,2487269,2500301,2429296,2452896,2373243,2402908,2379782,2300114,2308977,2225197,2259402,2372858,2343563,2252324,2360050,2346546,2253054,2285352,2335946,2308831,2201723,2295305,2240716,2377246,2302308,2343740,2314126,2325045,2205072,2265438,2279182,2155925,2142709,2181348,2121395,2085175,2219735,2202371,2234469,2251240,2158204,2166591,2228432,2255291,2289344,2195156,2243157,2344393,2208452,2242983,2356947,2324596,2253584,2207999,2217407,2369401,2329742,2288468,2207045,2360572,2339596,2507667,2463766,2385486,2474626,2393262,2540720,2455406,2511779,2529028,2595703,2500401,2682680,2639872,2825853,2796633,2822255,2900752,2848822,2685037
1.3,0.9,180,1833719,1876051,1877160,1987777,2018299,2076361,2132021,2301965,2354534,2373985,2344884,2335310,2391707,2364403,2362947,2489569,2457312,2442034,2569826,2591776,2644928,2689096,2610597,2514505,2602862,2630510,2586764,2537341,2620032,2600393,2589507,2583005,2459915,2555394,2438930,2466646,2538768,2517919,2388074,2503590,2472357,2389048,2467301,2383789,2439782,2494764,2452834,2494042,2445134,2504485,2535436,2451094,2386886,2418342,2440237,2405505,2364505,2306577,2343742,2400794,2396066,2298285,2298617,2283146,2325235,2388391,2310980,2345891,2296126,2239467,2295591,2358108,2238160,2236989,2264443,2180361,2271477,2213873,2220813,2287502,2356973,2331397,2253081,2324400,2359427,2237557,2272025,2392645,2334642,2328672,2367997,2384825,2402717,2366335,2291163,2345991,2415564,2553455,2546373,2677748,2595655,2664703,2672975,2737949,2679680,2664230,2634849,2637119,2373217
1.8,0.9,180,1731486,1810175,1925374,1984426,1966181,1989549,2065510,2062195,2141958,2230675,2241537,2275361,2251499,2228062,2244061,2291451,2250868,2180053,2181777,2112494,2117820,2167599,2048875,2004051,2137066,2131665,2093426,2107905,2062383,2013461,1998945,1980992,1981151,2000241,2165375,2122220,2103885,2085690,2026276,2027583,1914888,1908717,2043023,1994210,2016735,2094122,2053569,2115593,2098242,2099778,2103554,1987191,1948314,2104831,2084406,2036855,1959600,2038603,2015098,1994159,1987525,2014730,2042741,2135535,1977298,2025528,2058782,2003243,2007216,1961877,2007716,2048518,2071052,2173676,2146374,2182369,2139288,2125191,2078937,2115481,2091167,2076120,2217648,2083706,2143207,2106527,2204538,2167335,2277864,2262925,2244230,2180656,2209268,2247073,2233410,2217059,2206050,2120860,2220104,2218155,2301114,2382837,2540001,2418435,2464551,2464248,2510010,2467550,2163316
1.85,0.9,180,1741836,1737108,1893295,1945609,2025376,2055159,2129349,2113490,2254518,2204205,2327776,2324765,2356964,2344726,2363511,2390164,2443970,2462981,2387592,2400923,2446589,2491707,2468670,2467392,2377353,2429570,2407697,2312854,2358314,2391558,2404730,2483359,2434142,2428950,2424361,2412953,2499316,2297801,2407765,2326393,2228582,2324771,2272377,2247804,2329178,2288182,2226356,2241196,2328303,2242925,2206171,2322250,2229586,2286734,2225246,2217515,2246563,2165672,2275026,2208140,2166922,2211708,2181140,2116821,2169696,2190095,2186696,2110477,2117144,2203840,2247931,2164561,2258192,2174496,2156065,2134286,2209604,2193531,2230633,2211264,2192855,2183321,2191317,2148082,2240057,2295951,2211495,2228972,2316088,2307557,2395420,2354219,2263743,2325414,2405381,2444838,2270712,2338231,2320121,2206223,2304077,2340180,2320719,2438445,2510298,2401074,2615478,2328067,2129218
1.9,0.9,180,1825351,1767472,1884525,1998185,2109147,2020959,2045349,2056117,2071739,2035898,2119345,2176054,2255523,2165193,2251359,2187739,2269404,2290423,2290355,2347928,2519776,2501906,2456927,2315059,2337130,2231981,2186479,2211295,2208179,2172931,2188989,2259145,2197172,2210935,2267395,2306802,2374022,2293634,2222420,2319992,2152871,2318185,2228373,2239822,2174512,2193964,2246648,2184530,2159252,2172423,2174315,2176095,2154205,2085177,2139897,2133366,2144661,2131588,2168302,2186535,2106677,2130480,2145234,2170697,2114186,2204671,2156482,2260994,2111613,2211793,2285613,2156121,2196026,2100860,2172790,2135316,2112520,2156277,2107834,2190682,2096029,2089469,2142489,2225402,2229168,2183024,2203077,2188803,2186651,2183395,2181581,2153164,2185408,2214508,2155695,2220110,2282213,2338229,2293777,2316428,2385230,2348686,2342750,2369517,2327289,2431028,2489074,2191313,2097655
2.15,0.9,180,1784871,1954176,1839915,1963295,1923983,2042385,2058735,2043554,2093250,2157761,2178258,2209685,2185800,2057932,2075215,2132612,2111222,2204990,2280172,2304912,2171036,2176814,2112217,2226698,2169625,2093219,2162339,2127967,2079948,2000246,2005984,2111170,2139103,2100472,2156943,2109558,2076954,1965617,2088461,2035267,2053225,2232234,2039149,2129213,2112917,2063141,1972508,1996695,2008783,1968032,2197351,2184208,2020860,2095329,2011890,2001495,2100725,2160484,2136271,2114614,2247763,2168064,2128772,2094761,1966973,1935189,2005670,2066059,1971771,1975816,2020022,2161571,2164998,2218456,2168793,2143840,2174874,2131303,2210849,2172362,2096877,2164854,2118037,2092738,2086292,2172686,2186364,2123544,2102113,2114710,2073740,2173848,2205891,2113076,2080430,2198186,2284645,2263874,2335558,2459239,2374631,2511908,2477663,2605793,2632399,2662196,2396486,2294299,2189110
2.2,0.9,180,1835429,1909937,1951596,1988605,1921169,2108677,1988989,2110511,2130800,2193392,2188640,2182384,2211639,2260245,2334641,2395234,2282472,2271329,2290723,2306136,2243617,2248935,2224899,2262641,2262586,2218305,2129631,2195386,2240009,2139801,2246613,2214435,2244318,2148042,2115611,2137443,2157142,2132014,2144627,2209591,2128665,2159017,2169413,2061504,2088656,2117267,2279574,2183030,2215848,2194035,2197777,2104047,2048912,2218123,2163029,2183344,2175371,2086558,2171334,2148853,2138001,2181126,2033023,2073542,2008658,1953708,2027702,2020454,1951286,1960186,2008382,2035295,1958568,1922298,1974606,2054255,2072561,2131406,2106443,2073382,2042846,2111532,2139965,2198676,2185416,2137557,2143095,2176027,2123612,2130674,2192711,2191402,2174903,2204691,2149035,2224121,2240053,2284354,2277652,2297611,2313856,2376534,2510855,2416234,2505308,2440173,2411873,2153498,2046181
2.25,0.9,180,1833800,1915787,2053776,2071046,2135294,2280536,2217060,2302185,2259013,2275940,2250731,2294568,2345831,2289145,2338956,2311014,2365139,2277917,2251804,2230421,2255511,2303182,2312180,2253740,2230255,2160585,2177425,2065350,2131957,2136931,2155682,2191294,2111175,2122273,2095324,2159675,2168943,2211367,2217574,2225994,2203021,2131977,2087898,2001039,2089282,2106851,2094561,2061292,2059593,2057565,2043756,2108588,2074203,2087125,2075525,2035757,2078107,2007121,2073729,2097419,2016960,2040597,1944135,1921889,2018452,1974681,2063913,2017896,2046689,1984785,2035424,2037405,2018735,1968344,2017582,1961481,2052150,2056702,2104881,2114419,2103346,2137754,2073688,1993164,2125559,2150719,2190266,2098247,2089730,2062044,2097883,2173514,2225090,2197384,2171130,2166409,2287463,2233617,2201722,2175352,2269414,2410054,2470493,2507715,2463767,2503487,2227264,1988026,1925318
2.3,0.9,180,1871451,1974136,2044171,2055942,2043300,2081316,2057118,2180269,2206849,2166543,2213078,2136712,2180107,2210705,2218499,2173091,2255092,2201216,2233645,2141416,2140493,2202074,2120220,2119151,2148619,2118290,2110237,2120651,2097380,2214685,2196066,2162760,2216209,2177863,2130747,2161704,2183939,2175589,2022532,2156712,2134157,2154175,2101820,2135544,2070812,2159551,2160318,2081014,2132492,2124539,2020995,2081403,2086875,2163837,2149305,2194949,2157455,2064827,2169205,2132515,2106126,2147309,2095171,2071970,2199700,2173146,2229507,2182687,2130702,2142168,2222804,2076120,2199383,2150595,2193259,2206288,2175607,2194834,2217781,2234937,2223381,2289897,2236699,2296664,2310172,2340068,2343656,2248578,2190214,2325813,2274420,2304690,2332514,2340383,2366443,2350435,2319043,2387936,2471922,2432020,2366857,2462248,2375930,2452610,2486938,2513443,2283083,2047620,2100534
2.35,0.9,180,1758631,1893473,1970543,1913972,2071630,2071977,2048001,2116458,2194069,2125093,2192808,2151703,2264876,2199644,2168152,2232944,2223986,2252893,2185172,2195882,2148105,2135388,2093106,2129074,2169914,2149271,2138706,2142695,2079811,2021859,2082443,2168004,2070048,2062435,2076018,2101931,2072789,2157615,2142801,2062150,2171102,2087234,2103699,2126660,2108211,2044469,2079541,2045621,2083137,2142882,2083703,2103873,2143297,2091358,2137678,2118007,2110731,2116801,2139988,2166854,2168003,2185397,2164297,2143372,2156320,2152128,2141974,2218089,2172489,2136705,2177394,2105221,2087465,2203477,2237066,2187168,2313794,2314696,2254235,2321887,2298835,2345769,2335089,2335599,2366016,2279344,2386807,2299932,2384611,2435595,2428540,2432532,2473993,2470058,2438912,2474367,2444556,2385643,2369121,2451427,2405801,2543528,2672163,2730353,2704593,2834448,2901769,2530206,2239697
2.4,0.9,180,1831400,1886838,1936994,2005425,2052489,2033316,2156398,2102370,2191551,2099575,2137079,2170063,2196516,2077569,2241956,2231098,2209112,2236865,2220188,2247031,2147168,2119193,2160413,2145588,2138747,2218153,2142397,2215858,2264119,2313534,2235793,2164812,2144038,2137443,2148254,2019498,2151777,2221660,2109085,2153277,2159801,2118348,2161865,2136353,2096041,2174367,2196586,2236131,2237937,2141657,2249655,2316538,2369738,2344203,2334058,2327775,2343559,2312393,2345835,2284804,2289860,2199488,2253878,2210657,2222734,2180518,2174464,2243081,2175568,2246810,2257557,2254822,2250786,2123092,2237011,2293671,2282226,2202017,2202641,2318952,2330047,2332322,2348944,2235695,2276300,2292912,2313526,2416728,2331799,2374323,2324342,2402484,2372778,2398419,2397953,2396951,2432336,2466204,2610796,2561355,2533180,2550501,2690149,2736608,2879970,2678246,2436440,2115392,1978909
2.45,0.9,180,1909225,2031008,1992297,2145989,2152544,2146442,2240142,2268451,2192827,2281465,2260083,2427322,2375156,2326474,2341641,2317861,2286210,2345259,2356362,2394307,2324669,2254400,2248173,2408829,2245310,2436311,2330253,2281659,2324191,2287671,2308384,2228221,2223818,2202124,2207674,2256122,2205972,2196760,2217677,2239142,2280182,2253892,2163087,2148550,2178118,2215619,2154793,2114712,2171849,2124512,2080474,2186133,2104146,2091519,2155089,2089805,2179035,2147148,2226531,2218132,2212019,2202677,2233562,2164548,2203830,2253078,2191356,2239790,2201860,2324533,2232203,2322875,2341623,2276974,2345116,2351059,2351517,2228005,2221731,2276800,2262258,2317149,2383424,2309261,2427422,2521381,2523720,2571049,2442703,2443021,2464926,2525247,2506203,2529905,2502504,2676440,2568951,2548552,2637925,2652589,2699674,2727776,2785010,2918996,2865546,2993687,2611299,2310279,2163024
2.5,0.9,180,1849559,1924157,1960366,2123055,2107517,2220772,2206348,2285968,2261426,2262209,2361321,2310839,2307029,2297438,2355325,2351396,2232916,2324644,2303417,2424940,2366268,2389318,2432543,2402406,2407310,2315598,2371238,2339764,2359752,2407282,2338417,2288382,2238816,2279418,2313791,2316954,2216104,2337252,2268982,2230263,2264685,2262183,2203302,2193022,2248841,2122420,2212636,2178289,2147646,2182199,2206899,2158306,2220699,2171141,2199568,2274402,2185633,2169031,2185109,2097848,2178772,2136252,2213496,2149447,2300067,2359165,2225191,2179486,2248462,2318428,2283062,2308354,2251702,2362937,2298633,2299297,2395291,2315193,2429943,2269492,2329311,2272293,2332281,2227813,2251580,2336823,2340156,2359363,2414824,2260576,2388833,2364848,2294529,2356427,2342694,2376254,2442259,2510175,2413425,2560724,2470694,2683860,2692497,2629045,2728327,2749468,2813202,2479721,2179869
2.55,0.9,180,1899998,1980857,2044769,2076346,2112778,2140946,2149568,2222518,2137491,2269657,2265810,2263554,2216904,2230285,2209191,2260406,2289814,2210195,2264695,2241816,2274593,2385512,2271182,2207399,2327262,2288053,2262898,2197895,2278669,2238926,2318359,2270154,2162838,2202206,2252801,2287371,2236259,2251816,2261528,2284855,2273274,2216738,2257720,2252041,2405565,2366812,2270026,2426567,2354564,2351551,2269681,2282383,2354335,2244807,2188561,2189378,2281286,2216625,2245876,2239096,2214030,2275896,2285372,2302406,2262059,2328395,2263120,2279779,2200880,2218324,2313899,2214892,2165638,2227701,2238672,2296395,2270222,2280910,2194795,2341600,2397001,2481798,2815922,2331771,2258679,2250086,2272695,2273474,2243870,2298296,2313895,2288709,2292456,2227782,2379375,2312939,2334032,2367079,2413074,2444836,2488089,2603768,2506739,2589948,2660297,2772597,2794499,2195723,2010235
2.6,0.9,180,1940637,1989238,2058783,2184563,2177658,2077656,2344393,2267808,2265144,2263501,2317613,2354382,2315013,2313763,2325561,2243317,2159531,2160303,2305466,2282475,2337186,2239242,2259010,2230693,2230638,2277404,2186985,2140755,2199293,2192293,2171643,2199699,2233116,2171521,2229001,2259525,2305820,2153003,2241124,2190732,2165724,2213934,2168737,2183899,2122670,2183050,2151437,2134507,2091737,2130553,2156457,2203075,2073570,2207442,2157038,2162538,2256192,2285173,2196094,2188910,2168817,2215277,2174742,2140513,2166789,2209869,2101107,2151000,2314493,2265646,2314413,2319598,2251898,2280041,2263484,2272391,2228120,2252685,2231445,2262860,2268517,2329605,2278046,2201818,2175804,2267421,2315049,2256598,2310451,2310361,2343220,2325789,2408933,2284183,2268135,2356037,2338892,2459959,2413789,2534776,2565942,2620588,2586726,2627295,2682400,2620513,2305736,2043846,2029679
2.65,0.9,180,1814272,1898183,1955910,2035086,2111222,2076893,2161045,2179397,2279967,2275171,2281725,2379653,2353922,2430588,2454912,2433795,2339993,2320279,2313135,2311996,2314134,2283566,2235374,2241983,2280814,2228065,2229007,2215858,2219561,2210568,2231651,2260938,2177178,2169385,2163254,2164899,2155095,2192354,2222805,2210455,2185768,2217049,2242489,2168665,2157250,2254184,2246913,2198434,2222111,2118396,2125887,2189296,2240228,2190120,2152838,2229554,2088171,2114486,2160858,2104113,2048481,2045346,2108522,2140119,2159410,2176622,2183878,2206543,2203548,2137093,2157869,2075159,2148576,2144833,2097884,2025539,2151560,2066035,2158263,2095577,2261055,2186188,2067303,2123368,2124100,2131234,2157067,2053551,2194690,2183127,2126774,2153638,2214496,2173004,2235101,2220811,2235830,2212882,2277043,2345451,2362781,2440526,2547077,2517638,2552146,2551477,2586166,2137637,2052305
2.7,0.9,180,1795548,1845224,1927153,2066920,2117825,2098658,2165534,2180093,2165076,2308155,2266973,2253946,2208303,2238236,2206139,2274038,2192567,2164757,2244173,2122301,2151768,2157084,2124281,2175822,2150899,2079012,2150513,2107257,2034443,2214397,2158493,2217755,2144128,2116543,2160173,2164860,2166919,2080349,2166393,2142290,2145624,2059626,2127136,2151323,2121485,2096723,2096430,2004034,2080505,2037214,2043597,2098928,2051347,2057416,1943665,2065257,1998385,2176918,2143619,2149267,2095395,2177297,2120626,2170587,2149557,2113614,2166881,2164378,2127778,2157421,2141631,2043239,2205561,2188437,2160338,2222877,2322155,2337392,2285491,2344381,2390898,2314527,2422078,2336394,2375806,2434561,2374757,2327763,2158657,2260314,2276836,2210318,2338996,2270155,2294905,2347931,2266895,2336291,2483353,2479591,2391310,2488129,2648556,2595480,2677268,2645209,2785277,2254419,2018877
2.75,0.9,180,1801552,1870108,1965302,2032335,2050497,2026636,2066012,2099673,2165176,2202156,2254939,2188929,2207369,2234836,2205801,2255411,2272119,2167109,2270476,2269916,2223008,2280937,2159868,2246034,2145194,2144211,2125129,2114873,2149944,2219920,2169977,2160636,2164574,2133008,2086181,2199213,2247136,2158537,2165818,2124572,2242211,2135382,2219947,2115424,2192526,2129240,2131334,2142395,2191861,2190545,2180127,2129061,2180907,2068973,2136088,2143910,2283213,2164112,2196241,2201111,2149225,2082489,2164695,2169935,2135015,2172473,2157324,2194633,2116528,2249416,2232065,2114977,2240536,2220930,2164429,2162875,2146230,2210255,2209918,2186653,2223705,2218874,2166316,2150624,2221906,2212847,2167247,2242753,2288068,2296396,2345360,2360924,2488216,2530819,2570941,2631695,2658354,2594693,2621856,2680600,2722935,2730088,2710736,2856188,2736978,2752923,2699188,2264937,2178725
2.8,0.9,180,1876366,1835109,1957266,2038425,2088984,2053297,2191622,2169657,2230694,2133506,2233707,2295108,2284766,2228888,2256120,2215465,2319028,2247828,2313370,2282322,2320435,2228391,2233333,2187958,2169826,2208160,2255069,2139293,2121072,2201788,2134258,2225836,2200843,2141848,2151587,2195047,2183230,2182524,2130729,2190471,2110412,2107206,2245464,2157040,2116552,2126520,2101430,2112779,2244757,2190306,2064960,2180916,2084633,2154117,2125919,2081352,2183827,2267396,2259496,2243514,2347061,2355447,2239683,2169617,2184158,2263887,2163840,2220921,2222941,2155186,2170726,2213328,2199420,2238502,2229784,2196016,2222079,2227781,2260670,2216300,2113277,2126904,2135649,2103750,2153408,2175051,2137157,2086751,2108219,2168157,2218849,2167563,2248922,2271306,2246367,2293318,2395855,2328939,2430087,2421248,2470690,2493253,2580878,2544755,2473018,2531719,2561819,2255722,2026411
2.85,0.9,180,1797938,1953218,1967423,2087893,2087414,2127176,2213133,2177027,2176695,2298703,2256812,2234952,2239262,2278535,2365468,2210241,2289424,2323254,2231928,2325410,2270597,2317541,2216419,2222553,2240567,2197537,2203739,2165653,2170848,2240008,2115479,2103869,2194539,2146535,2200423,2199303,2232383,2203511,2161129,2256342,2217486,2214133,2067492,2116874,2104393,2195363,2229507,2162218,2255679,2229381,2277436,2190835,2292635,2225095,2311985,2238947,2244185,2221479,2233349,2200253,2225556,2217424,2267922,2189206,2219127,2208278,2181206,2072845,2202672,2153799,2228859,2163155,2148282,2345050,2261962,2340095,2343181,2285216,2472133,2460874,2492187,2472742,2464024,2374904,2409775,2374143,2456301,2502360,2526546,2516022,2544652,2585128,2580946,2686288,2851659,2755077,2665639,2710411,2988027,2944043,3023554,2930381,2880106,2814257,2873072,2765661,2836716,2281150,2129561
2.9,0.9,180,1877138,1910116,1927287,2011601,1903377,2002758,2133129,2113193,2153543,2210293,2174224,2264462,2250378,2181892,2178234,2303910,2282088,2357398,2355220,2217306,2274531,2244077,2229163,2212408,2263341,2199344,2233818,2267118,2190495,2297774,2163977,2148641,2195418,2172253,2238682,2155700,2107491,2172135,2174174,2124313,2153297,2171421,2202178,2110996,2146906,2150090,2040585,2129385,2146470,2189114,2141793,2176575,2153732,2284232,2274316,2308534,2262820,2186135,2243393,2192109,2184959,2097094,2157574,2219954,2072453,2160167,2086598,2117898,2137741,2101583,2098025,2110398,2099867,2117773,2143196,2063722,2099126,2034917,2092324,1994649,2018370,2097957,2065173,2134347,2126717,2097055,2179443,2097884,2131580,2163115,2232510,2205684,2188561,2219176,2173563,2221479,2223969,2258859,2331842,2361369,2457919,2538761,2482999,2588934,2664891,2607212,2691156,2155496,2102447
2.95,0.9,180,1817680,1886908,1983555,2095087,2124195,2179409,2165726,2219512,2211449,2265989,2251766,2275468,2295009,2274449,2252065,2278994,2230270,2243123,2321805,2271430,2182851,2271586,2258694,2255188,2333742,2327288,2268208,2314105,2217113,2250309,2210510,2193921,2186060,2250295,2150349,2183046,2230424,2143256,2130793,2187983,2200468,2137939,2127651,2195714,2254488,2210266,2231980,2209105,2163126,2197931,2251925,2059625,2162392,2187885,2268748,2210514,2335859,2226338,2310504,2235405,2324519,2321403,2242158,2252239,2315934,2224254,2190352,2181408,2225388,2244633,2274164,2307521,2232111,2310605,2257941,2251716,2230686,2280139,2318658,2318416,2257809,2224840,2186029,2231334,2288702,2360260,2260598,2258315,2307543,2324361,2371245,2463323,2383199,2519426,2458992,2583414,2588965,2629761,2652160,2642258,2700498,2809620,2915244,2786279,2766411,2804328,2782450,2541541,2157278
3,0.9,180,1877246,1946576,1999212,2026991,2182324,2177568,2241066,2197255,2217580,2199220,2253167,2219125,2336584,2357887,2197077,2177267,2179204,2315888,2210425,2265943,2216148,2320752,2292943,2412377,2321332,2308869,2286210,2290643,2243607,2264250,2175966,2167606,2194881,2135294,2171016,2242517,2224212,2236683,2319285,2192374,2162799,2199971,2264066,2193415,2196171,2216820,2193741,2173053,2237747,2276926,2184399,2238760,2225807,2187760,2262282,2231217,2166753,2165816,2147164,2185420,2243085,2178090,2224742,2277753,2285207,2222276,2257294,2292495,2245907,2292607,2227994,2235132,2227755,2153078,2288993,2256351,2274505,2324905,2308474,2202001,2223047,2299352,2256866,2274006,2270798,2266280,2274110,2252395,2237047,2222768,2210207,2356537,2384809,2246565,2352672,2390939,2442159,2486839,2515945,2421450,2668572,2590203,2721154,2717083,2794727,2843527,2891560,2445410,2179983
3.05,0.9,180,1862525,2054804,2031150,2123737,2209900,2279770,2314332,2296703,2322407,2348284,2314645,2346692,2383645,2277385,2295366,2273766,2310562,2290469,2238116,2144423,2329189,2234379,2223697,2153545,2370876,2233246,2290184,2134681,2187534,2159458,2171916,2160074,2186575,2205779,2141821,2257844,2178431,2170027,2183587,2186530,2114014,2142593,2118377,2074201,2182286,2161839,2184979,2214623,2192549,2164178,2197893,2229441,2198555,2174578,2161015,2060054,2103539,2198129,2221364,2265265,2112318,2135045,2168665,2135896,2092574,2151946,2198669,2155745,2193340,2075810,2228369,2214410,2273170,2280626,2359980,2388604,2283089,2272750,2234125,2186353,2238002,2268097,2332982,2317482,2274556,2312706,2335223,2403502,2350521,2323273,2367939,2429035,2409473,2446101,2528272,2551549,2620984,2594201,2687789,2748234,2837459,2868048,2873315,2816757,2909973,2843886,2807122,2232834,2070655
3.1,0.9,180,1789683,1892385,1966542,1962687,2036833,2067255,2165304,2173912,2184426,2255468,2248604,2212634,2301559,2183351,2283618,2196464,2205942,2213453,2192568,2151746,2219095,2212116,2192322,2186221,2207235,2218658,2244507,2119297,2202200,2226066,2121120,2226442,2192706,2190968,2161475,2175138,2182323,2181652,2166910,2103051,2135218,2093581,2105359,2015052,2132543,2137583,2135845,2124689,2113789,2093655,2079775,2134636,2127777,2049544,2075018,2094732,2122941,2059748,2052348,2064164,2169611,2129843,2060334,2137504,2109748,2014696,2070598,2029795,2041927,2124510,2109767,2033032,2033727,2024264,2017578,2088214,2165832,2102777,2071550,2118346,2146149,2161113,2141893,2124884,2166551,2175558,2013201,2134278,2167633,2180069,2119319,2066676,2159688,2107709,2160784,2164462,2173440,2232468,2208758,2256538,2336032,2464524,2639346,2567256,2571950,2436802,2638855,2512453,2150824
3.15,0.9,180,1796133,1892608,1968820,2103571,2061685,2153417,2109650,2132151,2155707,2147440,2131897,2214756,2141773,2191500,2324220,2330809,2170989,2255996,2127029,2176422,2249586,2199047,2206529,2225917,2157954,2164037,2112646,2155284,2166182,2108072,2130150,2127983,2077091,2153554,2077776,2102860,2101893,2061248,2095056,2075769,2096940,2097648,2076959,2048473,2032251,2031502,2113229,2100308,2085002,2125362,2101025,2101793,2066354,2086713,2065024,2088641,2016024,2101112,2072343,2042220,2071571,2095395,2111256,2086188,2066018,2065247,2041274,2042616,2120976,2086445,2078256,2008648,2026756,2109431,2084081,2049627,2048593,2095056,2083065,2115904,2043489,2148413,2079571,2114343,2106630,2089767,2093395,2099534,1994988,2062984,2129089,2099008,2115970,2210933,2239206,2253047,2294555,2304450,2420439,2493687,2432226,2533474,2425009,2530417,2498954,2527576,2526708,2320323,1976458
3.2,0.9,180,1876842,1885274,1928394,2025694,2082070,2163173,2156482,2236441,2263135,2128290,2243479,2212095,2190330,2261502,2269702,2245374,2239202,2339085,2269180,2251981,2281076,2266885,2223775,2220778,2220525,2253758,2231117,2259411,2171086,2231051,2194123,2159396,2234686,2167017,2197073,2189163,2187984,2175113,2137402,2178730,2151270,2130677,2197964,2132728,2089450,2195127,2097996,2180132,2122322,2111520,2168028,2131194,2111572,2241725,2127253,2216655,2170392,2216572,2132543,2128274,2163617,2171005,2191168,2079470,2150085,2114621,2092723,2132823,2140056,2181939,2112515,2074845,2139974,2135789,2075532,1980706,2075792,2167561,2176339,2172458,2122417,2105640,2136580,2084458,2160799,2208704,2149360,2251203,2137391,2218586,2187888,2062444,2183366,2239565,2274169,2245523,2323386,2302599,2416341,2467215,2541792,2516112,2548679,2559465,2487695,2499105,2570991,2145764,1991038
3.25,0.9,180,1886939,1926707,1987239,1976672,2051727,2110954,2229143,2235163,2311672,2302941,2308834,2360199,2281212,2330307,2296902,2288136,2356210,2411371,2351066,2238138,2260104,2319144,2235423,2275478,2307569,2397626,2286448,2289220,2298159,2304354,2371924,2204794,2280930,2230659,2312347,2248773,2292952,2273976,2245911,2208550,2175992,2211164,2201942,2145983,2284986,2218560,2206206,2159076,2183095,2156854,2156625,2229861,2244440,2280860,2228211,2284762,2225002,2330777,2206680,2250233,2238559,2188222,2164599,2186324,2214288,2243347,2173086,2241363,2099548,2237753,2240255,2219617,2162281,2164005,2134518,2214629,2155669,2224919,2162408,2216927,2310097,2225883,2138646,2219939,2218451,2327826,2247568,2363576,2300999,2323615,2328888,2415265,2318797,2358186,2378444,2460160,2364004,2476236,2441124,2451566,2567963,2470390,2467357,2439672,2441808,2628459,2474922,2486589,2000123
3.3,0.9,180,1806530,1890552,1977814,2050641,2091278,2115440,2171269,2234132,2291815,2325401,2346485,2355020,2282511,2205040,2280333,2283888,2279475,2333904,2384289,2400422,2353555,2372191,2344752,2247764,2340175,2354671,2239162,2284922,2310290,2215526,2256905,2232728,2362741,2307310,2364767,2360556,2376901,2223990,2263152,2267174,2260164,2213661,2242724,2221498,2195460,2227084,2215921,2244499,2281571,2272808,2279388,2256077,2290937,2253426,2246664,2253462,2229055,2286359,2265168,2293250,2208123,2182805,2077472,2049940,2193521,2243405,2309647,2230404,2278385,2204630,2199177,2197158,2277838,2347591,2271081,2448434,2289623,2326001,2222819,2247156,2262213,2386789,2451587,2418507,2434904,2521847,2476884,2546480,2556051,2598017,2628627,2560654,2618242,2754538,2772351,2659440,2769674,2818644,2845838,2932729,2913875,3068745,3060406,3069653,3018216,3035643,3032576,2907503,2469270
3.35,0.9,180,1840876,1992339,2002031,2075331,2050133,2125854,2171521,2266574,2191504,2279284,2313102,2402033,2246869,2429208,2385701,2442074,2350214,2363637,2369617,2420233,2413983,2369305,2342747,2384186,2375150,2299252,2344683,2309737,2333488,2385267,2284056,2448201,2366566,2443783,2364752,2299684,2338097,2373358,2428280,2495110,2398620,2440752,2363571,2361176,2359008,2299905,2310589,2328859,2285206,2310042,2277851,2296024,2357406,2452651,2479229,2427334,2298299,2273069,2332558,2410489,2244858,2297613,2201430,2251776,2258654,2355107,2329056,2406875,2391846,2419340,2402673,2334093,2428528,2402845,2523976,2513318,2431257,2381929,2277902,2286461,2318968,2262559,2228663,2161257,2176675,2142298,2265886,2324219,2307831,2402073,2442727,2502112,2498810,2588915,2574810,2666515,2579418,2602653,2610145,2604661,2562626,2631512,2693571,2572796,2552695,2642188,2603477,2312667,2123468
3.4,0.9,180,1792958,1879269,1985251,1958417,2100300,2143057,2230215,2267688,2246314,2328331,2316952,2307831,2395546,2342354,2406046,2348945,2407455,2478937,2444837,2422898,2413063,2390711,2403229,2360708,2389344,2416239,2385457,2423087,2417756,2370231,2451464,2446516,2408822,2328277,2380482,2319295,2450134,2556967,2549452,2452478,2465422,2555409,2480750,2402330,2454739,2481470,2453703,2373833,2366697,2316623,2374423,2281300,2322150,2323372,2358401,2304155,2453941,2366568,2424390,2354071,2413609,2377360,2282872,0,0,0,0,0,0,0,0,0,0,0,0,0,0,0,0,0,0,0,0,0,0,0,0,0,0,0,0,0,0,0,0,0,0,0,0,0,0,0,0,0,0,0,0,0,0
