0.05,0.05,180,8,12,12,15,16,16,18,19,22,22,24,23,18,17,19,21,21,22,22,23,24,20,19,19,20,21,20,20,23,24,25,25,25,25,27,26,26,22,19,20,15,16,21,20,19,19,21,20,21,20,23,25,25,25,27,27,25,23,25,26,26,27,27,25,30,33,32,31,28,24,22,23,24,26,26,27,27,28,30,29,31,31,34,29,32,28,27,27,27,24,24,28,25,25,26,26,26,27,28,29,31,30,28,27,27,27,25,25,20
0.1,0.05,180,6,10,12,14,16,17,17,19,19,18,19,18,19,20,20,22,21,22,23,22,20,21,22,21,22,21,19,19,18,19,21,20,20,18,19,19,17,18,17,16,17,18,19,20,20,19,18,18,18,20,19,18,18,18,20,19,20,20,21,20,19,18,20,20,20,22,20,20,20,20,21,22,24,24,24,24,23,25,23,24,23,21,20,21,21,22,22,23,23,21,22,22,23,22,24,24,24,24,22,22,23,23,24,23,22,23,25,27,21
0.15,0.05,180,6,10,11,12,13,15,15,16,18,19,20,20,21,21,21,19,21,21,21,21,22,23,22,20,20,21,21,22,22,23,22,24,24,22,23,24,24,25,27,28,28,29,29,30,30,31,33,34,34,36,36,31,29,28,27,26,25,24,25,23,23,21,22,22,24,21,19,19,19,19,18,18,18,19,19,21,21,19,19,20,21,20,21,21,23,21,21,21,22,21,23,22,22,22,22,21,21,20,22,20,20,20,22,21,22,23,24,25,17
0.2,0.05,180,6,9,10,11,13,15,16,16,17,18,19,20,21,22,23,23,23,23,22,21,20,22,23,23,24,23,23,22,22,22,22,20,20,21,21,21,22,21,22,22,22,23,22,23,22,22,20,20,20,21,22,22,20,20,20,20,19,18,17,17,19,20,19,19,19,17,17,19,20,17,18,19,17,18,19,19,18,19,20,17,19,20,19,16,16,16,16,17,17,19,19,19,18,19,18,19,19,18,20,18,19,19,19,20,21,20,21,19,14
0.25,0.05,180,0,7,9,11,12,12,14,15,15,16,17,18,19,20,21,20,21,22,22,21,21,22,23,24,24,23,24,24,25,24,24,25,25,25,28,28,29,30,31,31,31,32,30,28,24,25,24,25,25,24,22,21,20,19,18,18,19,18,19,19,18,19,19,18,17,18,18,18,17,18,17,17,18,19,18,19,18,18,18,17,18,16,17,18,17,16,18,18,18,18,17,17,18,17,18,18,18,18,18,19,20,18,19,18,19,19,21,23,18
0.3,0.05,180,2,10,11,12,14,14,15,14,16,17,17,18,18,17,18,19,19,18,20,20,20,22,20,20,20,20,20,22,21,22,22,22,23,21,22,20,20,19,18,19,21,20,20,19,21,20,20,21,20,19,18,18,18,19,20,20,18,19,18,20,21,21,22,22,20,20,21,21,22,19,18,17,19,19,19,21,20,19,19,18,19,16,18,18,19,20,19,18,19,19,18,19,17,18,18,18,18,18,21,19,18,20,20,21,22,25,27,23,18
0.35,0.05,180,6,10,11,12,13,14,15,16,17,18,18,19,20,21,22,21,23,23,21,20,21,21,21,22,24,23,21,23,21,22,23,23,23,24,19,19,20,19,19,19,19,20,20,19,20,19,18,21,19,20,21,21,21,20,19,19,20,19,23,19,20,19,19,19,20,20,20,18,20,22,23,22,22,23,23,20,19,20,20,22,21,20,19,19,20,18,19,17,18,18,16,17,18,17,18,18,18,18,18,19,19,20,21,21,20,21,21,21,13
0.4,0.05,180,8,11,12,14,14,16,17,18,19,20,21,21,22,22,21,22,22,22,23,23,24,21,22,21,21,22,23,22,23,20,21,21,21,21,21,22,23,22,23,22,22,22,20,18,19,18,19,18,20,21,19,20,20,22,21,21,20,20,20,21,21,22,23,22,19,19,19,19,18,18,18,19,19,19,19,20,18,19,18,20,20,19,18,18,17,16,17,17,17,17,17,17,16,16,17,16,17,17,18,18,18,19,20,19,20,20,20,18,11
0.45,0.05,180,3,9,12,13,14,16,16,18,17,19,21,22,20,21,21,22,21,21,22,23,21,21,19,20,20,20,21,20,21,19,19,19,18,19,18,18,19,24,22,19,19,18,19,19,19,20,21,20,18,19,19,20,21,21,19,19,18,18,18,17,17,17,17,17,18,17,18,17,18,17,18,17,18,17,17,17,17,20,20,19,19,19,17,22,22,20,18,17,19,18,17,17,17,18,18,18,19,21,20,19,19,20,20,21,20,22,21,22,17
0.5,0.05,180,6,10,12,12,14,15,16,17,17,18,19,17,19,19,21,21,22,21,20,19,19,19,19,21,21,21,23,22,20,21,20,21,22,20,19,19,18,19,18,18,18,19,22,21,21,21,21,19,18,19,19,19,20,18,18,18,19,19,20,20,18,17,19,21,21,22,22,21,22,19,20,21,21,22,22,21,20,19,21,22,21,21,19,18,18,17,17,17,18,16,16,17,18,17,18,18,17,18,18,18,18,18,18,19,20,20,20,19,13
0.55,0.05,180,8,10,12,14,15,15,16,16,18,19,19,20,20,20,21,20,20,20,20,20,22,21,20,20,20,20,20,21,21,19,19,19,19,19,19,20,20,20,20,19,20,22,20,20,18,18,19,20,19,17,19,19,18,18,19,20,19,19,18,18,20,20,20,20,20,19,18,19,21,20,22,21,22,21,21,20,21,21,20,19,19,19,19,19,19,18,18,18,18,18,18,18,17,19,18,18,19,19,19,19,19,19,19,18,22,21,21,22,17
0.6,0.05,180,2,8,11,13,15,16,15,15,16,17,18,17,18,19,20,21,22,22,23,22,23,22,22,22,23,24,24,23,21,21,21,21,22,22,22,22,21,21,22,23,23,22,20,21,21,22,23,22,21,21,21,22,22,21,19,18,19,20,21,21,20,19,20,18,19,19,18,18,17,17,19,20,21,18,20,20,19,20,19,19,19,18,17,18,18,19,18,17,18,17,18,18,18,18,17,17,17,17,17,18,18,18,17,19,20,20,21,19,18
0.65,0.05,180,5,11,12,13,13,15,16,16,16,17,18,19,19,20,23,23,23,23,23,23,22,24,23,23,24,23,22,22,23,21,22,23,22,21,21,22,22,22,21,20,20,20,23,22,23,21,22,21,21,21,21,22,19,20,20,21,21,22,23,20,22,20,20,20,21,19,18,19,20,21,20,20,20,18,21,20,20,20,20,19,18,19,20,20,19,18,18,17,17,17,17,16,18,17,17,17,17,18,18,18,18,17,17,17,18,18,18,18,16
0.7,0.05,180,7,10,13,14,15,16,17,18,18,19,19,21,22,21,22,22,21,21,23,23,23,23,22,22,21,20,21,23,23,22,22,22,21,21,21,21,20,20,21,20,21,22,21,21,20,19,19,20,20,21,21,22,21,20,20,22,20,19,19,20,20,19,21,19,19,18,19,20,21,21,19,20,19,20,20,17,18,17,17,18,19,18,19,17,18,16,16,16,16,16,15,15,16,15,16,17,16,16,16,17,17,17,17,17,17,17,17,17,13
0.75,0.05,180,10,13,14,15,17,17,17,18,19,19,18,20,20,20,20,22,23,24,23,23,23,23,22,22,23,23,21,21,22,22,22,22,23,22,23,22,22,21,23,22,22,22,22,22,21,22,22,22,21,21,21,21,19,20,20,20,22,22,22,23,23,22,20,21,22,21,21,21,22,22,22,21,22,21,21,19,19,19,19,19,20,19,19,18,18,20,19,18,18,18,17,17,17,18,18,18,18,18,17,18,18,18,18,19,20,22,21,19,13
0.8,0.05,180,0,7,11,12,13,14,15,16,18,18,19,19,20,20,22,22,24,23,22,20,21,21,22,23,24,22,24,22,23,22,23,21,20,21,20,21,22,24,22,22,22,22,23,22,22,22,22,21,22,23,22,21,22,21,20,20,22,22,21,20,21,21,22,22,22,22,21,20,19,20,21,21,21,22,23,22,24,23,23,21,21,21,21,23,25,22,26,18,19,20,19,21,19,22,19,18,19,19,19,19,20,20,20,20,20,20,20,21,16
0.85,0.05,180,8,10,11,13,14,15,17,17,18,17,18,19,21,21,24,24,24,24,23,21,22,22,23,23,24,24,24,24,24,23,23,24,23,24,24,23,22,23,21,21,22,24,23,22,23,22,23,22,23,23,23,22,22,23,22,21,20,20,18,20,21,21,20,19,19,20,21,22,22,23,22,22,21,21,21,19,20,20,19,19,20,20,20,20,19,20,20,20,21,22,19,20,20,19,19,20,19,19,19,22,22,22,21,22,22,22,22,22,15
0.9,0.05,180,10,12,14,14,15,16,16,18,18,20,22,24,27,26,25,20,21,21,22,23,22,22,23,22,21,22,23,23,21,22,21,22,23,23,22,23,21,22,23,22,23,22,20,20,20,21,21,20,20,20,20,19,19,20,19,20,18,20,21,23,23,22,20,20,19,19,19,18,18,19,18,19,20,21,21,20,21,21,22,21,19,20,18,19,18,19,19,19,19,19,17,17,17,17,18,18,19,17,17,18,18,18,18,18,21,21,20,20,13
0.95,0.05,180,10,12,13,16,17,19,20,23,25,24,19,21,22,22,23,21,22,22,22,24,23,25,23,22,23,23,23,22,23,23,21,20,20,20,20,22,20,20,21,21,20,21,22,19,19,19,21,20,21,21,20,21,21,21,21,22,21,21,20,20,19,20,21,20,19,18,20,19,18,18,18,18,17,19,19,19,20,19,19,18,18,18,17,17,18,17,17,16,16,18,18,17,17,18,18,19,19,19,19,20,20,19,20,20,20,21,24,21,15
1,0.05,180,5,9,12,13,13,16,17,18,18,19,20,20,20,20,20,20,20,20,21,23,22,23,22,20,20,22,22,22,21,21,21,21,22,22,21,20,20,21,20,22,22,22,21,20,22,21,20,20,19,20,20,20,20,20,21,21,20,20,20,21,22,20,20,20,21,21,22,22,21,20,19,20,19,17,16,17,17,18,18,19,20,20,19,18,18,18,18,18,18,17,18,17,16,17,17,18,18,18,18,18,19,20,21,20,21,21,22,21,17
1.05,0.05,180,5,10,13,14,16,16,16,18,19,19,20,21,22,21,21,22,21,21,22,22,24,22,22,24,22,22,22,23,24,22,23,22,24,23,22,22,23,22,22,21,21,21,22,22,21,22,22,20,20,20,20,21,21,21,21,21,20,21,22,22,22,21,21,20,20,21,18,19,18,18,19,19,21,21,20,21,22,20,21,19,19,18,18,17,17,15,16,17,19,18,19,18,18,19,20,19,19,20,19,20,20,20,19,21,21,22,22,21,15
1.1,0.05,180,8,10,13,14,16,17,17,18,18,19,19,20,21,21,22,23,22,21,22,23,21,22,23,22,22,21,22,23,20,20,19,18,19,20,20,19,20,21,21,21,22,21,21,20,21,20,20,21,20,21,21,22,21,20,18,19,17,19,18,18,19,20,20,21,22,21,21,20,21,22,21,19,20,18,19,21,21,20,19,19,19,19,19,18,18,18,17,17,18,19,18,17,18,19,19,20,20,20,21,22,22,22,22,24,25,26,25,22,17
1.15,0.05,180,6,10,12,12,15,16,15,16,18,17,19,19,19,20,19,21,21,23,23,21,20,21,21,21,21,22,21,21,21,21,20,22,20,21,19,20,20,20,20,21,22,21,21,22,21,21,21,21,21,20,20,21,19,20,19,21,19,20,20,20,20,20,18,20,19,20,21,20,21,21,21,21,22,21,22,21,20,19,19,19,19,18,17,18,18,17,18,16,18,16,18,16,16,16,17,17,18,18,18,19,19,19,19,19,18,21,20,20,18
1.2,0.05,180,8,12,14,15,15,16,16,18,18,18,17,19,20,20,21,22,22,24,25,23,22,21,21,24,23,23,24,24,23,24,23,24,25,24,24,24,24,24,22,22,22,22,22,23,23,24,24,24,23,22,23,22,21,21,23,20,21,21,20,22,20,21,23,21,23,23,23,23,23,22,21,23,21,21,20,19,20,19,20,21,19,21,20,20,20,19,19,19,17,17,17,17,17,17,18,17,17,17,17,19,18,18,18,18,20,20,23,22,15
1.25,0.05,180,8,11,12,14,15,15,16,17,18,17,18,19,20,20,21,22,22,23,22,24,22,22,23,23,23,23,21,21,21,23,22,22,24,23,22,22,21,21,22,21,22,22,22,22,23,22,21,20,21,20,21,21,23,22,22,22,22,22,22,21,22,21,22,22,21,20,20,20,21,22,21,20,20,20,21,20,21,21,21,19,18,20,19,17,19,19,19,19,19,18,18,17,18,18,19,18,18,17,17,18,17,17,18,19,19,20,19,20,15
1.3,0.05,180,8,11,13,14,15,17,17,18,19,20,21,22,22,23,23,23,23,24,24,23,24,23,23,23,23,23,24,23,24,23,23,23,23,23,23,23,23,21,22,22,23,22,21,21,21,22,23,24,22,22,20,21,21,22,22,21,20,21,21,21,20,20,20,19,20,21,21,22,21,19,20,20,20,20,19,21,21,21,20,19,20,17,18,18,19,19,19,19,20,18,20,18,18,17,18,18,18,18,18,19,19,19,19,19,19,20,21,19,16
1.35,0.05,180,2,10,12,13,14,16,17,16,16,17,19,19,21,22,23,23,22,24,22,22,22,23,23,22,21,22,23,23,23,23,24,23,21,22,22,23,23,22,21,20,20,21,22,21,21,22,21,21,22,22,23,23,20,21,20,21,21,23,22,21,20,20,20,22,19,19,18,18,20,21,22,22,21,21,21,21,21,21,21,20,19,20,19,21,20,20,21,19,19,19,18,18,17,19,18,19,18,17,17,18,19,18,18,19,21,19,21,21,16
1.4,0.05,180,5,9,11,13,14,14,15,17,18,19,20,20,21,21,21,21,21,20,22,23,23,23,23,23,22,23,23,20,20,21,21,20,21,22,24,22,22,22,21,20,21,20,21,19,20,21,21,23,23,23,24,22,22,21,22,21,21,20,19,21,21,22,21,21,20,20,20,20,21,19,18,20,19,20,21,22,23,22,21,20,20,19,20,18,18,16,18,18,19,20,19,18,19,19,18,18,19,17,18,19,19,19,19,20,21,22,22,22,15
1.45,0.05,180,7,11,13,15,15,19,18,19,19,18,20,20,20,21,21,20,20,21,22,21,22,23,23,23,22,22,21,21,23,23,22,21,23,22,23,23,24,23,23,22,24,23,23,23,21,22,22,22,22,23,22,19,22,22,22,22,21,21,22,23,23,24,24,22,23,23,24,23,24,23,22,24,22,23,23,23,22,21,20,20,20,19,19,18,17,18,19,18,19,19,18,18,19,17,18,17,18,18,19,18,19,19,19,19,20,21,21,19,15
1.5,0.05,180,9,10,12,13,15,15,17,18,17,19,20,20,20,20,22,21,22,22,24,24,23,24,23,24,24,24,24,23,25,25,23,24,24,24,24,23,23,23,24,24,23,24,25,23,23,24,23,23,23,22,22,23,22,21,22,21,21,22,21,22,22,22,20,22,22,22,22,21,20,21,21,22,22,21,21,20,20,20,18,20,18,17,18,19,18,19,18,18,18,18,17,18,17,18,18,18,18,18,18,19,19,19,19,18,19,19,19,16,13
1.55,0.05,180,6,10,13,14,15,16,16,17,18,19,19,18,20,20,20,20,21,20,22,22,22,23,21,21,22,22,23,23,23,22,21,22,22,24,23,21,21,22,22,23,21,20,19,19,20,20,21,21,21,21,20,20,19,20,20,19,19,19,19,20,21,20,20,21,21,22,21,22,21,20,21,20,20,21,21,21,20,20,21,20,21,22,21,19,19,19,19,18,18,18,19,18,19,18,18,18,19,19,20,19,19,19,19,19,19,19,19,20,15
1.6,0.05,180,7,11,12,14,16,16,18,18,19,19,19,20,20,20,22,21,22,20,21,21,20,21,22,22,23,21,21,21,21,20,23,20,21,22,22,21,22,22,21,20,19,19,20,20,20,19,19,20,20,22,20,22,22,24,22,23,22,22,22,19,18,21,21,22,23,22,21,21,20,21,21,21,20,19,19,19,20,20,22,19,20,19,19,18,17,18,17,17,16,17,18,18,18,19,18,18,18,18,18,19,19,19,19,19,20,23,23,22,15
1.65,0.05,180,10,12,13,16,16,17,17,18,18,20,19,19,21,21,21,22,23,23,22,22,20,22,22,22,23,22,22,22,21,21,23,21,21,19,21,21,22,22,21,20,21,21,22,22,20,21,20,19,21,22,20,21,20,19,19,20,20,20,19,20,20,20,21,21,21,21,22,19,20,20,21,19,19,19,19,19,20,21,19,21,18,19,19,18,18,18,18,17,16,17,18,18,18,18,19,18,18,18,19,18,19,20,22,22,23,22,23,21,14
1.7,0.05,180,4,9,12,14,15,16,18,18,18,19,19,20,21,21,21,22,21,21,20,20,21,21,21,22,22,21,22,21,22,20,19,19,19,20,20,21,20,20,20,19,20,19,19,19,20,19,21,21,22,22,21,22,20,19,19,19,18,20,19,17,20,20,20,20,21,20,21,20,20,22,21,19,20,20,19,20,21,21,19,19,19,19,18,18,17,18,17,17,18,18,18,19,18,18,19,18,19,19,18,19,19,19,20,19,22,23,26,26,19
1.75,0.05,180,9,12,15,15,16,17,19,19,18,17,18,21,22,22,22,19,21,20,23,22,21,21,23,23,24,23,25,23,25,22,23,22,22,21,21,22,22,22,22,22,21,21,22,23,22,21,21,21,21,21,23,24,25,23,21,22,22,21,24,22,23,23,22,23,23,23,21,21,22,22,22,23,22,21,19,20,20,21,21,20,21,21,20,19,19,20,18,18,18,18,17,18,18,20,19,20,19,19,20,21,21,21,21,21,21,22,22,23,19
1.8,0.05,180,9,12,14,14,16,17,17,18,18,20,21,22,23,23,23,24,24,25,24,24,25,24,25,25,23,23,23,23,24,24,24,25,25,25,24,24,24,23,22,21,22,23,22,22,22,22,22,22,22,23,21,21,21,20,22,22,23,23,24,24,22,22,21,22,22,22,22,22,24,24,25,24,25,24,22,22,21,20,20,19,19,20,20,21,21,21,19,19,24,19,19,18,19,18,17,19,18,19,19,19,19,19,19,23,25,26,25,24,17
1.85,0.05,180,10,13,13,17,16,18,19,20,20,20,22,21,21,22,22,23,23,23,23,23,24,22,23,23,23,23,21,22,22,23,23,23,23,25,23,22,24,23,21,22,21,22,23,23,22,22,24,22,23,21,22,21,21,21,19,21,21,22,23,23,23,23,22,23,23,23,23,22,21,22,22,22,22,21,21,22,22,22,22,20,20,19,20,19,21,21,19,19,18,18,18,18,18,19,17,18,18,19,18,19,19,20,20,21,20,20,20,19,14
1.9,0.05,180,7,9,12,14,14,16,17,17,18,18,19,20,21,21,22,23,23,23,23,23,24,23,21,23,23,22,23,23,24,22,23,22,22,24,24,23,22,23,22,23,24,23,22,22,21,22,21,22,20,20,21,19,21,21,22,21,22,22,21,23,21,21,21,20,20,19,21,22,22,21,22,21,21,21,21,21,20,19,18,20,19,19,19,19,18,19,19,18,17,18,17,18,16,16,17,17,18,18,17,18,18,19,18,19,20,19,19,19,14
1.95,0.05,180,9,11,14,17,17,17,18,19,19,20,20,20,19,21,22,22,22,20,21,21,21,21,21,21,20,22,22,22,22,21,21,21,21,24,21,19,22,20,20,21,22,21,20,21,20,20,21,21,20,21,20,19,20,20,20,21,20,20,19,20,18,18,20,18,18,20,20,20,21,20,20,18,20,19,19,18,19,18,17,18,18,19,19,19,19,18,19,19,18,18,18,17,17,17,17,16,17,17,17,17,18,18,18,18,18,18,20,18,15
2,0.05,180,10,14,13,14,15,16,17,16,19,19,18,18,18,19,20,21,20,20,21,20,21,20,22,21,21,21,20,19,20,21,22,21,22,22,21,22,21,21,19,19,21,19,21,21,23,21,21,21,23,23,22,23,23,21,22,21,22,23,23,23,23,21,22,22,22,21,19,19,21,21,22,21,21,22,20,20,19,19,20,19,19,19,17,18,19,19,19,19,17,18,18,18,17,17,18,18,19,18,18,19,19,19,19,19,20,21,22,19,14
2.05,0.05,180,9,12,14,15,16,17,18,18,19,18,20,20,20,19,19,20,21,21,22,23,22,22,21,22,21,21,21,20,20,20,20,21,22,22,22,21,20,21,21,22,23,21,20,20,21,21,21,21,22,20,20,21,22,20,21,19,19,20,20,21,22,22,21,20,20,21,19,19,21,19,19,19,20,20,20,21,20,19,20,19,19,18,19,18,18,18,20,20,19,19,19,20,19,20,19,19,19,18,19,19,20,19,20,20,20,21,22,16,13
2.1,0.05,180,5,11,13,14,14,15,15,16,16,17,18,19,19,19,21,20,21,22,22,22,21,21,22,23,21,23,21,19,20,20,22,23,24,23,22,22,22,23,24,21,20,19,21,21,21,22,22,21,22,21,21,21,21,20,21,21,20,21,21,21,21,21,20,20,22,20,20,19,20,19,20,20,19,19,18,19,19,20,20,19,19,18,17,19,19,19,19,19,18,17,18,17,18,18,17,18,18,18,19,18,21,23,23,24,22,22,24,22,18
2.15,0.05,180,7,11,13,14,15,15,15,17,18,18,18,18,18,19,20,21,20,21,20,20,20,20,20,20,20,19,19,19,20,21,20,21,20,21,20,20,20,20,20,20,20,19,21,21,20,20,19,20,20,20,20,18,18,18,19,18,20,21,20,20,20,19,20,20,22,21,21,21,21,20,20,20,22,21,20,20,20,19,21,20,19,18,19,19,19,20,20,20,19,18,18,18,17,18,18,18,18,17,19,18,19,20,22,22,25,25,24,23,17
2.2,0.05,180,10,13,15,15,16,16,17,17,18,18,19,20,20,22,22,21,22,21,21,21,22,23,22,22,21,23,22,22,23,23,21,21,20,21,23,23,22,21,21,21,23,23,22,20,21,21,21,21,21,21,21,20,20,20,19,21,21,20,20,21,23,22,24,23,24,21,21,22,22,22,22,20,20,20,20,21,22,21,19,20,19,19,19,20,18,18,18,17,18,18,18,18,18,18,18,20,18,19,19,21,21,22,22,23,23,23,23,21,16
2.25,0.05,180,6,12,13,15,15,17,18,19,20,20,20,20,21,21,21,22,21,22,23,22,23,23,23,20,21,23,23,23,22,23,23,23,23,22,23,22,22,23,23,23,23,24,24,23,22,23,22,22,21,21,21,22,22,23,23,23,23,23,23,21,22,22,21,22,20,21,23,21,23,22,20,20,21,21,23,23,22,24,21,21,21,20,19,20,19,18,18,17,18,18,17,16,17,18,18,19,19,19,19,19,20,20,20,21,22,22,22,23,19
2.3,0.05,180,10,12,15,16,18,18,19,20,18,19,20,20,21,20,22,22,24,23,23,22,22,21,23,23,24,24,25,25,25,23,24,23,23,23,22,21,23,24,24,23,23,21,21,22,23,24,26,27,28,30,32,33,28,22,21,22,21,22,21,21,21,21,21,22,22,22,22,22,22,22,22,22,22,22,19,20,22,22,20,22,20,20,19,19,19,18,18,17,18,19,19,20,19,19,19,18,19,18,20,20,19,19,22,24,25,24,25,24,16
2.35,0.05,180,10,13,16,17,17,18,19,18,19,19,20,20,21,21,22,21,22,23,24,23,24,23,24,24,24,24,24,25,23,24,22,22,21,22,22,23,23,22,22,21,23,23,23,20,21,19,20,21,21,21,21,21,20,21,22,21,21,20,20,20,20,21,22,21,21,20,21,21,22,22,21,19,20,20,20,20,20,19,20,18,19,18,18,19,18,17,17,17,18,18,18,18,18,18,17,18,18,18,19,20,19,20,24,25,27,26,26,21,16
2.4,0.05,180,11,14,16,17,18,18,19,19,21,22,22,22,21,22,21,22,23,23,23,22,21,22,23,23,23,23,23,24,22,21,22,23,21,21,21,20,21,23,22,21,20,20,20,20,21,22,19,19,19,21,21,21,26,20,20,20,21,21,19,20,18,19,19,21,21,22,20,21,20,20,20,20,19,20,20,20,20,21,21,20,20,19,19,19,19,19,18,20,18,18,18,18,18,18,19,19,19,19,19,19,19,20,20,20,20,20,21,18,14
2.45,0.05,180,9,12,14,16,16,18,18,18,18,18,19,20,21,22,22,22,22,24,23,22,23,24,24,24,24,21,22,22,23,23,24,24,24,24,23,24,22,23,23,22,21,23,23,23,23,22,22,22,24,22,21,22,22,23,23,22,23,24,23,22,23,22,22,23,22,21,21,21,22,22,22,23,21,21,21,21,21,20,19,18,20,19,21,19,20,19,19,19,18,18,18,18,17,18,18,18,17,16,18,17,18,18,18,18,19,19,19,20,16
2.5,0.05,180,9,13,14,16,16,17,18,19,19,20,21,22,23,22,23,23,24,24,24,24,25,25,25,25,26,23,24,24,26,25,26,23,25,24,23,24,22,23,23,23,24,25,24,25,24,24,23,23,24,24,23,23,23,23,23,22,22,22,21,22,22,20,22,22,20,21,22,22,21,23,21,22,21,21,20,20,20,20,20,21,21,21,21,20,19,19,19,19,19,18,18,18,18,18,18,18,19,20,20,20,21,20,21,22,21,22,22,22,18
2.55,0.05,180,10,12,13,16,16,18,19,18,21,22,22,23,23,23,23,23,25,25,24,24,26,25,25,26,25,24,25,25,25,26,25,25,25,24,23,22,23,23,23,24,24,25,23,23,24,24,23,23,22,21,22,22,22,23,23,22,23,22,22,22,21,21,20,21,22,22,23,23,22,23,21,22,22,23,21,20,19,19,20,20,20,21,19,19,18,18,19,18,18,18,18,18,17,18,18,18,18,20,20,21,19,21,20,21,21,22,22,24,17
2.6,0.05,180,12,14,14,16,16,18,17,18,18,19,20,21,22,23,23,23,22,22,23,24,24,23,23,23,22,23,22,23,25,24,24,24,24,24,24,22,22,20,21,22,22,24,25,25,25,25,24,23,24,22,22,21,21,22,23,22,23,25,24,22,23,23,22,22,22,23,23,23,23,22,22,22,21,22,22,22,21,22,20,20,20,19,21,20,21,20,20,19,19,19,20,20,20,20,19,19,19,18,19,19,19,19,20,19,21,23,26,19,16
2.65,0.05,180,9,13,15,15,16,18,19,18,19,19,20,19,20,19,20,20,21,23,24,23,23,25,24,24,23,24,22,22,22,21,23,24,23,24,22,22,23,23,23,22,23,22,21,22,22,23,23,22,22,24,22,22,24,22,22,22,20,21,23,21,22,23,21,22,21,21,21,21,20,21,20,22,22,22,23,20,21,19,21,22,19,20,19,18,19,19,19,20,20,18,18,19,18,18,19,19,19,19,20,20,20,21,22,22,24,24,24,23,17
2.7,0.05,180,10,13,15,16,17,17,19,20,20,20,20,21,22,22,21,22,22,22,23,24,24,25,24,24,24,24,24,25,24,24,23,23,24,24,22,24,23,23,23,22,22,21,21,21,22,23,23,23,23,23,22,23,22,23,23,22,21,22,23,23,22,24,24,22,22,23,23,23,23,23,22,22,23,23,23,23,21,20,21,21,20,20,20,19,20,21,20,20,19,20,20,19,20,19,19,20,19,20,20,21,21,21,22,23,22,25,23,23,17
2.75,0.05,180,12,15,16,17,17,18,17,19,19,20,19,20,20,21,21,22,22,23,24,24,23,23,22,23,24,23,23,23,23,24,25,24,25,25,24,23,25,22,21,21,21,21,22,22,22,21,22,21,21,22,22,21,21,19,22,22,21,23,23,24,23,24,23,24,23,22,22,21,21,22,22,23,23,24,23,24,23,23,23,20,20,20,21,21,20,20,19,20,19,19,18,18,19,19,18,20,18,18,18,18,18,18,18,19,18,19,20,18,14
2.8,0.05,180,9,12,13,16,17,18,17,18,18,20,20,21,20,21,21,22,22,24,25,25,25,25,23,23,24,23,24,23,24,22,23,24,23,23,22,22,23,23,22,23,21,22,21,22,22,23,22,23,22,21,22,22,23,22,22,21,21,20,21,23,23,22,21,22,23,22,23,22,20,20,20,21,22,22,21,22,21,21,20,20,19,19,18,19,18,19,19,18,18,18,18,17,18,18,18,18,18,18,19,19,19,20,20,21,21,21,22,24,18
2.85,0.05,180,10,14,15,16,18,17,19,19,19,19,21,21,22,21,22,22,22,21,21,22,22,22,23,23,24,23,23,23,22,22,22,21,21,21,23,22,23,23,23,22,21,22,22,20,21,20,20,20,21,23,22,21,22,21,20,20,21,21,19,19,18,19,21,21,21,20,21,20,20,20,20,20,19,19,20,20,20,20,20,19,20,18,19,19,17,19,18,18,17,17,17,18,18,18,19,19,19,18,18,18,18,19,20,21,19,20,21,21,15
2.9,0.05,180,11,14,15,16,17,18,18,19,19,20,20,20,20,22,22,22,21,22,22,24,23,23,24,24,24,24,24,23,23,24,24,23,23,22,22,23,24,23,21,22,22,21,22,21,21,21,20,20,22,22,20,22,21,21,20,20,20,20,21,19,19,19,20,21,21,22,21,21,20,22,22,21,21,20,20,20,20,21,21,21,19,18,21,20,20,20,20,19,18,17,18,18,18,18,19,18,19,20,19,19,19,19,19,19,19,20,20,19,13
2.95,0.05,180,12,15,16,17,17,18,18,18,19,19,20,20,21,21,21,21,23,21,22,22,22,23,23,22,22,22,22,22,23,23,21,21,22,23,23,22,21,22,22,23,22,23,22,22,22,22,23,23,23,23,23,22,21,22,23,21,22,22,22,21,23,23,23,23,22,23,23,21,21,22,20,21,20,21,21,21,21,20,21,19,20,19,19,19,18,18,17,18,19,19,19,19,19,19,19,18,18,19,18,19,18,19,19,19,20,20,20,16,14
3,0.05,180,9,12,13,16,17,18,17,18,19,20,19,22,22,21,21,22,22,22,22,22,22,24,23,25,26,25,24,23,24,23,23,24,22,23,23,23,22,21,22,23,23,22,24,22,23,21,21,21,22,22,22,23,22,22,22,22,21,21,23,21,21,21,22,22,24,22,23,22,22,22,22,20,19,20,21,21,21,22,22,20,21,20,20,20,19,19,18,18,18,18,19,18,19,19,19,19,19,21,21,22,21,22,22,24,22,23,24,23,18
3.05,0.05,180,10,14,15,16,16,17,18,18,20,20,20,21,21,22,22,22,24,24,23,22,22,22,23,23,22,23,24,22,23,23,23,24,23,22,21,21,21,23,22,22,21,21,20,22,21,23,22,22,21,20,19,20,21,22,22,21,21,21,21,22,21,22,20,19,21,21,21,22,21,21,21,21,21,21,21,21,20,20,19,20,20,21,21,20,20,18,20,18,18,19,20,17,18,18,18,18,19,19,19,20,20,23,23,23,24,26,24,22,16
3.1,0.05,180,11,13,16,16,16,17,17,18,18,19,21,20,20,21,21,22,20,22,22,23,22,22,22,21,21,22,21,22,22,23,21,22,22,22,22,21,21,20,21,21,22,21,21,21,21,21,21,21,20,20,20,19,19,20,21,22,21,20,20,21,21,20,22,20,20,19,20,20,21,21,20,21,21,21,20,21,20,19,20,20,20,21,20,20,19,19,19,19,19,18,19,18,17,18,19,18,19,19,18,19,21,22,23,23,23,22,23,19,16
3.15,0.05,180,14,16,16,18,17,19,19,20,21,22,23,24,25,26,25,26,25,26,25,25,26,25,25,25,25,26,26,25,27,25,24,25,24,23,25,23,23,23,23,23,23,23,23,22,22,23,22,22,21,22,22,23,23,23,22,22,21,21,21,22,21,22,22,21,22,23,22,22,23,22,21,22,22,22,21,21,20,21,21,21,21,20,19,18,19,19,19,18,18,18,19,18,18,19,19,19,19,20,20,20,21,21,21,23,22,21,22,20,15
3.2,0.05,180,13,14,16,17,17,18,19,20,20,20,22,21,21,21,22,23,23,24,23,24,23,23,24,24,24,24,24,25,23,22,22,24,21,21,22,21,21,22,22,22,22,23,22,22,22,21,21,21,20,22,22,22,22,23,22,22,22,23,23,22,20,20,21,21,21,21,21,23,22,21,21,21,22,22,22,21,21,21,21,21,22,20,20,19,19,20,18,18,18,18,18,18,18,17,18,18,18,19,19,20,20,21,22,21,20,21,24,21,18
3.25,0.05,180,11,14,15,16,18,17,18,18,18,18,19,19,20,21,21,21,23,23,23,23,23,23,23,22,23,22,20,22,22,23,22,24,23,23,22,23,24,20,22,21,21,22,22,23,23,22,22,22,21,22,22,21,21,21,22,22,23,24,24,23,23,21,22,22,23,21,22,22,22,22,21,22,21,20,22,21,22,21,21,19,19,19,19,21,20,20,19,19,19,18,18,19,18,18,19,18,19,20,20,20,21,20,20,21,24,24,25,22,16
3.3,0.05,180,12,13,15,17,17,18,18,18,19,19,19,19,19,20,20,22,22,24,24,25,25,25,24,25,25,23,22,23,22,23,23,24,25,24,24,24,22,23,23,22,21,21,21,22,22,23,22,23,22,21,22,23,21,21,20,21,20,22,22,23,22,22,21,22,21,21,21,21,21,20,20,22,20,22,21,21,21,21,21,21,20,19,19,18,19,20,19,20,19,19,19,19,18,18,19,18,20,19,19,20,21,20,22,22,23,25,22,18,15
3.35,0.05,180,8,12,15,16,17,17,18,18,19,19,19,19,20,21,23,23,23,24,24,26,24,24,24,23,23,23,23,22,23,24,25,24,24,20,22,23,23,23,23,23,24,25,25,25,24,23,24,22,22,21,20,21,20,21,20,22,22,23,23,22,22,21,22,21,22,21,21,21,21,21,21,21,21,22,22,21,22,22,21,20,20,20,20,20,19,21,20,20,20,19,19,20,19,20,19,19,22,21,21,22,22,22,24,22,24,23,23,23,19
3.4,0.05,180,10,13,15,16,17,18,20,20,20,21,20,21,22,22,24,23,24,24,24,23,25,24,23,24,23,24,23,24,25,24,25,24,24,22,23,23,23,21,23,22,23,25,24,26,26,25,25,24,25,25,23,23,20,22,23,24,25,25,23,23,23,23,0,0,0,0,0,0,0,0,0,0,0,0,0,0,0,0,0,0,0,0,0,0,0,0,0,0,0,0,0,0,0,0,0,0,0,0,0,0,0,0,0,0,0,0,0,0,0
0.05,0.5,180,9,13,15,16,16,16,16,17,19,20,20,20,21,20,20,20,21,22,21,24,23,23,23,21,22,23,24,24,23,22,23,22,23,24,23,22,22,26,25,26,26,25,23,25,24,25,24,25,26,28,30,28,27,25,28,27,26,26,27,27,25,24,22,21,19,18,19,18,18,18,20,20,20,21,22,21,22,21,21,24,22,23,24,23,24,22,22,23,26,26,25,23,22,22,24,26,23,26,27,26,26,26,25,27,26,26,26,25,19
0.1,0.5,180,5,9,11,11,13,13,14,17,17,18,18,17,18,19,19,19,21,21,22,22,23,22,22,23,22,23,22,23,20,20,21,21,22,21,21,21,21,23,21,22,19,20,19,20,21,22,22,23,20,20,20,22,21,20,19,19,18,20,17,20,19,19,19,18,18,20,21,25,23,18,20,21,21,21,22,20,19,20,22,22,22,22,22,21,24,25,30,32,31,27,25,25,24,24,26,26,24,24,24,24,26,29,28,29,31,33,36,33,27
0.15,0.5,180,7,9,11,12,13,14,16,16,18,18,17,17,20,19,20,21,22,23,22,22,23,23,23,25,29,26,24,20,21,22,23,22,23,22,22,22,23,22,20,20,19,20,21,22,23,21,20,21,21,21,22,22,22,21,23,22,23,22,22,20,20,20,22,21,22,21,20,23,20,21,21,21,22,23,23,23,23,24,23,23,23,21,21,22,23,23,24,23,22,22,23,25,25,28,28,28,30,28,30,33,30,29,29,32,29,30,32,30,28
0.2,0.5,180,10,10,13,14,17,16,24,22,21,25,24,24,25,27,30,32,34,32,31,31,28,29,28,24,24,23,23,24,22,23,25,23,24,25,22,23,23,23,22,22,21,21,22,21,22,22,22,23,25,27,29,28,28,27,24,24,24,25,24,23,23,22,22,23,22,23,22,21,22,22,21,23,23,24,24,21,22,21,20,22,21,22,23,22,23,24,24,24,25,23,25,21,21,21,20,21,24,24,23,24,23,24,24,25,24,24,25,24,22
0.25,0.5,180,3,8,11,14,14,15,15,17,17,18,19,18,20,21,20,19,19,21,22,21,22,23,24,25,23,25,26,27,27,24,24,25,25,27,26,26,25,24,23,23,23,24,25,24,23,22,22,21,22,22,23,23,22,22,23,23,24,24,23,21,22,22,22,22,21,20,20,20,20,20,20,19,20,19,20,22,23,23,22,21,19,20,20,23,24,24,23,21,22,22,23,24,24,24,23,22,21,22,23,24,26,28,29,29,30,30,31,32,28
0.3,0.5,180,5,8,12,12,15,15,17,18,18,18,20,20,20,21,23,23,23,22,22,23,24,23,24,24,24,24,23,23,24,23,24,24,24,24,23,24,24,23,22,22,23,24,24,23,22,22,23,23,23,24,24,25,24,25,22,24,23,23,25,24,25,26,27,26,28,27,26,25,25,25,27,24,29,27,34,33,27,26,28,25,27,27,25,26,29,28,26,33,28,27,27,29,28,27,31,29,32,26,30,28,28,32,30,30,30,30,30,32,22
0.35,0.5,180,8,11,10,12,13,14,15,17,18,18,20,21,21,22,23,24,25,25,28,24,26,25,26,25,25,24,26,24,25,25,22,22,23,24,25,24,25,26,25,24,24,24,24,24,25,26,26,27,30,32,30,26,27,26,27,26,25,24,26,25,27,26,25,23,24,24,25,25,22,22,20,23,23,24,25,23,25,23,24,24,25,24,25,26,27,23,26,27,27,28,26,27,29,30,28,27,27,26,27,29,29,28,29,29,28,31,34,34,29
0.4,0.5,180,5,8,11,12,13,15,16,16,18,18,19,20,19,19,21,21,22,23,25,29,30,27,28,29,28,28,26,27,25,25,25,25,24,24,23,24,23,25,24,25,24,25,24,24,24,23,24,26,25,24,23,24,22,22,22,22,21,22,23,22,22,24,24,24,25,24,24,23,23,23,22,23,23,24,23,23,23,25,26,24,25,25,24,24,25,24,23,22,22,24,24,25,25,28,28,29,29,29,29,28,30,30,29,29,28,28,33,33,25
0.45,0.5,180,9,12,11,13,15,16,17,18,18,18,19,20,20,22,21,21,22,26,24,25,25,24,25,25,25,26,25,26,26,25,26,31,31,30,31,34,35,32,31,33,33,27,24,24,24,24,24,25,24,27,26,26,26,28,29,29,32,32,32,34,34,28,25,25,27,25,25,24,25,29,27,27,27,26,23,21,23,21,21,22,24,26,26,26,28,28,28,28,29,27,31,25,25,27,27,27,31,30,30,31,31,31,31,31,31,34,32,32,28
0.5,0.5,180,3,5,6,7,8,9,10,12,13,13,14,14,16,17,20,22,22,22,23,23,25,24,23,23,23,23,24,25,24,23,22,21,21,22,21,21,21,20,24,23,22,23,20,20,20,20,22,21,21,26,26,23,23,25,24,29,33,28,28,30,28,25,26,26,28,26,28,29,27,28,26,27,25,28,26,24,26,25,25,24,25,25,27,23,25,27,28,39,38,39,43,43,44,39,37,37,36,31,27,30,26,26,29,23,25,24,25,27,22
0.55,0.5,180,4,6,7,8,8,10,10,12,12,13,14,16,16,17,18,19,19,20,21,21,21,20,20,20,22,23,24,23,24,23,22,22,24,23,21,22,19,21,21,21,22,23,23,24,23,23,25,24,24,23,21,21,22,20,20,19,20,21,22,22,23,26,22,24,24,24,24,24,24,27,25,22,21,19,20,21,21,24,25,27,27,26,22,18,18,16,16,17,18,16,20,21,26,28,24,22,22,23,22,24,25,23,24,25,29,31,31,31,25
0.6,0.5,180,6,11,13,13,15,16,18,18,20,25,18,20,21,21,21,22,20,22,22,23,23,22,22,23,23,24,27,28,28,28,25,24,25,27,24,24,20,22,23,24,24,23,21,22,24,24,26,26,27,25,23,20,20,21,21,20,20,19,20,21,20,20,19,20,20,23,27,24,22,20,20,19,20,21,21,23,22,21,21,22,20,17,19,21,23,22,27,28,30,29,27,27,29,26,25,25,25,25,26,28,28,29,30,30,32,34,33,34,32
0.65,0.5,180,7,10,12,13,15,14,16,16,17,17,19,19,21,21,22,24,25,25,25,27,29,25,25,24,26,27,24,23,23,25,28,27,26,25,24,24,26,26,26,24,23,22,22,20,19,19,19,20,19,19,19,18,18,19,20,19,20,24,25,24,21,20,19,20,20,21,21,21,21,22,23,24,23,24,23,28,27,26,25,24,24,21,21,22,22,22,24,25,26,26,25,24,25,27,26,27,28,30,30,31,32,33,34,35,36,37,38,39,29
0.7,0.5,180,7,11,11,12,13,14,15,16,18,18,18,18,18,19,20,20,20,21,21,21,20,21,20,21,21,20,19,20,22,22,23,24,25,25,25,27,29,27,26,30,29,27,30,32,28,32,27,28,27,25,21,22,23,21,21,20,22,23,24,23,20,21,21,23,24,27,22,20,20,22,28,26,26,25,27,22,24,23,22,19,17,17,19,20,21,22,23,21,22,22,22,25,28,32,28,29,31,29,28,28,28,30,32,30,29,28,30,28,15
0.75,0.5,180,0,10,13,14,14,16,16,17,18,19,21,22,23,22,23,24,23,24,25,24,24,24,24,22,22,22,20,19,20,22,21,20,20,19,20,19,20,20,19,20,20,20,20,20,21,19,20,18,19,19,18,19,18,18,19,19,19,19,18,18,18,19,18,20,18,18,18,18,19,21,22,23,19,18,18,17,19,19,18,19,19,20,20,20,20,22,20,18,20,19,20,21,21,21,21,21,20,19,19,21,20,20,24,25,30,29,29,28,25
0.8,0.5,180,5,9,10,11,12,13,14,15,16,16,17,18,19,20,21,21,21,20,21,23,21,22,22,21,22,22,21,21,21,21,23,21,20,20,22,22,21,22,22,20,20,20,19,21,21,22,24,25,27,29,25,19,17,18,18,19,19,19,19,19,18,18,18,19,19,19,18,18,18,20,20,19,19,19,19,18,18,19,20,19,18,18,18,19,19,20,20,21,21,21,20,20,20,19,19,20,19,20,19,20,20,20,21,21,21,23,22,23,15
0.85,0.5,180,7,10,13,14,15,15,16,17,19,19,19,21,20,19,20,21,21,21,22,22,22,22,22,22,22,21,23,21,21,20,19,21,22,21,21,21,21,22,21,21,22,21,19,19,19,20,20,19,19,19,19,19,19,20,20,20,18,20,18,19,21,21,19,20,19,18,18,19,18,18,18,18,18,18,18,18,19,18,18,17,19,17,18,17,17,17,17,18,20,20,19,19,19,19,20,22,19,19,19,21,21,21,20,21,23,25,22,20,14
0.9,0.5,180,7,11,12,13,14,15,17,17,17,18,20,19,21,21,20,21,22,21,22,22,24,22,24,22,22,23,24,23,22,23,21,21,22,21,21,22,22,22,21,21,20,20,20,20,19,19,20,20,21,20,20,18,18,19,22,22,22,21,20,20,19,20,20,20,21,23,23,22,22,22,23,22,22,21,19,20,20,21,19,20,20,21,22,21,19,19,19,19,19,20,20,20,22,20,21,21,22,20,22,22,24,23,24,24,24,23,25,20,14
0.95,0.5,180,3,9,13,12,15,16,17,17,18,18,20,20,21,22,22,21,22,21,22,22,24,23,22,22,22,22,22,22,23,22,23,22,23,21,21,23,23,23,22,22,21,22,22,20,21,21,21,21,21,21,20,21,20,21,21,21,20,21,21,21,20,21,22,20,20,20,21,21,21,21,22,22,24,25,26,25,22,22,17,17,18,17,19,19,19,23,24,24,24,25,26,26,28,26,28,32,31,29,29,27,27,26,27,30,32,32,32,32,28
1,0.5,180,6,8,11,14,14,15,15,17,18,18,18,19,20,21,20,21,20,21,23,23,22,23,23,22,22,22,24,23,23,23,26,26,27,28,26,26,24,24,23,24,26,24,24,25,23,22,24,24,24,24,25,25,26,24,23,24,22,23,21,21,21,22,23,22,22,22,21,21,23,23,25,25,26,27,29,28,27,28,30,24,24,26,26,25,26,24,24,24,23,23,23,25,25,27,26,25,25,24,27,27,29,29,28,26,25,26,29,28,25
1.05,0.5,180,6,10,11,13,14,15,17,18,18,19,18,19,20,21,21,22,23,23,24,23,25,24,24,25,23,24,23,22,22,23,22,20,19,19,20,21,22,22,22,22,21,20,22,21,22,21,22,22,21,23,22,22,23,22,22,21,21,23,22,22,20,20,20,21,22,23,23,24,23,23,24,23,23,22,22,22,22,21,20,21,20,22,22,21,22,22,24,23,24,24,25,25,28,25,27,25,26,26,25,28,28,26,27,28,27,27,26,28,22
1.1,0.5,180,0,10,12,13,15,16,16,17,19,19,22,22,21,23,23,22,22,23,24,25,24,24,25,23,23,24,23,23,23,22,24,23,23,26,29,24,25,24,21,21,21,22,22,23,24,23,22,24,22,22,21,22,21,23,23,25,23,24,23,25,23,24,24,23,23,24,23,23,23,24,22,23,22,21,22,22,19,19,19,20,20,20,21,20,19,19,19,21,21,20,21,19,20,21,20,21,22,22,25,26,25,26,27,28,27,27,30,27,25
1.15,0.5,180,0,9,12,14,15,16,16,18,19,19,20,22,20,20,19,19,21,21,21,21,21,21,22,21,23,22,22,22,23,22,21,21,20,21,21,19,19,20,21,22,23,21,21,21,20,19,21,19,20,20,20,20,20,22,22,27,21,20,21,23,22,22,20,20,23,27,29,31,30,26,27,26,20,21,21,21,20,21,22,24,24,27,30,23,23,23,23,22,22,21,24,24,24,24,25,25,25,26,26,25,26,27,31,32,29,30,28,27,25
1.2,0.5,180,8,10,13,15,15,15,17,16,18,19,19,21,20,20,19,21,21,23,23,23,23,23,23,22,22,22,21,21,20,21,20,22,20,19,19,19,20,22,22,21,21,20,20,21,20,20,20,23,22,24,27,26,25,24,27,25,25,24,23,24,25,25,24,24,24,24,25,25,26,26,25,22,19,18,16,18,19,22,24,27,30,30,31,33,35,34,34,34,38,42,43,43,46,45,45,49,42,47,48,46,48,48,43,47,51,57,56,56,52
1.25,0.5,180,9,12,14,15,15,16,17,18,19,21,21,22,23,22,22,22,22,22,23,22,24,23,22,23,23,24,25,24,25,23,23,23,24,23,24,22,22,22,21,22,24,24,25,24,24,24,24,24,24,22,22,22,22,22,23,23,23,20,20,21,20,22,20,20,22,24,24,24,24,25,26,26,26,26,25,25,26,27,28,27,26,26,26,25,25,24,23,25,25,28,29,29,28,26,26,27,27,27,28,25,25,27,27,27,29,30,30,30,27
1.3,0.5,180,4,9,12,13,14,15,18,19,19,21,23,22,21,22,22,23,24,25,26,26,25,25,24,25,24,24,23,24,24,24,23,24,23,23,22,23,23,22,22,22,21,20,21,22,23,22,23,22,22,22,23,26,24,23,22,22,21,22,23,21,21,21,22,21,22,24,24,24,25,24,24,24,23,25,25,26,29,28,29,30,30,30,30,25,24,24,25,25,23,25,23,23,25,29,30,29,25,27,23,23,27,31,25,26,26,27,33,30,23
1.35,0.5,180,7,10,13,15,15,18,19,19,19,19,20,20,20,21,21,23,23,24,26,26,27,26,26,25,25,25,25,24,24,25,23,24,24,23,23,23,23,24,22,22,23,24,24,24,24,23,24,22,23,22,24,23,23,23,23,22,22,24,23,24,25,25,24,25,25,24,25,23,25,25,25,25,26,27,26,27,28,26,26,26,24,25,24,30,25,27,25,24,27,24,24,24,25,24,24,23,22,25,25,24,25,26,25,24,24,24,25,27,31
1.4,0.5,180,9,12,13,14,16,16,16,17,18,19,20,21,22,23,24,26,24,25,27,27,28,26,27,25,28,26,27,28,28,27,28,27,28,29,30,32,33,34,33,32,31,32,31,32,32,30,30,29,25,24,23,23,23,23,23,22,22,21,21,21,22,22,22,21,21,22,22,23,23,25,25,25,27,24,22,22,24,24,24,23,20,21,21,24,24,23,23,24,25,24,26,27,27,26,29,27,27,27,32,28,27,32,32,29,29,32,32,32,26
1.45,0.5,180,2,9,13,12,14,16,17,17,19,19,19,20,21,21,23,24,23,25,24,25,25,24,24,24,24,24,23,24,23,24,23,25,24,24,23,25,25,23,24,23,22,22,22,21,22,22,23,21,21,21,21,21,21,22,23,23,23,22,24,23,24,24,23,24,24,24,24,22,23,23,26,26,24,23,22,22,22,25,26,28,28,24,23,25,26,28,29,31,30,29,27,27,30,30,31,35,32,32,26,26,25,25,31,28,30,32,33,35,34
1.5,0.5,180,7,11,12,14,15,16,17,16,18,18,18,20,21,23,22,23,24,24,25,25,25,24,24,23,24,24,23,23,23,23,22,22,21,22,22,22,22,22,21,21,22,22,23,23,21,20,20,21,22,23,23,25,23,21,22,21,21,26,27,28,25,23,22,23,24,24,23,23,23,22,21,21,19,18,20,21,20,21,22,22,23,21,21,23,21,21,21,23,24,23,23,22,22,23,23,21,22,23,24,24,26,24,26,26,28,28,29,27,24
1.55,0.5,180,9,14,15,16,15,17,17,18,19,19,21,20,20,23,22,23,23,23,24,23,23,23,25,24,25,23,22,22,23,23,23,23,21,22,23,24,22,22,21,21,22,22,21,22,22,22,23,23,24,23,24,22,23,20,22,21,22,22,23,21,20,21,21,21,22,23,21,21,21,20,20,20,19,20,20,22,20,20,20,21,20,21,25,29,21,19,24,20,22,21,22,22,23,23,25,25,25,25,28,28,28,27,28,29,30,31,33,33,22
1.6,0.5,180,10,13,14,15,18,19,21,23,26,27,29,25,24,23,23,24,23,23,23,24,24,25,25,24,24,23,22,22,22,22,22,23,22,22,22,22,23,22,23,23,22,23,22,21,21,22,21,21,20,19,20,21,25,28,27,28,28,27,24,21,21,21,20,19,20,20,20,21,22,20,20,20,21,20,18,18,18,18,18,18,18,18,18,21,18,19,20,20,21,19,18,20,18,22,20,21,24,24,25,25,23,24,24,24,28,31,28,23,19
1.65,0.5,180,4,8,10,13,21,16,17,17,19,19,20,21,21,23,22,22,21,22,21,24,24,24,24,24,24,23,24,23,22,21,22,22,24,25,24,24,22,22,21,22,22,22,23,24,23,22,23,22,21,20,18,19,20,20,20,22,22,23,23,24,26,26,28,28,29,31,32,34,31,29,29,30,29,26,27,29,29,26,25,25,22,24,24,25,23,22,23,24,28,25,23,21,20,21,23,24,24,23,23,22,22,23,23,23,23,24,25,26,24
1.7,0.5,180,9,11,14,15,16,17,18,20,20,19,20,21,20,21,21,22,22,23,22,24,23,24,23,23,23,24,24,23,23,21,22,23,22,23,22,20,21,22,22,22,21,21,20,21,22,23,23,24,27,28,28,28,33,29,29,27,30,27,26,25,25,23,20,19,20,23,20,22,21,22,21,23,21,25,28,29,29,30,29,29,26,20,21,18,19,19,20,21,20,21,21,24,23,22,22,24,24,22,22,22,21,21,23,23,24,26,28,29,23
1.75,0.5,180,10,13,15,16,18,16,18,19,20,20,22,23,23,22,23,22,23,24,23,22,23,22,22,22,23,22,22,22,22,23,21,22,23,22,22,22,22,21,21,21,22,20,20,21,21,21,20,20,18,19,20,21,22,22,22,21,20,20,20,20,19,19,19,20,20,20,21,20,19,19,19,19,19,18,20,18,19,18,19,21,20,20,21,20,20,20,19,21,22,22,21,20,19,19,22,19,20,21,20,21,21,23,22,23,23,22,25,27,20
1.8,0.5,180,0,9,12,14,15,18,21,23,24,26,26,26,25,26,26,28,29,29,28,30,28,29,25,27,25,25,23,24,24,23,23,21,21,22,20,20,22,21,21,21,21,20,20,20,19,19,19,19,20,20,20,20,18,19,19,18,18,19,19,20,18,18,19,19,20,19,18,18,18,19,18,18,20,18,19,20,20,21,20,21,21,20,21,20,20,19,19,20,18,17,18,18,19,20,19,20,20,22,22,22,24,22,23,24,25,25,25,26,24
1.85,0.5,180,6,11,14,15,16,16,18,19,19,20,19,19,21,20,21,21,22,22,23,23,23,22,22,22,23,23,25,24,24,25,24,22,22,20,20,21,21,21,21,21,21,20,20,21,22,22,21,20,19,20,21,20,21,20,21,21,21,20,21,21,20,20,20,22,21,21,22,22,22,21,22,24,25,22,24,24,26,19,22,23,22,25,28,20,20,20,19,21,19,19,19,18,18,19,19,21,22,24,22,24,22,24,24,24,24,26,25,26,23
1.9,0.5,180,6,11,13,14,16,16,16,16,17,17,19,19,20,21,21,21,22,22,23,23,23,23,22,22,22,22,22,22,22,22,22,21,20,22,21,23,23,22,21,21,21,21,22,22,22,21,21,21,22,21,21,19,20,21,22,22,22,22,21,21,21,22,22,22,22,21,20,20,21,21,21,23,21,21,21,21,21,22,20,20,19,20,21,21,21,20,21,20,22,20,21,21,22,21,23,24,23,23,23,22,23,23,20,22,22,23,22,23,18
1.95,0.5,180,10,13,14,14,17,17,17,18,19,20,20,21,22,21,22,23,24,24,24,23,24,23,25,23,24,23,20,22,23,23,23,23,22,23,23,23,22,22,23,24,23,21,22,22,21,22,23,22,22,22,24,24,24,25,24,23,23,25,24,24,22,21,21,23,20,21,22,20,19,22,23,22,24,23,23,25,22,25,25,25,27,27,26,27,30,31,32,23,23,22,22,23,24,21,24,21,26,24,19,21,24,22,23,25,26,25,24,24,19
2,0.5,180,4,11,12,14,14,17,16,16,18,17,19,19,21,21,22,23,24,24,25,27,25,26,26,26,26,24,24,23,23,24,24,24,22,25,24,23,22,23,21,21,22,22,22,21,21,21,22,21,22,20,22,20,21,21,21,24,24,24,25,25,24,26,25,26,25,25,25,27,28,26,23,25,24,22,21,21,23,23,22,20,21,21,22,26,24,24,23,21,21,23,21,21,22,20,21,23,22,23,24,25,25,25,26,27,27,27,26,26,26
2.05,0.5,180,7,10,13,14,15,16,16,17,17,18,19,20,21,22,23,24,24,25,25,25,26,26,25,25,25,25,24,23,25,25,25,26,25,25,24,25,24,25,25,25,24,26,24,24,26,26,25,25,24,23,23,24,25,23,24,25,24,24,25,27,24,26,27,30,29,30,32,37,29,28,30,24,25,28,33,29,38,31,28,28,31,36,35,34,37,35,35,30,32,32,31,32,31,32,32,31,30,31,32,32,32,32,31,32,32,32,36,35,30
2.1,0.5,180,9,11,14,14,15,15,16,17,18,19,20,20,21,22,21,22,23,23,24,25,25,27,27,25,25,25,25,24,25,23,23,25,24,25,25,25,26,25,25,24,24,23,24,24,23,24,24,25,25,24,23,24,23,22,23,25,26,25,25,24,24,25,24,25,23,24,25,24,24,25,27,25,27,27,25,25,24,25,25,25,24,26,28,30,30,33,35,35,36,38,39,39,39,39,40,38,37,39,37,38,38,37,38,38,38,37,38,35,28
2.15,0.5,180,0,11,13,14,15,15,16,18,18,19,20,21,21,21,23,23,24,25,25,26,28,27,26,26,27,27,26,25,25,24,24,25,24,24,23,24,25,25,24,25,25,25,25,24,25,25,25,24,24,24,25,25,26,25,25,24,23,23,24,23,24,23,24,24,25,25,27,30,25,24,25,25,26,27,26,28,28,27,28,28,29,30,28,33,27,25,25,26,28,26,25,25,25,25,26,28,30,30,30,29,31,31,31,31,30,29,30,31,29
2.2,0.5,180,7,12,14,15,16,17,17,20,20,21,22,23,22,24,23,24,25,25,25,25,24,25,25,24,24,23,24,23,22,22,22,22,24,25,24,24,24,24,23,24,25,24,26,26,24,24,25,25,25,24,24,26,25,23,23,20,20,21,21,22,23,24,24,24,24,24,26,24,24,25,25,24,21,24,23,26,24,23,23,24,25,24,23,23,24,25,26,28,27,28,28,26,26,27,25,25,25,24,28,30,32,31,31,32,34,30,32,33,32
2.25,0.5,180,7,11,14,14,16,17,18,19,20,20,21,22,23,25,25,25,25,25,25,25,25,25,25,25,25,25,23,23,22,22,22,23,24,24,25,24,23,22,24,24,23,23,24,22,22,22,23,24,23,24,24,24,24,23,22,21,23,20,22,22,23,24,24,22,24,23,22,23,22,21,21,20,21,21,23,22,26,23,22,21,22,24,22,23,25,25,25,28,29,28,27,27,27,28,28,29,28,31,27,31,29,34,32,33,37,39,36,36,31
2.3,0.5,180,10,15,17,19,18,21,22,23,23,24,25,24,25,23,23,23,23,24,25,25,25,25,25,26,26,26,24,25,26,24,24,23,23,24,23,23,23,24,23,24,23,22,22,23,23,23,21,21,21,23,22,23,23,22,22,23,22,23,22,23,23,22,23,24,23,23,24,22,21,22,24,24,24,25,29,32,33,23,23,24,24,24,23,23,23,25,24,23,25,27,25,27,29,31,29,29,28,28,26,29,28,28,29,30,32,33,32,29,25
2.35,0.5,180,8,14,18,18,20,20,21,23,22,23,23,24,24,24,24,24,26,26,25,25,25,26,26,26,26,23,24,25,25,25,24,24,24,24,21,22,21,21,23,23,23,23,23,24,23,23,25,23,23,22,21,22,22,24,25,23,22,22,22,23,23,22,22,21,21,22,22,23,22,24,23,22,21,23,21,20,19,19,20,21,21,20,20,20,20,20,20,20,20,21,21,21,20,25,25,24,25,25,27,27,27,28,28,29,30,30,29,30,27
2.4,0.5,180,9,14,15,16,17,19,20,19,21,22,22,21,22,22,23,23,23,23,22,23,22,22,22,22,23,23,23,22,22,22,22,21,22,20,20,20,20,22,23,24,23,23,23,24,23,21,20,20,20,20,21,21,20,21,20,20,20,21,20,19,19,18,19,21,21,20,22,20,21,21,21,20,20,19,18,18,20,20,19,19,18,19,19,21,21,21,22,24,25,26,29,24,23,23,23,25,26,27,27,28,28,29,29,28,28,29,29,28,23
2.45,0.5,180,10,13,14,18,17,18,20,20,20,21,21,19,21,22,21,22,20,21,21,21,22,22,24,24,26,25,27,27,22,21,21,22,20,20,21,22,20,21,20,20,19,20,20,19,19,20,19,20,20,21,19,20,19,20,20,20,18,19,18,18,19,20,20,20,23,25,28,26,25,23,19,19,19,17,18,18,18,18,19,18,17,17,17,17,16,16,18,16,16,17,17,18,17,19,20,22,21,22,24,26,26,25,25,26,26,25,27,28,20
2.5,0.5,180,0,13,14,16,16,17,18,19,20,20,20,21,21,22,21,21,22,22,23,22,24,23,24,21,21,22,22,22,23,22,21,21,21,20,21,20,21,20,21,22,22,22,21,22,22,21,22,23,20,19,19,20,20,20,21,19,20,19,20,21,20,21,21,19,19,19,19,20,20,21,19,21,20,20,20,19,19,18,18,18,19,19,19,18,18,18,17,20,17,17,18,18,19,22,24,26,30,34,35,32,31,28,25,25,24,24,27,27,25
2.55,0.5,180,6,11,15,17,18,18,16,18,18,20,20,21,22,22,22,22,24,24,23,23,23,23,24,23,23,21,21,21,21,22,23,22,21,22,22,21,23,22,22,21,20,22,22,23,21,23,22,22,21,22,21,21,21,20,19,20,21,22,21,20,22,22,23,23,23,24,24,25,24,25,26,25,23,22,20,20,18,19,19,18,18,19,19,18,20,21,20,21,22,22,22,22,22,25,25,23,24,23,24,24,25,26,25,26,27,26,28,27,26
2.6,0.5,180,8,12,13,15,16,18,18,18,19,20,20,20,21,22,22,23,23,24,24,24,24,24,24,23,23,23,24,23,23,23,24,23,23,22,22,23,23,22,22,20,22,22,23,23,21,23,22,22,22,22,23,22,23,23,22,22,24,22,22,22,23,22,22,19,21,20,19,21,23,24,25,25,26,27,25,26,25,23,21,20,22,22,21,21,22,22,22,22,22,22,22,22,23,22,23,25,25,25,26,26,27,30,31,31,30,31,33,32,28
2.65,0.5,180,7,11,13,14,16,17,18,19,20,21,21,22,21,22,23,21,22,23,23,28,29,25,24,25,24,24,24,25,26,24,23,23,23,24,24,24,24,22,22,23,24,23,23,23,24,23,23,24,24,24,25,23,23,23,23,23,23,23,23,24,24,22,21,20,20,20,22,22,23,23,23,23,23,25,25,25,25,26,25,24,23,23,24,24,23,22,22,23,24,24,27,25,23,25,22,24,26,29,29,29,28,32,35,37,39,41,39,35,26
2.7,0.5,180,0,10,13,15,15,17,17,19,20,20,21,22,23,21,22,22,23,23,24,25,24,25,26,25,25,25,24,24,24,24,25,25,25,25,24,23,24,23,24,25,23,23,23,23,24,24,23,24,23,24,23,23,23,22,22,23,22,23,23,23,23,24,23,23,23,23,22,22,22,21,22,22,23,23,25,26,25,24,24,22,24,23,23,23,24,24,30,26,27,28,27,25,25,28,28,28,28,27,31,29,26,28,26,28,27,28,28,30,28
2.75,0.5,180,5,10,13,15,16,16,18,18,19,21,21,22,24,24,24,24,23,24,24,24,26,26,26,27,25,25,25,25,25,26,24,23,24,25,24,25,24,24,26,23,23,23,23,24,26,24,24,24,24,24,22,23,24,24,24,25,26,28,26,28,27,26,25,26,25,25,24,23,22,22,21,21,22,23,24,24,23,23,24,25,25,27,28,26,25,25,25,25,27,27,30,29,29,32,29,29,29,30,32,36,40,33,33,33,34,35,35,35,32
2.8,0.5,180,7,11,12,14,15,16,17,18,19,19,20,22,22,22,24,24,25,25,25,25,25,26,27,26,27,25,25,25,24,24,23,24,24,25,25,24,25,25,25,24,25,23,24,25,23,24,23,23,24,23,24,25,23,25,26,25,25,25,25,25,25,24,23,23,23,23,24,23,24,24,24,24,23,25,24,24,24,23,23,23,25,25,26,25,25,23,24,24,26,26,29,28,28,28,28,28,30,34,31,35,33,34,33,35,29,27,30,32,24
2.85,0.5,180,0,10,13,14,15,16,17,18,19,20,21,19,19,20,22,22,23,24,25,25,27,26,27,26,26,25,26,25,25,25,25,24,24,25,25,27,34,26,27,26,25,24,24,24,25,24,26,24,24,26,25,25,26,26,27,26,22,22,22,24,25,25,25,24,24,24,24,24,23,24,25,24,26,26,24,25,25,22,22,23,22,20,20,19,20,21,22,22,23,24,24,21,22,23,22,22,22,23,24,24,23,23,24,25,26,28,26,25,22
2.9,0.5,180,7,12,14,15,16,17,18,19,20,20,21,23,26,28,28,29,30,30,30,32,32,34,35,36,35,37,35,35,33,34,33,32,37,33,33,32,31,33,34,29,30,32,32,32,31,32,29,31,30,29,29,29,28,30,28,30,27,26,24,26,23,23,22,21,20,21,22,21,20,20,20,21,21,21,23,22,22,23,21,20,22,23,28,31,32,34,35,39,39,35,40,38,34,35,33,32,32,33,33,34,30,28,29,29,29,33,41,42,34
2.95,0.5,180,7,11,14,14,15,16,16,17,17,18,19,21,21,24,26,25,25,24,26,26,27,27,29,28,29,30,29,29,28,27,26,26,25,25,24,24,24,25,24,25,24,23,23,23,25,24,23,24,23,25,26,25,26,25,25,24,23,25,24,25,25,25,26,26,27,26,25,26,27,27,24,26,26,24,24,24,25,24,22,24,22,24,24,24,23,24,24,25,25,26,30,30,33,33,30,30,29,28,31,30,32,30,28,29,28,27,30,27,24
3,0.5,180,0,10,14,16,17,18,19,19,20,21,21,21,22,22,23,24,23,25,23,25,25,25,25,26,27,25,26,26,25,24,23,24,23,23,23,21,22,22,23,22,22,23,22,22,22,22,21,21,22,22,22,24,24,24,24,25,25,24,25,24,23,23,24,23,23,22,22,25,25,26,26,25,25,25,24,22,23,23,23,23,23,23,23,22,22,25,22,25,24,26,25,28,26,27,28,28,25,29,29,27,30,30,30,29,31,33,35,34,35
3.05,0.5,180,4,13,15,16,16,18,18,19,18,19,19,20,21,22,23,22,23,24,24,24,23,25,25,25,25,24,25,24,23,24,24,23,23,21,22,22,23,23,24,23,23,23,22,22,22,22,21,22,22,22,22,22,22,22,22,22,22,23,22,23,21,23,23,24,25,23,23,22,23,21,24,22,21,21,21,22,21,21,20,21,20,20,21,22,22,24,22,24,24,25,25,26,25,27,26,25,24,28,27,30,31,33,33,34,37,40,42,44,40
3.1,0.5,180,8,13,15,17,18,19,20,21,21,21,23,23,24,24,25,25,26,26,27,27,27,27,28,28,28,29,31,29,28,28,26,26,27,26,25,24,23,23,24,23,22,22,22,23,21,22,22,22,21,22,22,22,23,24,22,23,22,23,23,23,23,22,22,22,23,22,22,22,23,23,23,23,23,23,21,23,21,21,22,22,22,22,23,24,22,26,27,27,31,29,33,34,37,37,39,38,39,39,41,38,32,32,31,38,41,35,37,34,26
3.15,0.5,180,11,15,16,17,18,17,17,19,19,19,20,21,22,22,23,23,23,24,25,23,23,24,23,24,23,23,24,24,23,23,23,22,22,22,22,22,20,22,21,22,22,21,21,22,21,23,22,24,23,23,23,22,22,23,23,24,24,22,21,23,22,23,23,22,21,21,21,22,22,22,21,20,20,20,20,20,21,19,20,20,20,21,23,22,22,22,23,21,21,22,23,25,26,25,25,26,26,26,27,27,28,29,32,29,29,28,28,28,24
3.2,0.5,180,0,10,13,15,16,17,17,17,19,19,19,19,21,20,21,22,22,24,22,23,23,24,24,24,24,23,22,22,24,23,23,23,24,23,23,23,23,27,24,24,23,23,24,24,22,23,22,23,22,22,21,22,21,21,21,21,23,22,24,24,23,23,24,24,24,25,25,25,24,25,25,25,27,24,23,23,22,23,23,28,23,24,23,23,25,31,31,32,33,31,30,31,31,30,30,31,31,30,28,29,30,30,31,32,31,32,34,34,31
3.25,0.5,180,6,13,14,15,15,17,18,19,19,20,21,22,23,23,24,25,24,25,25,25,26,25,27,27,27,28,26,27,28,27,28,27,27,25,25,24,25,25,25,24,24,25,25,26,25,26,25,24,24,24,24,24,24,25,25,26,25,24,25,25,26,26,24,24,24,24,25,25,24,23,24,23,24,25,28,27,27,27,26,27,26,27,28,26,27,28,26,26,27,27,28,30,29,30,34,35,32,31,31,32,31,33,32,31,31,31,32,32,32
3.3,0.5,180,7,12,15,15,16,17,17,18,19,20,22,23,22,24,24,24,26,26,26,26,27,26,27,28,29,28,28,28,28,28,29,28,29,27,28,26,27,26,28,27,28,26,27,25,25,26,26,26,27,27,28,26,27,27,27,27,27,27,26,26,25,25,24,26,26,27,25,26,29,28,26,26,25,25,25,26,25,29,30,30,32,32,35,35,36,40,42,43,45,48,51,49,50,51,56,56,56,60,55,51,49,53,43,41,48,45,42,44,42
3.35,0.5,180,0,11,14,15,16,18,18,19,18,21,21,22,23,24,25,26,27,28,29,29,30,31,32,31,30,30,29,28,29,30,29,27,27,28,28,29,29,29,29,29,28,29,28,29,28,28,29,26,27,28,29,30,27,28,29,25,27,28,29,28,28,28,29,29,29,28,29,26,26,26,26,25,24,24,26,28,29,30,26,25,25,26,26,25,25,26,25,25,25,25,25,26,26,29,32,30,30,29,29,28,31,33,30,30,28,30,28,27,27
3.4,0.5,180,0,14,20,23,26,26,27,27,27,26,28,28,26,29,28,29,29,31,31,32,31,31,33,32,32,32,33,32,31,32,30,31,31,30,31,30,31,32,32,30,29,30,28,29,30,30,31,33,31,32,31,32,30,29,29,28,29,31,30,31,32,32,31,28,0,0,0,0,0,0,0,0,0,0,0,0,0,0,0,0,0,0,0,0,0,0,0,0,0,0,0,0,0,0,0,0,0,0,0,0,0,0,0,0,0,0,0,0,0
0.05,0.55,180,9,10,14,16,16,15,16,15,18,18,18,18,18,18,19,20,22,20,21,24,24,24,24,22,25,24,26,26,24,24,25,26,24,23,24,24,26,26,27,28,26,27,25,28,28,26,26,22,25,27,24,24,24,22,24,25,26,26,26,25,26,26,25,24,24,25,23,30,31,30,29,20,21,22,23,21,21,23,24,26,24,24,25,25,27,27,28,30,25,19,20,26,29,30,30,31,31,32,31,29,29,30,31,29,27,27,26,27,19
0.1,0.55,180,3,8,10,12,14,14,16,17,17,18,18,18,19,20,21,22,22,22,22,21,23,23,23,22,22,24,23,22,23,24,24,24,22,21,21,21,22,22,23,22,21,21,22,24,27,23,22,20,22,20,20,20,18,20,19,21,21,21,20,20,21,19,20,19,19,21,18,21,23,22,20,19,19,19,18,20,21,22,17,16,16,18,17,19,23,18,19,19,20,20,20,21,21,22,22,22,22,22,22,23,23,22,22,22,22,23,25,24,20
0.15,0.55,180,5,9,10,12,13,15,16,17,16,18,18,19,20,21,22,21,22,22,22,21,22,21,22,23,22,23,22,22,22,23,22,22,21,21,21,23,22,23,22,21,19,20,21,21,22,20,23,22,22,22,22,19,22,24,23,20,21,19,18,17,18,20,22,20,20,18,18,20,18,18,20,22,21,21,22,22,22,18,17,17,18,21,21,23,22,22,23,24,23,21,23,21,24,24,26,29,34,32,33,29,28,26,25,27,30,31,32,27,18
0.2,0.55,180,0,8,10,11,13,13,15,15,16,17,18,18,19,20,21,20,22,23,23,23,23,24,24,23,23,22,22,23,22,22,22,22,21,21,21,22,21,21,22,22,23,24,23,21,26,22,22,27,23,23,21,20,20,21,20,19,19,22,22,24,26,24,24,24,25,23,24,23,24,24,23,22,23,24,26,21,26,28,26,27,25,25,23,24,22,21,24,24,25,27,29,27,30,30,32,30,30,33,29,31,31,31,32,31,30,30,30,39,32
0.25,0.55,180,0,6,10,11,13,15,15,16,17,17,17,18,18,19,20,21,22,21,21,21,22,29,25,24,23,23,24,21,22,22,23,23,22,21,21,21,21,22,20,19,20,21,20,21,19,19,19,21,20,21,19,20,20,20,20,19,19,18,19,19,20,20,19,20,19,20,20,21,19,19,19,18,20,20,21,21,22,19,20,19,20,20,19,20,22,19,23,22,24,25,23,23,22,22,22,21,25,26,24,25,25,26,25,28,27,26,27,29,21
0.3,0.55,180,3,9,11,12,14,18,20,22,22,23,23,25,25,27,26,27,27,28,30,24,25,26,25,25,23,23,22,24,22,23,22,22,22,22,23,22,23,22,22,22,24,23,23,20,20,21,22,22,22,22,22,21,22,22,21,22,21,21,20,21,22,22,20,21,20,21,22,22,20,20,22,20,20,22,23,22,21,21,20,21,21,21,19,18,18,20,20,21,22,23,23,24,23,22,24,24,28,29,29,28,28,28,28,29,29,29,28,28,19
0.35,0.55,180,0,6,10,12,13,14,16,17,18,20,21,21,21,22,23,22,22,23,22,23,24,24,24,23,22,22,23,23,23,21,21,20,22,22,22,22,21,21,21,22,21,22,20,21,22,20,22,23,23,23,22,24,23,24,24,24,24,24,23,21,22,22,23,22,22,21,21,22,23,24,24,20,19,19,22,22,23,22,21,21,20,20,21,22,20,20,19,19,19,23,24,25,24,25,26,28,28,29,28,28,28,27,27,27,26,26,27,26,26
0.4,0.55,180,0,10,12,13,17,18,16,17,18,19,19,19,20,20,19,21,22,22,22,21,23,23,23,24,24,25,24,24,22,22,24,23,24,23,21,22,22,23,23,23,23,21,22,22,22,21,20,20,20,20,21,21,24,26,23,22,22,22,23,21,21,20,21,21,21,21,21,20,22,23,23,24,26,24,25,23,21,22,21,24,23,21,20,20,23,23,24,24,24,26,27,30,30,27,28,27,26,27,28,31,32,37,41,37,37,36,36,36,31
0.45,0.55,180,5,8,11,13,14,15,16,17,18,19,20,20,21,21,21,22,22,22,23,25,24,25,25,24,25,25,24,25,25,26,24,24,23,24,24,24,21,22,22,22,23,22,22,22,21,23,22,22,22,22,22,23,21,23,24,22,23,22,22,22,22,23,24,23,23,23,23,22,24,23,25,24,23,23,20,21,20,20,21,20,21,23,23,23,26,23,23,22,23,23,23,25,25,29,27,25,30,29,28,31,31,29,29,29,31,31,30,30,24
0.5,0.55,180,0,7,10,12,13,15,16,19,18,19,21,22,23,24,23,24,24,25,26,27,28,28,30,31,30,32,33,33,33,31,32,32,30,30,32,30,30,30,30,32,34,31,32,32,31,32,33,33,33,32,31,32,31,30,32,32,31,30,32,30,30,32,29,29,32,28,26,33,28,26,26,25,28,29,25,28,30,31,32,31,32,32,39,37,40,43,42,45,45,43,39,38,38,37,38,39,39,47,41,40,44,40,44,43,45,40,40,46,40
1.1,0.55,180,5,8,9,13,12,13,14,14,14,15,18,18,19,19,19,18,21,23,23,23,22,23,23,23,24,26,26,23,20,20,21,20,20,21,22,24,23,23,21,22,23,25,25,25,26,24,27,30,30,33,32,31,34,34,36,35,34,35,36,38,40,39,39,36,38,39,42,42,38,36,34,39,29,28,29,30,29,28,31,32,37,33,40,34,23,23,29,33,31,25,32,30,40,33,28,30,33,29,27,23,25,26,28,24,24,23,30,30,21
1.15,0.55,180,6,10,12,13,15,15,17,19,19,21,18,19,18,20,20,21,22,22,22,22,22,22,22,22,23,23,24,21,20,22,22,22,20,20,20,20,22,23,22,23,22,20,21,22,23,22,22,20,22,23,23,24,25,30,29,30,30,32,31,31,30,29,27,29,30,30,28,29,32,28,21,24,24,23,22,20,21,24,25,27,27,25,29,31,29,34,30,30,30,31,31,32,33,35,36,36,34,35,32,32,38,34,33,29,32,32,31,32,35
1.2,0.55,180,6,9,11,15,15,15,16,18,18,20,26,29,23,21,22,21,22,22,22,22,22,23,22,23,23,21,21,21,22,23,22,22,22,23,24,25,23,22,22,22,21,22,22,22,22,20,21,22,21,23,21,21,20,19,18,20,20,20,19,20,23,21,22,21,22,21,21,21,22,22,24,25,21,23,20,20,22,24,24,25,24,22,26,29,29,33,28,31,32,31,33,35,34,30,35,33,31,35,32,29,31,27,26,26,26,26,28,26,20
1.25,0.55,180,0,10,13,13,14,16,16,16,17,18,19,20,21,23,24,25,26,28,28,29,28,26,26,25,24,23,24,23,23,22,24,23,22,22,22,24,21,22,22,20,22,22,24,23,24,24,23,22,23,22,23,22,23,22,22,22,22,21,23,22,26,24,24,24,24,22,22,22,22,23,23,24,22,22,24,22,24,26,28,27,24,24,23,23,23,24,26,25,25,25,24,26,25,25,26,24,24,26,25,25,26,26,26,25,26,25,27,26,22
1.3,0.55,180,4,7,12,13,14,15,16,17,18,18,20,21,21,21,21,23,23,24,24,24,21,22,22,22,23,25,24,24,22,22,23,22,23,23,23,20,20,20,21,23,23,20,21,21,22,23,22,22,20,20,20,20,21,22,22,26,30,23,23,23,23,24,24,23,24,22,21,21,20,20,20,20,21,22,22,22,24,20,22,20,21,23,22,20,22,23,22,23,23,25,26,26,25,25,26,28,27,25,27,27,26,24,25,26,27,25,25,27,24
1.8,0.55,180,6,8,8,11,13,14,15,15,15,17,17,19,19,20,19,20,21,19,21,19,21,21,24,24,22,24,23,22,23,22,22,23,24,25,21,23,23,24,27,24,20,23,21,24,25,25,25,24,22,23,24,26,28,31,30,28,30,30,29,23,23,20,23,26,26,21,17,16,23,19,22,25,26,26,23,23,23,22,25,26,26,26,28,29,34,29,31,32,31,32,34,34,36,36,40,30,27,29,32,32,33,33,33,35,36,35,37,38,34
1.85,0.55,180,7,10,13,15,15,16,18,18,18,19,20,20,22,22,22,23,22,22,22,22,23,22,22,22,22,21,21,22,23,23,23,22,22,22,22,23,22,21,21,21,21,22,22,23,23,22,22,23,24,32,24,23,26,23,23,24,26,25,25,26,25,27,33,26,26,26,27,28,28,29,31,32,33,35,36,36,35,37,32,30,30,31,29,29,29,30,32,34,33,33,34,34,36,32,37,38,39,41,41,41,41,39,39,40,39,39,39,45,40
1.9,0.55,180,8,10,12,14,17,15,16,18,17,21,20,22,25,23,23,23,23,25,24,24,25,24,24,24,24,23,22,23,24,24,24,23,24,23,24,24,23,21,21,22,22,23,24,24,22,23,22,23,23,22,25,22,22,24,25,26,26,27,29,30,33,34,33,33,33,30,30,28,29,30,28,27,25,25,24,24,23,24,26,26,27,32,30,26,28,26,27,26,26,30,27,26,27,27,27,27,28,29,31,31,32,32,36,33,35,34,32,29,30
2.15,0.55,180,8,10,10,12,13,13,14,15,16,16,18,18,20,21,22,24,22,25,22,22,22,22,21,21,21,21,22,22,24,25,26,27,27,28,29,30,31,29,31,31,31,32,32,33,35,37,40,38,40,40,38,33,35,37,35,35,39,38,36,37,40,33,35,30,29,29,31,32,33,32,30,23,24,26,27,24,18,21,22,21,21,20,21,24,22,22,21,22,23,24,25,23,21,21,21,25,25,24,25,24,26,27,26,26,27,30,26,22,16
2.2,0.55,180,13,14,16,18,19,18,19,21,21,22,22,20,22,23,24,24,25,25,26,26,25,24,22,25,24,24,22,23,21,22,22,23,26,24,27,27,25,24,23,23,23,23,23,22,22,24,21,24,24,24,25,25,25,28,25,27,28,32,27,27,28,26,25,26,26,25,26,25,25,25,25,24,27,28,26,26,27,26,24,25,27,25,24,26,27,29,27,28,30,28,30,30,32,32,37,37,35,37,32,33,37,42,46,35,37,34,35,32,31
2.25,0.55,180,10,11,14,15,16,17,18,18,20,18,19,20,20,21,22,23,23,21,21,21,22,23,23,23,23,21,22,21,21,20,20,20,20,20,21,21,22,21,21,21,22,21,21,20,19,19,19,21,21,21,21,21,22,22,22,23,23,21,23,24,21,21,22,23,22,22,23,22,23,24,24,22,22,23,20,22,23,26,29,31,30,27,28,32,33,33,33,35,28,33,34,36,30,31,29,29,36,35,32,33,36,33,31,37,38,34,30,25,18
2.3,0.55,180,12,14,15,15,16,18,17,18,18,20,20,20,20,20,21,21,22,21,21,21,21,21,20,20,19,20,19,19,20,20,19,18,20,19,20,20,21,19,20,20,19,20,19,20,19,18,19,20,18,18,19,18,19,19,19,19,19,18,18,19,19,20,19,19,20,19,20,20,22,22,20,22,23,27,24,18,18,19,19,20,20,20,22,21,20,23,24,22,23,24,26,25,27,25,25,24,23,24,22,27,31,31,31,31,33,34,28,24,17
2.35,0.55,180,12,14,14,16,17,17,18,18,18,19,20,21,21,22,22,22,21,23,22,22,24,24,24,24,25,25,25,25,25,26,26,25,24,23,22,20,19,20,19,19,19,19,17,18,18,17,17,16,16,17,18,19,19,20,19,19,31,26,19,20,19,17,18,18,20,20,20,20,19,20,19,19,20,21,21,20,21,21,22,22,23,21,23,21,21,20,20,20,23,23,24,25,24,25,24,25,26,26,25,25,25,27,26,26,25,25,25,21,21
2.4,0.55,180,12,15,15,16,18,18,20,20,21,22,23,23,23,23,23,22,21,21,22,23,23,24,22,23,21,21,21,21,22,20,19,19,20,21,22,23,20,22,19,20,21,20,20,18,19,18,20,21,21,21,21,21,22,21,21,22,20,19,17,18,18,19,18,17,19,18,18,18,18,18,19,19,18,19,19,19,19,20,20,19,20,18,19,20,19,18,18,18,18,18,18,19,19,20,21,21,21,21,22,21,23,22,23,23,23,24,22,17,14
2.45,0.55,180,14,15,15,18,19,20,22,22,21,20,21,22,22,23,23,22,21,22,22,23,20,20,21,20,21,21,21,20,19,21,20,21,21,21,18,19,19,20,20,19,19,19,18,19,19,19,18,18,16,18,19,22,19,18,17,18,18,19,18,18,19,18,18,17,19,19,19,19,20,19,18,18,18,18,18,17,17,17,17,18,18,18,18,18,18,18,18,18,19,18,19,20,21,20,20,20,21,21,21,22,21,22,21,22,22,24,20,16,14
2.5,0.55,180,10,13,14,15,16,17,18,18,19,19,20,21,21,21,21,22,22,21,22,21,22,20,20,20,19,20,19,20,19,19,19,19,19,18,18,18,17,18,19,19,19,19,19,18,19,18,18,18,18,17,17,18,19,18,18,17,17,18,18,17,17,18,18,16,18,19,18,20,18,17,17,18,18,19,19,20,19,18,18,19,20,21,19,19,22,23,25,28,29,28,29,29,29,29,30,30,29,25,25,25,24,23,23,23,22,24,25,21,19
2.55,0.55,180,12,15,15,17,17,18,19,20,20,21,21,20,22,22,21,21,21,23,23,23,21,20,20,21,21,22,21,20,21,21,21,21,20,20,18,20,21,20,21,20,19,20,20,21,20,20,20,21,20,22,20,22,21,19,20,19,19,19,17,18,18,20,22,22,23,23,23,23,23,23,22,22,19,19,17,19,20,20,22,21,20,23,23,21,20,21,20,19,20,21,18,19,19,19,21,20,20,22,22,23,24,23,24,23,25,25,25,18,16
2.6,0.55,180,14,14,16,16,17,18,18,19,21,21,21,22,22,22,22,22,23,22,23,23,23,23,25,22,23,23,23,23,22,21,22,21,22,20,20,20,21,21,23,22,22,21,20,22,22,22,21,21,21,20,20,21,22,22,22,22,21,21,21,22,21,21,22,22,22,21,23,22,22,21,20,20,20,21,20,19,19,19,19,20,20,19,20,19,18,19,20,21,22,21,23,23,22,22,22,24,24,23,24,25,25,25,25,25,25,26,26,23,17
2.65,0.55,180,11,15,15,16,18,18,20,20,19,19,21,20,21,21,22,23,23,24,23,25,23,24,24,24,22,23,23,22,23,23,23,23,23,23,22,23,23,23,22,21,21,22,21,23,22,23,22,22,22,22,23,21,21,22,21,22,22,22,21,21,22,22,23,24,25,23,24,23,25,22,22,23,24,20,16,18,20,22,23,24,24,24,25,25,24,26,25,25,25,26,25,26,26,26,26,33,36,34,34,33,31,32,33,33,32,32,28,26,19
2.7,0.55,180,11,14,15,17,18,19,19,21,21,21,21,21,21,21,22,21,22,24,23,24,24,24,25,24,23,23,24,22,23,25,34,24,24,23,23,23,23,24,22,23,22,21,21,23,22,22,21,21,22,22,24,23,24,24,24,24,26,24,23,23,22,22,22,23,22,21,20,21,21,22,22,22,23,22,22,22,22,22,22,23,23,20,20,20,21,22,23,23,25,23,26,25,25,23,23,23,23,23,26,25,25,25,27,28,31,32,31,27,21
2.75,0.55,180,12,14,16,16,18,19,18,18,20,19,22,21,21,23,23,24,24,24,24,25,23,23,22,24,23,24,22,23,24,23,22,22,22,22,22,22,22,22,23,23,24,24,26,25,24,23,23,22,22,22,20,20,21,22,23,23,23,24,24,25,26,26,25,26,26,26,25,24,24,24,25,21,21,26,26,25,26,29,28,31,29,30,35,36,35,37,38,37,39,39,46,49,50,50,52,55,52,57,57,57,51,54,49,45,38,38,34,30,25
2.8,0.55,180,10,13,14,15,16,17,18,19,20,20,19,21,23,24,26,30,32,35,38,28,27,28,27,27,26,26,25,27,26,25,24,24,24,24,24,23,24,23,22,22,23,23,24,24,23,23,23,23,23,23,22,23,24,24,25,27,27,23,23,21,21,20,22,22,22,24,24,23,22,22,21,21,23,23,23,24,26,26,28,28,30,29,27,30,29,32,34,36,45,46,47,47,46,54,47,50,50,50,46,42,38,39,38,38,39,33,33,30,27
2.85,0.55,180,11,14,15,17,17,18,19,20,22,23,24,24,25,25,26,27,28,27,28,27,27,28,28,30,29,28,28,27,27,27,28,27,27,27,28,28,28,27,25,27,25,26,25,25,24,24,25,25,25,26,26,27,27,26,25,24,23,23,24,26,24,25,26,27,26,25,25,28,25,25,25,27,24,22,22,24,24,23,24,25,23,23,23,22,23,24,21,21,21,23,25,25,25,23,24,24,24,24,29,30,33,34,29,30,32,31,31,25,18
2.9,0.55,180,12,15,15,17,18,17,18,19,20,20,21,22,22,23,23,23,23,24,23,24,22,24,23,24,23,26,23,24,23,23,24,25,25,25,25,24,24,25,23,24,23,23,23,23,23,23,24,24,24,23,22,23,22,22,23,23,23,24,22,25,26,24,23,24,23,21,23,22,21,21,23,22,22,24,22,22,24,24,25,24,23,26,25,24,27,26,28,29,30,35,32,29,33,34,33,37,34,34,37,37,39,37,38,34,32,29,31,28,22
2.95,0.55,180,12,13,16,18,18,20,22,21,22,20,21,22,22,23,23,23,24,25,25,25,25,26,26,27,26,26,25,24,23,24,25,24,24,25,24,24,23,23,23,23,22,21,21,21,21,23,23,23,24,25,24,23,24,24,23,24,25,24,23,22,22,21,21,22,20,21,22,22,21,20,21,21,21,21,22,21,20,19,19,19,19,18,19,19,23,34,21,22,21,22,24,25,26,26,28,28,27,28,27,31,30,28,26,28,30,29,30,30,24
3,0.55,180,11,13,15,16,17,17,18,19,19,19,21,22,22,23,23,24,23,25,25,26,25,26,26,27,27,26,26,24,24,24,23,24,23,23,23,23,24,23,23,23,23,23,22,21,22,22,23,23,22,22,22,21,22,21,22,20,20,20,19,21,21,20,20,19,20,20,20,19,19,18,20,21,20,22,23,23,22,22,22,21,21,23,26,29,24,23,19,21,21,22,23,22,25,28,26,27,27,27,28,29,29,29,30,29,31,32,32,28,20
3.05,0.55,180,13,14,17,18,18,19,20,21,21,21,21,24,22,22,22,24,24,24,24,24,25,23,23,24,24,24,24,24,24,23,23,22,23,23,22,21,23,23,22,22,21,21,22,22,22,19,21,21,20,21,22,21,22,22,22,22,22,22,22,22,22,21,21,21,22,21,21,20,20,19,21,20,21,21,20,20,20,20,20,22,21,21,20,19,20,20,20,22,21,22,21,23,21,20,21,24,23,26,26,27,27,31,30,29,30,29,28,22,18
3.1,0.55,180,10,13,14,15,16,17,17,18,19,23,20,21,21,22,22,23,23,23,23,23,22,23,23,21,22,23,22,22,23,22,22,22,21,21,22,21,20,20,22,21,22,21,22,22,22,23,22,21,20,20,19,20,21,19,21,20,21,20,20,20,20,19,20,20,21,21,22,22,24,26,25,25,26,26,26,23,19,18,19,20,20,21,22,21,22,22,21,22,22,22,23,21,21,22,22,22,24,25,26,27,28,27,27,27,26,27,26,25,20
3.15,0.55,180,12,15,16,17,18,19,19,20,21,22,23,23,23,23,22,23,23,23,23,22,24,23,23,22,23,23,24,22,22,22,23,22,22,22,21,21,22,22,22,22,21,22,21,22,21,21,21,21,20,21,22,22,24,24,25,25,25,24,24,23,22,21,21,21,22,22,23,23,24,24,23,24,24,25,23,22,24,23,22,23,24,22,19,19,20,22,25,27,29,29,31,34,29,27,26,25,22,22,26,25,25,23,24,23,26,26,29,24,16
3.2,0.55,180,15,17,18,19,19,21,21,22,23,23,24,23,23,22,22,22,21,23,22,23,23,23,23,24,24,24,25,23,25,24,23,23,23,23,22,21,23,23,22,22,22,22,22,23,22,22,23,22,22,22,23,23,22,22,22,22,23,22,23,23,23,24,22,23,24,23,22,23,22,22,23,23,24,26,27,26,25,25,26,24,26,27,27,28,33,28,28,26,25,28,26,26,27,29,29,29,31,30,32,30,32,33,34,33,36,38,36,28,23
3.25,0.55,180,13,17,20,18,16,19,18,19,19,20,21,21,23,23,24,24,24,25,27,26,25,25,25,25,25,25,26,27,26,26,26,26,26,25,26,27,25,26,28,27,25,26,26,26,26,28,26,27,26,25,26,27,26,26,26,27,28,30,29,29,27,28,27,26,27,26,27,26,25,23,23,26,24,25,26,25,29,30,31,32,29,30,29,28,26,27,26,27,31,34,35,31,33,31,30,27,30,29,28,30,30,26,27,30,29,31,32,32,25
3.3,0.55,180,9,12,13,15,16,17,17,19,19,19,20,20,22,22,22,23,24,25,26,26,26,26,25,27,27,26,27,27,26,25,24,26,25,25,26,26,25,24,25,26,28,28,27,27,26,27,27,27,26,26,26,24,24,24,23,24,22,23,24,24,25,23,24,24,23,22,21,21,22,24,25,26,33,33,31,30,29,26,29,30,30,31,31,33,35,37,35,35,35,35,33,32,32,32,33,35,35,38,37,40,38,42,43,47,50,50,47,45,38
3.35,0.55,180,11,13,14,16,17,17,17,17,19,19,21,22,24,25,27,28,26,28,28,28,27,26,26,27,27,27,27,27,26,26,27,28,28,28,29,27,27,28,28,28,29,29,27,28,28,26,27,27,26,25,25,26,25,25,24,24,24,24,25,24,25,27,25,27,28,27,29,29,32,32,34,34,35,36,41,40,28,28,27,27,25,24,27,30,25,26,25,26,27,26,32,32,34,35,32,31,29,31,24,25,26,29,27,26,26,27,28,25,20
3.4,0.55,180,9,12,16,17,18,20,20,21,20,23,22,23,23,23,25,26,26,27,27,29,30,30,29,30,30,30,30,29,30,30,30,30,29,27,29,27,27,27,28,28,29,27,27,28,28,27,28,26,25,26,26,26,28,28,25,26,27,28,28,29,31,31,29,0,0,0,0,0,0,0,0,0,0,0,0,0,0,0,0,0,0,0,0,0,0,0,0,0,0,0,0,0,0,0,0,0,0,0,0,0,0,0,0,0,0,0,0,0,0
0.05,0.6,180,10,12,15,16,16,16,16,19,19,18,20,21,20,20,21,21,22,22,22,22,23,24,24,25,27,22,26,23,23,23,24,23,23,23,23,22,23,23,24,21,23,23,23,22,23,24,28,28,27,29,26,25,27,26,23,24,25,28,25,26,24,26,28,27,26,24,24,23,24,27,27,25,24,25,27,25,21,20,23,23,25,25,23,24,25,24,26,27,30,31,32,33,31,34,33,35,33,31,35,36,33,33,34,35,35,34,30,27,21
0.1,0.6,180,6,10,10,12,14,15,16,16,16,17,19,18,18,19,21,21,22,22,23,23,23,23,23,23,24,23,23,21,23,22,23,24,23,22,22,22,23,23,22,22,21,22,24,24,25,25,25,24,24,24,24,23,24,24,24,24,25,25,24,23,22,24,25,26,25,25,26,29,22,23,23,23,23,21,21,23,22,23,24,25,24,26,27,28,31,31,32,33,33,29,29,33,34,35,36,36,39,33,37,35,34,31,32,34,30,31,34,33,29
0.15,0.6,180,7,9,11,13,14,15,15,16,16,18,19,20,21,20,22,23,23,22,23,22,21,22,23,23,24,22,24,21,22,22,22,22,21,22,23,23,23,22,20,21,21,22,24,25,25,25,24,25,23,25,24,22,23,23,24,25,26,25,26,29,27,24,26,26,29,23,23,23,23,23,23,24,23,23,25,25,26,26,26,33,26,27,28,26,28,27,28,25,24,23,23,21,20,26,25,28,30,31,27,26,29,34,30,31,28,32,29,23,21
0.2,0.6,180,0,6,10,10,15,14,14,15,19,21,21,24,24,23,24,25,25,26,25,27,27,28,29,29,30,29,30,29,29,27,24,26,25,23,25,22,24,20,22,22,21,22,22,22,21,22,22,23,23,22,21,22,22,24,21,20,20,20,20,22,22,21,21,20,21,22,22,21,20,20,21,19,21,21,19,18,18,19,22,22,22,22,22,22,21,22,23,22,22,22,21,22,20,21,19,19,20,22,22,25,26,28,25,26,26,27,27,29,24
0.25,0.6,180,5,9,12,11,14,15,17,17,17,20,20,21,22,23,23,22,22,22,22,23,24,23,24,24,25,24,32,26,23,23,23,23,24,24,24,23,23,25,23,22,23,22,23,22,22,22,20,21,21,22,22,20,20,20,21,23,22,20,20,20,21,21,20,20,20,19,19,19,21,20,20,20,19,19,19,20,21,21,20,20,19,20,20,20,19,18,18,18,19,19,20,20,21,22,22,22,23,23,22,23,23,24,29,26,24,24,26,25,19
0.3,0.6,180,7,10,12,13,13,15,15,18,19,19,20,22,22,23,24,25,24,23,23,23,24,25,26,24,24,22,23,25,19,21,20,21,22,22,21,23,22,21,21,23,21,23,22,21,22,21,21,22,22,21,21,21,19,21,22,21,21,21,21,20,20,22,21,22,21,22,23,24,25,24,24,23,21,21,22,21,21,19,20,19,19,19,19,17,18,19,22,23,21,23,23,22,22,20,23,24,24,24,25,24,22,23,23,26,28,28,31,28,25
0.35,0.6,180,0,6,10,12,14,14,14,16,16,16,17,18,19,20,20,22,22,22,23,22,23,23,23,24,22,24,23,24,23,24,23,22,23,21,23,24,22,21,21,22,22,22,21,21,21,21,21,22,22,23,22,23,23,22,24,23,24,23,23,23,23,22,23,21,21,21,22,21,20,20,18,19,19,20,22,23,23,22,21,21,21,21,21,22,20,20,19,20,21,21,21,22,21,21,24,25,25,25,26,28,27,28,29,28,33,33,32,31,29
0.4,0.6,180,5,9,10,12,14,15,16,16,17,18,18,19,20,20,22,22,22,22,23,23,24,25,24,24,25,24,23,24,24,24,23,24,25,24,22,23,24,23,24,24,22,23,22,23,23,22,23,23,23,23,24,24,25,24,24,24,25,24,24,24,24,24,23,23,23,24,25,24,23,24,23,25,22,23,24,23,24,23,23,21,22,20,20,21,22,19,22,22,23,24,24,22,24,25,26,28,28,29,29,30,33,35,35,36,36,39,42,35,33
0.45,0.6,180,8,10,14,14,16,16,16,18,19,20,22,23,22,22,23,23,25,25,25,26,26,25,24,25,26,25,25,25,26,25,24,24,24,24,25,24,25,25,23,24,25,25,25,25,28,25,24,23,24,24,23,24,24,25,25,25,25,23,24,24,24,23,24,23,24,22,23,22,23,23,23,23,23,23,24,26,23,23,24,25,24,25,28,23,23,24,22,25,25,27,26,27,29,29,29,28,27,25,27,26,26,26,24,24,24,24,23,24,22
0.5,0.6,180,0,7,10,12,15,14,15,16,18,18,20,21,22,22,22,22,22,24,25,26,26,26,26,25,25,25,26,25,25,24,25,24,24,25,25,25,24,24,25,23,24,24,24,24,22,22,22,21,22,22,22,21,22,22,22,23,21,19,20,23,22,20,20,20,20,22,22,23,23,24,25,30,23,27,24,29,26,27,29,30,31,32,33,35,31,35,29,31,30,26,28,26,24,27,27,28,26,26,25,25,27,27,27,25,26,23,24,26,23
1.1,0.6,180,8,12,14,15,16,20,19,21,24,25,26,28,30,32,27,27,26,28,29,33,31,29,29,26,30,27,24,22,20,21,19,20,22,24,25,25,25,27,27,29,30,30,30,27,26,23,23,22,22,22,22,20,21,20,22,23,27,30,30,28,28,25,23,29,30,28,24,23,27,27,27,29,30,32,27,30,29,31,27,27,32,31,29,29,28,30,24,18,21,25,29,28,27,28,31,34,25,26,26,28,28,27,27,27,28,31,30,33,29
1.15,0.6,180,9,12,14,17,18,19,17,16,18,19,19,19,19,22,22,21,23,24,26,27,28,28,29,28,23,22,22,25,23,23,23,22,23,23,24,22,23,25,26,26,28,27,28,29,29,30,30,31,33,34,35,33,35,35,35,35,35,33,32,35,35,33,33,34,34,31,32,30,31,32,33,34,31,26,28,25,24,23,21,20,21,24,27,24,28,25,24,24,30,27,25,24,27,27,27,29,30,28,32,31,32,37,36,40,38,42,40,39,38
1.2,0.6,180,10,12,14,16,16,18,19,20,20,21,21,21,23,22,24,25,27,28,28,28,28,27,27,28,28,27,24,25,24,23,22,22,22,24,22,23,22,25,24,26,26,25,26,26,26,25,25,25,25,25,23,24,23,25,26,26,25,26,24,24,23,22,22,21,24,21,22,20,23,23,22,22,19,20,24,24,21,24,26,24,23,22,22,22,21,22,21,23,26,26,25,26,25,26,25,27,29,26,26,28,28,29,28,29,30,33,33,27,25
1.25,0.6,180,7,8,11,12,14,15,16,17,17,17,19,20,20,21,22,23,24,23,23,24,24,25,24,24,25,24,25,25,24,25,25,24,25,25,25,25,25,25,25,23,23,24,24,25,24,25,25,24,24,23,25,26,29,30,34,32,29,27,27,25,24,24,24,24,24,24,23,24,23,24,25,26,25,24,23,28,25,24,30,29,32,30,29,28,27,22,20,22,21,23,22,22,23,24,24,25,24,24,25,25,25,26,28,28,28,28,27,26,27
1.3,0.6,180,4,10,11,13,15,16,17,18,20,21,21,22,23,24,26,26,25,25,26,27,26,26,26,25,25,24,25,24,24,24,23,23,23,24,24,24,24,25,26,27,27,28,26,28,27,28,28,25,25,25,25,26,27,29,30,30,32,33,31,31,30,29,29,30,27,26,25,25,24,26,24,23,22,22,23,25,24,24,24,24,26,27,27,26,27,27,30,30,28,29,28,30,28,27,28,26,26,25,25,26,26,27,26,27,26,26,29,26,23
1.8,0.6,180,9,12,14,15,17,16,18,18,17,19,22,22,22,21,20,20,21,21,22,22,22,23,22,22,23,22,21,22,22,24,24,23,23,23,25,23,25,24,24,24,24,25,24,24,24,22,22,21,21,22,22,22,22,22,23,23,22,22,22,26,26,26,21,21,23,24,22,23,23,23,22,24,27,25,21,24,23,27,29,24,26,24,27,30,32,29,28,29,30,29,29,31,30,32,32,28,28,30,30,29,31,34,31,30,26,29,30,26,23
1.85,0.6,180,8,12,12,15,15,16,16,18,18,18,21,20,21,22,23,22,24,26,25,26,25,25,25,26,24,24,25,25,25,26,24,25,25,25,25,25,25,22,23,23,24,24,23,25,25,23,21,23,23,21,23,24,25,25,26,27,26,27,29,25,23,23,23,22,24,22,22,22,24,26,25,25,24,26,27,23,23,23,23,22,23,26,25,26,27,27,24,27,25,24,24,25,25,25,25,26,25,28,28,30,31,28,30,31,31,32,32,23,19
1.9,0.6,180,11,14,14,16,17,17,19,18,18,19,20,21,22,21,23,24,23,25,24,22,24,24,23,25,25,25,25,25,25,25,26,24,24,22,23,23,23,23,22,21,23,24,24,23,24,22,22,24,23,23,22,23,22,22,24,25,27,28,35,36,36,38,34,35,31,33,34,34,35,29,27,27,31,26,27,25,25,25,23,24,24,24,25,24,25,28,29,28,27,28,28,28,31,28,27,27,30,31,30,29,29,28,30,30,30,33,32,23,19
2.15,0.6,180,11,12,13,14,16,16,18,18,19,19,20,20,21,21,22,22,22,23,24,22,22,23,22,22,21,22,21,23,23,24,22,23,21,21,19,18,17,19,20,21,23,22,20,20,22,20,24,25,23,25,24,26,25,26,25,25,25,25,26,26,29,29,31,26,26,29,30,30,35,35,29,28,28,25,27,28,28,30,29,30,27,27,30,31,26,27,27,24,24,25,24,23,24,26,26,26,25,26,27,28,28,31,28,29,27,28,24,22,23
2.2,0.6,180,13,14,15,16,18,18,21,21,20,21,20,19,20,22,23,22,23,22,26,27,28,27,27,26,25,23,22,22,24,25,25,26,26,27,25,26,27,25,25,25,26,25,25,25,26,26,28,32,29,32,32,32,29,27,27,26,28,25,26,28,30,27,28,29,28,27,31,31,31,29,29,30,32,32,35,29,27,24,26,25,29,27,28,33,36,33,36,34,35,34,38,37,40,39,38,39,38,37,37,36,36,37,37,38,39,39,39,38,36
2.25,0.6,180,14,16,17,18,18,19,20,21,21,21,23,23,24,24,23,22,23,23,24,24,25,25,25,25,24,24,23,22,23,24,24,22,24,24,24,24,24,25,25,26,25,25,25,22,22,22,23,23,22,23,23,23,23,25,24,27,27,27,27,25,26,28,29,33,33,32,32,34,34,35,35,37,37,38,34,35,39,36,39,40,35,35,35,34,36,35,35,34,38,41,39,44,40,39,39,40,40,42,41,38,39,41,42,39,39,39,35,32,30
2.3,0.6,180,15,16,16,19,19,20,20,21,22,23,23,25,24,23,24,23,24,24,25,25,25,25,24,24,23,22,21,21,23,23,21,21,21,22,22,23,24,24,24,24,23,21,22,21,22,22,24,21,22,22,23,21,21,22,24,23,23,25,24,24,25,22,24,25,27,27,28,28,31,29,25,31,27,25,26,29,24,34,28,35,34,32,34,35,37,42,34,34,30,31,32,32,33,31,32,31,35,35,35,38,37,39,38,40,39,41,35,28,25
2.35,0.6,180,20,22,22,24,25,25,28,29,28,30,28,28,27,27,27,28,29,28,26,26,28,27,28,27,27,29,27,27,28,27,28,25,26,25,28,27,27,28,26,26,25,26,26,28,22,25,24,25,27,27,28,26,27,26,27,27,28,27,27,27,26,26,27,26,26,23,24,24,25,26,26,24,20,20,21,20,22,21,17,20,25,23,27,34,36,37,28,38,38,32,33,32,29,27,27,27,28,29,29,29,30,30,31,34,34,31,28,22,22
2.4,0.6,180,14,15,17,18,19,20,19,21,21,21,22,24,23,24,24,25,24,24,24,25,24,24,25,26,25,26,26,24,26,24,22,21,22,22,22,21,23,23,22,24,24,23,22,22,22,22,23,23,23,23,21,20,21,22,19,18,19,20,22,22,22,23,24,24,23,23,24,22,21,23,23,24,24,23,22,22,22,22,20,22,21,22,22,19,20,22,22,22,22,23,23,25,25,25,25,26,29,26,25,26,27,28,28,27,28,28,24,19,16
2.45,0.6,180,15,16,18,18,19,20,20,22,23,24,22,23,21,24,23,23,23,23,23,23,23,26,23,23,23,22,20,20,20,22,21,22,21,19,21,22,24,26,27,30,33,31,23,21,20,20,21,21,22,24,25,23,23,23,23,22,22,20,21,19,20,20,19,21,21,21,20,22,22,20,20,19,20,18,18,18,19,20,21,20,21,20,20,20,20,19,21,21,21,24,27,30,31,31,30,32,30,31,31,32,32,29,26,25,25,25,21,16,13
2.5,0.6,180,13,15,16,17,18,18,21,22,23,24,26,26,28,30,32,30,27,25,26,25,25,24,24,24,24,24,23,25,24,23,22,23,22,22,23,22,20,20,22,21,23,24,23,22,21,22,21,22,20,21,18,19,20,21,21,21,21,21,20,21,21,22,21,20,20,20,20,21,23,23,23,22,22,22,22,22,22,21,21,22,22,25,26,27,29,28,32,35,37,38,37,32,34,31,33,32,30,30,30,29,28,30,32,38,35,38,36,30,27
2.55,0.6,180,14,16,16,17,18,19,20,21,22,24,26,28,30,31,33,35,37,38,38,36,34,33,32,31,28,27,28,26,26,25,25,23,24,22,23,24,24,24,23,24,23,24,22,22,23,23,22,21,21,22,23,23,23,22,23,21,21,21,21,22,20,21,20,20,20,21,21,22,23,23,23,22,24,24,23,22,25,21,22,21,22,22,22,22,22,22,23,23,24,23,26,24,23,24,24,24,25,26,26,26,26,24,25,26,28,28,27,24,20
2.6,0.6,180,14,15,16,17,18,18,19,20,20,19,20,20,21,21,22,22,23,22,21,22,21,21,21,21,21,20,21,20,21,21,21,20,19,19,19,21,21,21,20,20,19,20,20,19,19,19,18,18,19,21,20,20,20,19,19,19,19,20,20,20,18,18,19,20,21,21,22,21,23,25,26,29,30,29,26,22,20,20,21,19,19,19,18,20,20,20,20,18,19,18,18,18,19,19,20,20,22,22,26,27,28,27,27,28,28,29,25,20,18
2.65,0.6,180,14,15,16,17,18,17,19,19,19,21,21,22,22,23,24,23,24,24,24,23,25,23,22,22,22,22,23,25,23,24,22,22,22,22,21,22,21,21,20,21,22,23,22,23,21,21,21,21,21,20,20,19,20,21,22,22,22,22,21,21,22,22,22,21,21,22,22,21,22,23,24,24,24,22,22,22,22,20,18,19,19,20,21,20,20,21,21,21,22,22,21,22,22,22,24,22,22,22,21,21,21,21,22,22,22,22,23,18,13
2.7,0.6,180,12,15,16,16,18,18,19,19,20,21,21,20,21,20,21,22,23,24,24,24,26,24,24,25,23,24,23,24,23,24,24,25,24,25,23,24,23,23,22,21,20,21,20,22,23,23,23,24,24,22,22,23,21,22,20,21,21,22,22,22,22,22,22,23,23,22,18,19,20,22,23,23,23,23,23,23,21,22,22,22,20,21,19,20,20,21,22,20,21,20,21,22,21,22,23,23,23,24,25,25,24,24,25,26,26,25,24,17,13
2.75,0.6,180,14,15,16,18,17,17,18,19,19,20,21,22,21,22,22,23,23,24,24,24,26,25,25,23,24,24,23,25,24,23,23,23,23,22,22,23,22,23,23,22,22,22,22,23,23,23,22,21,21,21,23,22,23,21,22,21,22,22,23,22,23,23,22,22,21,21,21,20,20,21,21,20,20,19,19,20,18,18,17,18,21,23,26,29,30,30,31,30,30,29,29,30,31,30,28,29,26,25,25,25,25,24,24,24,25,29,27,25,27
2.8,0.6,180,4,6,8,10,12,12,13,14,15,16,16,17,18,20,20,21,22,23,26,26,25,25,24,26,26,26,26,26,24,24,24,25,25,24,24,26,24,24,24,23,23,24,24,23,25,27,26,27,28,28,27,32,38,27,27,24,26,27,25,25,24,22,24,21,23,24,28,28,26,27,27,26,26,26,25,27,24,25,21,23,24,22,22,22,22,25,24,29,31,24,25,26,23,25,25,25,27,27,25,29,29,29,31,36,36,37,37,34,27
2.85,0.6,180,12,13,15,17,18,18,20,20,21,21,20,22,23,25,24,25,26,26,27,27,27,28,29,28,27,27,28,28,27,27,27,26,27,29,29,29,30,28,27,26,27,25,28,26,26,26,27,26,26,26,26,26,25,24,26,22,22,22,24,23,24,23,25,24,22,24,24,23,24,24,22,23,23,24,24,25,27,25,25,24,26,26,25,26,25,27,28,26,26,27,29,30,33,35,35,33,31,32,31,31,32,30,31,32,31,32,31,27,22
2.9,0.6,180,13,15,16,16,17,18,18,20,20,22,22,22,24,24,25,25,26,26,25,25,25,26,26,27,27,26,27,26,26,26,25,25,25,23,24,25,24,25,23,24,23,25,23,22,22,23,24,23,24,25,26,27,27,28,30,30,29,30,31,30,32,31,28,28,24,24,25,23,23,22,21,23,23,23,25,24,24,24,25,25,26,25,25,24,23,22,23,25,21,22,22,23,24,23,24,23,22,24,24,27,28,28,29,31,30,32,30,23,19
2.95,0.6,180,12,13,15,15,17,18,17,19,19,21,21,21,22,24,24,23,23,24,24,27,27,27,29,29,26,26,27,27,26,23,24,23,22,23,24,24,24,23,22,22,24,24,23,24,24,24,22,22,24,23,23,22,22,22,22,21,22,22,23,24,23,24,24,24,26,26,27,27,25,25,26,26,27,31,29,27,21,22,22,20,20,21,21,23,20,21,22,20,21,21,23,24,25,28,29,28,25,25,24,26,26,30,28,29,28,29,30,25,20
3,0.6,180,11,14,16,17,17,18,19,19,20,20,21,21,23,24,26,26,27,31,32,28,29,28,28,23,23,22,23,21,22,20,21,22,22,22,22,22,22,22,23,23,21,22,23,21,22,22,22,22,22,21,20,21,21,22,23,20,20,21,22,23,24,24,25,26,21,21,19,20,18,19,19,19,20,20,20,19,19,18,18,18,18,18,18,18,18,19,20,19,19,19,19,20,21,23,21,22,27,27,24,24,25,26,27,29,31,28,26,21,15
3.05,0.6,180,12,16,15,16,16,18,18,19,18,19,20,21,21,22,22,23,24,24,23,23,23,23,23,22,22,21,22,23,22,21,20,20,22,22,21,22,22,20,21,21,21,21,21,21,22,20,21,22,22,22,22,21,21,20,21,21,23,21,21,21,19,21,21,21,21,20,20,20,20,21,21,20,19,19,20,21,21,21,21,21,20,20,19,19,19,18,18,18,18,18,19,19,20,21,22,22,22,23,23,25,25,26,26,25,25,25,23,16,14
3.1,0.6,180,11,13,16,16,17,17,17,17,19,20,19,20,20,20,21,22,21,22,22,22,22,22,22,22,22,21,22,23,23,21,21,22,22,21,20,21,20,21,21,21,21,21,20,20,21,21,22,22,21,21,20,20,20,22,21,21,22,21,20,20,22,21,21,19,19,20,20,20,20,21,20,22,25,20,20,20,19,19,17,19,20,20,20,19,19,19,19,20,19,19,20,19,21,21,20,20,20,19,20,22,23,24,24,23,25,23,24,22,16
3.15,0.6,180,12,14,15,16,17,17,18,18,19,19,20,21,21,21,21,22,22,22,21,22,22,23,24,24,22,22,22,23,23,22,22,21,21,21,21,20,20,19,20,21,21,19,20,21,20,20,20,21,20,19,19,21,20,21,20,20,20,21,20,20,20,19,19,18,20,20,22,22,21,19,19,20,21,22,21,22,23,22,22,22,24,23,23,24,22,22,23,22,23,28,25,23,24,21,22,22,23,26,26,28,26,25,24,27,27,27,31,22,19
3.2,0.6,180,14,16,17,18,18,20,20,21,22,22,23,23,23,24,23,24,24,25,25,24,23,24,24,25,25,25,25,25,24,24,24,24,24,24,23,23,23,23,23,23,24,23,23,23,22,22,22,22,22,24,23,23,23,24,24,22,23,23,23,24,24,24,23,23,23,23,25,25,25,25,24,23,24,24,24,23,22,22,21,22,23,22,23,24,23,25,24,24,24,23,25,27,27,25,24,26,33,28,26,27,29,35,30,30,31,28,26,23,18
3.25,0.6,180,12,15,17,17,18,19,20,21,21,22,22,23,22,24,23,23,24,25,26,26,26,26,26,25,26,27,27,26,27,27,27,26,25,25,26,27,26,25,24,24,26,25,26,27,26,25,26,25,25,24,24,25,25,26,27,27,28,25,23,25,24,24,26,30,32,32,31,32,33,31,33,33,31,29,28,31,36,33,32,34,34,37,36,30,26,25,25,25,27,26,28,26,26,26,27,28,28,27,29,26,27,26,29,29,28,29,32,28,25
3.3,0.6,180,11,12,14,15,16,17,18,18,19,20,20,21,22,22,23,23,25,26,25,27,28,26,26,25,26,25,25,25,26,25,25,25,26,27,27,26,26,26,26,26,26,24,26,26,26,27,28,28,28,28,27,26,27,27,27,27,27,27,25,26,24,25,25,27,24,27,27,28,30,31,33,34,33,35,38,37,37,38,33,31,33,31,32,33,30,30,36,35,40,38,32,39,42,44,42,44,34,47,46,54,42,54,40,42,42,43,44,42,36
3.35,0.6,180,13,14,15,16,17,18,19,20,20,20,21,23,22,24,24,27,27,28,28,30,32,34,33,35,36,37,38,39,39,29,30,28,29,29,33,29,28,28,28,29,28,29,29,29,29,31,27,27,27,26,25,26,28,27,26,27,27,27,28,27,28,28,28,29,27,30,30,29,32,34,34,36,39,44,47,43,39,40,36,32,32,31,32,31,32,31,31,31,32,30,31,31,31,31,31,34,34,31,30,30,30,30,31,30,34,34,33,25,21
3.4,0.6,180,9,12,15,16,18,18,19,18,19,22,22,22,23,24,26,28,28,30,29,29,30,30,30,30,30,29,30,30,33,31,31,32,31,32,33,34,32,31,30,31,30,32,32,33,32,34,32,30,31,29,29,30,31,29,30,31,30,29,29,30,30,30,27,0,0,0,0,0,0,0,0,0,0,0,0,0,0,0,0,0,0,0,0,0,0,0,0,0,0,0,0,0,0,0,0,0,0,0,0,0,0,0,0,0,0,0,0,0,0
0.05,0.65,180,8,11,13,14,14,17,18,16,16,17,16,17,17,20,19,19,21,22,23,23,22,24,23,24,24,24,22,22,22,23,25,25,27,29,25,26,24,28,31,28,23,24,27,31,30,28,27,25,26,25,23,25,23,22,25,25,28,30,29,27,29,30,31,32,31,32,31,32,33,34,34,35,35,34,36,34,39,39,35,32,35,35,33,36,31,27,28,25,30,27,29,32,40,40,40,37,35,38,38,39,35,37,38,33,34,33,34,28,22
0.1,0.65,180,0,7,10,12,12,14,16,17,17,17,18,18,20,24,25,27,30,31,29,25,25,24,26,25,25,25,23,23,24,28,28,26,28,28,27,23,22,24,21,20,21,23,25,34,32,29,30,22,22,21,22,23,22,21,21,30,22,23,22,22,24,24,25,25,25,26,27,25,23,26,25,24,27,27,25,26,27,26,28,26,21,21,21,22,21,21,23,22,23,23,24,24,24,24,24,28,27,27,28,29,31,30,30,29,28,27,28,30,32
0.15,0.65,180,1,10,13,13,14,13,15,16,18,18,19,20,20,19,22,22,22,23,22,24,22,21,21,22,22,22,21,19,20,21,21,22,21,20,20,21,22,21,19,19,19,19,21,21,22,24,25,25,22,22,24,25,24,23,24,22,22,21,20,21,21,20,20,20,19,20,18,17,17,19,18,19,25,23,21,22,29,30,33,28,22,26,23,22,23,23,24,24,25,25,25,27,28,27,26,26,27,25,26,26,27,25,27,28,27,28,29,31,25
0.2,0.65,180,0,6,10,11,14,16,17,18,20,21,21,23,22,23,23,21,20,21,21,22,23,22,24,24,24,21,21,22,22,22,23,22,23,23,23,22,22,23,23,22,21,22,23,22,22,22,20,21,22,22,20,20,20,20,21,21,19,18,19,19,20,21,21,20,20,20,20,21,22,22,18,19,20,21,22,23,26,28,29,32,33,34,36,38,39,36,32,37,36,33,30,33,33,35,36,35,38,37,39,36,37,36,40,40,39,38,38,39,36
0.25,0.65,180,7,7,9,11,13,14,16,17,17,18,20,21,22,24,24,25,24,25,25,26,28,29,28,26,28,29,30,28,29,29,29,30,29,28,28,27,25,24,26,24,23,23,22,23,22,21,23,24,25,26,23,24,26,25,27,27,26,25,27,29,28,27,26,23,23,21,22,23,21,22,22,21,21,20,21,22,21,21,22,22,24,26,26,27,28,29,26,25,22,22,19,20,20,19,19,20,19,19,19,20,19,22,21,22,22,23,23,25,21
0.3,0.65,180,0,7,13,15,14,13,16,16,17,17,18,20,21,21,21,21,22,23,22,24,24,23,27,27,29,26,24,24,25,23,23,22,22,22,22,22,21,20,21,23,21,21,21,21,21,22,22,21,22,20,20,21,21,19,18,18,18,20,20,19,19,17,18,18,18,17,18,18,17,18,18,20,18,19,18,19,19,18,18,19,19,19,20,19,20,21,22,22,22,20,19,19,19,18,18,19,19,21,19,20,19,20,21,21,21,22,23,23,19
0.35,0.65,180,0,5,8,11,12,13,14,17,17,16,18,18,19,20,20,20,20,21,22,23,22,24,23,23,23,22,23,22,23,22,22,21,21,21,23,22,23,22,21,22,22,21,22,21,20,20,20,21,22,22,22,21,20,21,22,22,22,21,21,20,20,21,22,20,19,19,19,19,18,19,19,18,18,19,19,20,19,19,18,19,19,19,19,20,20,20,19,19,20,20,20,20,18,19,20,20,21,21,21,22,22,22,23,23,23,23,23,24,27
0.4,0.65,180,0,5,8,11,12,13,16,20,19,18,18,18,19,20,21,22,24,24,24,24,24,23,22,23,23,24,25,25,25,24,24,24,23,22,22,23,23,25,23,24,22,23,23,22,24,28,27,27,26,27,28,28,29,30,30,32,30,32,31,33,34,34,31,30,27,27,27,27,26,24,21,21,21,23,21,20,20,19,20,20,20,19,19,19,19,20,21,19,21,20,21,21,21,22,22,24,24,25,25,26,27,27,28,29,33,28,29,33,30
0.45,0.65,180,0,8,11,12,13,14,14,17,17,18,20,22,21,22,23,23,25,25,26,26,25,25,25,26,25,26,25,26,25,24,26,24,25,25,26,26,27,26,26,26,26,26,26,25,25,25,25,25,24,25,24,25,25,25,25,25,27,26,25,25,24,25,25,25,26,26,26,26,26,27,26,24,25,27,25,24,23,22,22,24,22,24,24,22,23,22,22,22,22,24,23,26,26,26,27,27,29,31,29,29,30,30,35,31,30,30,31,33,33
0.5,0.65,180,0,6,9,11,16,19,22,21,19,20,22,23,24,24,25,24,25,24,24,24,24,25,25,26,24,25,27,24,25,24,25,26,24,24,26,26,26,26,26,26,27,26,27,26,26,26,28,28,28,28,29,29,29,31,28,28,26,25,26,23,23,22,24,24,25,24,25,26,23,23,23,24,24,25,25,26,24,23,24,24,25,25,25,24,26,25,27,28,28,25,27,29,30,29,30,29,29,30,31,31,32,32,32,31,32,32,32,33,31
1.1,0.65,180,0,9,12,14,16,17,17,18,17,16,19,21,21,21,20,20,23,24,24,24,22,24,24,25,24,24,25,25,24,22,25,22,20,19,22,20,21,22,21,21,20,20,20,20,18,19,18,18,19,18,19,19,18,18,20,17,17,17,16,18,19,19,19,20,19,17,18,18,18,17,18,15,18,18,17,20,19,20,19,19,19,21,19,20,20,22,21,21,22,23,21,22,22,23,24,25,24,26,26,26,26,27,28,28,26,26,28,29,27
1.15,0.65,180,5,10,12,13,13,15,16,19,18,19,20,21,21,22,22,22,22,22,23,24,23,22,22,24,25,22,24,23,24,23,23,22,22,21,23,23,19,20,20,21,23,23,22,23,22,22,21,21,20,19,19,20,20,21,22,22,19,19,19,20,18,18,19,20,22,24,23,20,21,20,20,21,20,21,24,22,22,21,23,23,22,21,22,20,21,23,24,23,24,22,19,21,19,24,25,29,30,31,30,31,27,28,29,28,28,28,28,28,23
1.2,0.65,180,6,11,14,16,15,17,17,19,20,22,22,23,24,24,25,24,23,23,24,25,25,26,25,27,26,24,25,25,25,24,25,24,25,25,24,23,23,22,23,23,25,24,24,24,23,22,23,24,23,22,22,23,20,22,34,21,21,21,24,24,24,24,21,21,22,31,22,23,24,25,25,24,24,24,23,23,23,22,22,23,24,24,24,24,22,23,22,23,22,21,22,22,24,28,24,25,25,25,26,27,27,27,25,27,28,28,29,30,26
1.25,0.65,180,0,7,10,13,14,15,16,17,18,19,21,22,21,23,23,23,22,23,23,24,25,26,27,27,25,26,26,26,26,27,28,25,25,26,25,25,25,26,25,26,25,26,26,25,23,24,25,27,26,26,28,29,28,28,29,28,27,27,26,25,25,26,27,27,28,28,29,29,29,29,29,28,28,26,26,27,27,25,26,29,27,27,26,28,28,30,28,27,27,26,24,24,24,23,24,24,26,23,26,26,25,25,26,27,27,27,27,27,27
1.3,0.65,180,0,8,11,14,14,17,15,17,18,19,20,22,22,22,22,22,23,23,24,24,26,26,28,26,25,24,24,26,27,26,26,25,25,24,25,25,25,25,25,25,25,25,27,26,27,27,27,25,25,26,25,26,28,29,28,29,28,27,26,26,28,26,26,27,28,28,29,28,27,27,28,29,29,28,25,26,25,27,27,28,27,28,28,28,29,31,32,31,31,31,32,30,28,30,32,29,31,30,32,34,30,30,31,31,32,32,33,33,31
1.8,0.65,180,3,11,14,16,12,13,16,17,18,18,18,18,18,19,21,21,21,23,23,22,23,22,21,21,23,24,24,25,24,26,26,22,23,25,23,23,22,22,22,23,24,23,21,21,23,22,20,19,21,21,20,21,21,24,25,19,20,23,21,23,20,17,16,18,19,18,18,19,23,21,22,17,16,19,21,18,18,19,21,22,21,23,25,25,25,23,19,18,19,20,21,22,27,26,24,25,27,28,28,28,28,30,30,30,30,32,33,33,34
1.85,0.65,180,8,12,15,15,15,17,19,18,18,19,19,19,21,22,22,23,24,22,23,23,23,24,25,24,24,26,24,24,24,25,24,26,25,26,24,24,24,24,23,26,24,24,24,24,24,23,22,21,22,19,19,19,22,23,24,24,23,26,22,25,23,21,22,22,23,21,26,33,29,25,24,24,26,24,24,24,24,23,25,22,21,22,22,23,23,22,23,22,31,27,31,30,29,29,30,30,29,25,23,23,25,26,25,26,24,28,29,25,24
1.9,0.65,180,10,13,16,17,17,19,20,21,21,22,23,24,25,25,25,24,26,25,25,24,23,24,23,24,24,24,25,26,25,26,25,25,23,25,24,25,26,25,26,27,28,27,28,27,25,25,26,26,27,26,25,26,25,26,26,27,27,27,29,27,26,25,27,27,26,27,27,27,27,28,28,29,29,26,26,25,25,25,23,27,24,25,25,27,27,29,29,31,33,32,33,33,32,32,33,34,32,42,42,42,38,37,40,38,36,37,36,34,25
2.15,0.65,180,14,14,17,17,18,18,20,19,19,20,21,22,22,22,22,23,23,24,26,25,25,28,27,26,25,25,27,28,25,22,23,22,22,21,22,22,21,22,21,27,23,22,22,24,26,26,25,24,21,19,20,23,22,22,22,25,27,29,25,23,29,26,28,27,21,19,20,21,22,23,24,23,28,25,22,25,25,23,25,26,25,27,28,27,26,25,25,28,22,22,23,24,24,24,23,25,25,24,25,25,25,26,28,28,28,32,32,30,26
2.2,0.65,180,10,13,16,16,18,17,17,18,19,19,20,19,20,21,21,21,22,26,29,23,24,25,22,23,23,23,23,22,24,23,22,24,23,24,25,24,24,24,23,23,24,22,22,22,22,24,23,23,26,25,26,29,29,28,27,26,26,27,25,25,25,26,24,24,25,24,25,24,26,27,27,28,27,25,26,22,25,23,21,23,23,23,24,25,27,29,28,29,29,30,32,35,35,37,38,37,39,38,40,39,41,42,41,43,43,44,42,40,36
2.25,0.65,180,13,14,14,19,17,20,20,21,20,22,21,23,24,23,25,24,24,24,23,25,24,24,24,25,24,23,24,25,24,23,24,24,24,24,25,26,25,24,25,25,23,24,24,24,24,23,21,23,24,24,24,25,24,24,24,23,22,22,21,22,24,27,25,25,26,25,25,24,24,24,25,25,26,25,24,25,24,24,27,24,28,25,33,30,29,27,31,34,33,33,34,33,32,33,34,34,33,33,34,34,34,31,27,25,26,28,27,24,22
2.3,0.65,180,11,12,14,14,15,17,17,18,19,20,21,22,22,22,24,23,22,23,24,24,25,25,27,25,26,24,25,24,24,24,24,22,23,23,24,24,24,26,24,25,23,23,23,22,25,26,24,23,25,25,25,29,30,30,24,26,26,27,30,25,25,26,30,28,28,28,30,28,29,27,31,27,27,30,27,28,31,33,34,34,36,38,40,40,35,38,29,30,27,27,26,27,27,28,28,30,28,29,32,31,31,29,29,32,31,32,27,25,24
2.35,0.65,180,11,14,15,16,18,19,20,20,21,22,24,24,22,23,25,24,25,24,25,25,26,25,25,24,24,23,24,24,24,24,23,23,22,23,23,25,26,22,23,23,23,21,22,23,24,26,24,25,26,27,27,25,26,25,25,25,25,27,27,24,24,27,30,28,28,28,30,29,29,28,27,31,28,36,32,34,28,27,27,25,25,25,23,25,26,26,28,30,30,33,30,29,31,31,33,34,28,31,30,30,30,34,35,37,34,35,33,27,22
2.4,0.65,180,13,15,16,18,18,20,21,21,23,23,23,25,24,25,27,27,27,27,27,25,26,25,26,26,27,28,26,27,25,25,24,25,24,25,23,25,25,24,25,23,23,23,23,23,23,24,26,23,23,23,24,24,26,26,26,32,29,31,26,31,31,36,29,29,31,33,32,33,34,37,37,34,28,24,26,23,23,23,23,24,27,29,30,24,26,27,34,29,31,36,33,34,37,33,33,36,39,35,36,32,34,35,36,36,36,36,35,31,28
2.45,0.65,180,14,16,18,18,20,20,20,21,22,24,24,23,25,27,27,28,29,28,26,26,26,26,26,26,27,26,26,28,28,27,29,28,28,28,28,25,24,24,22,23,24,29,24,21,22,22,22,22,20,20,22,21,22,22,21,21,21,22,20,21,20,21,22,22,22,23,23,25,24,24,25,24,27,24,25,24,25,24,23,23,21,22,24,21,22,23,23,23,26,27,25,25,24,26,26,26,26,25,25,25,25,27,31,30,29,30,27,24,16
2.5,0.65,180,12,15,15,16,16,17,18,19,20,20,22,22,23,23,24,23,24,23,23,23,23,22,21,23,23,23,23,22,22,23,21,22,23,22,22,22,19,21,22,21,22,21,21,20,22,20,21,22,21,20,20,21,21,20,21,21,19,20,21,19,19,18,17,17,17,18,17,19,19,19,20,20,20,22,20,21,24,26,31,33,35,30,29,29,28,30,29,31,32,34,34,35,32,34,32,33,36,34,29,27,29,28,29,29,27,28,30,24,21
2.55,0.65,180,13,15,16,17,18,18,19,20,22,22,22,23,21,23,23,24,25,23,24,23,21,22,22,23,23,23,23,23,23,22,20,20,21,19,20,20,22,22,22,21,21,22,21,22,22,20,19,20,20,21,20,20,20,19,19,21,26,20,20,20,19,20,20,20,20,20,20,19,20,20,19,20,20,18,18,19,20,19,19,18,18,19,19,19,19,18,19,20,19,19,19,19,22,24,24,23,24,23,24,25,26,27,27,28,29,29,29,26,23
2.6,0.65,180,13,14,16,16,17,19,18,19,20,21,21,21,22,21,23,23,23,23,23,23,22,23,21,20,21,22,22,22,21,22,20,21,23,23,24,24,25,20,20,21,20,20,20,20,20,21,20,19,19,18,19,20,20,20,20,20,20,19,19,20,19,19,20,18,19,19,20,20,21,20,19,19,20,19,18,19,17,17,19,18,19,19,19,19,19,20,19,20,19,20,19,18,20,19,23,24,25,26,28,28,29,30,31,30,30,33,32,25,19
2.65,0.65,180,10,12,14,15,16,16,18,18,20,21,22,22,22,21,22,21,23,24,24,24,23,22,22,21,22,20,22,22,20,21,22,22,22,21,20,21,21,21,20,19,19,20,20,20,20,21,20,19,19,20,20,20,19,19,18,19,20,21,20,20,20,20,20,20,20,19,20,19,19,19,20,21,20,20,20,19,20,18,18,18,18,18,17,19,20,20,20,20,20,18,18,18,19,20,17,19,20,20,25,25,26,26,27,27,29,29,28,23,18
2.7,0.65,180,10,13,14,15,16,16,18,18,19,18,19,20,19,20,21,22,23,23,23,23,23,23,22,23,22,23,23,22,21,22,22,22,21,22,21,22,21,20,20,21,21,20,22,21,22,21,21,20,20,21,21,21,19,19,20,20,22,21,21,21,21,21,21,21,21,22,21,21,20,21,23,23,23,22,21,21,21,22,23,21,21,21,20,18,20,19,20,20,20,21,20,21,22,23,22,24,24,24,24,23,23,25,26,26,27,25,27,22,17
2.75,0.65,180,11,15,16,17,17,19,18,19,19,20,20,21,21,22,23,23,23,24,24,22,24,24,24,23,24,23,23,24,23,24,24,25,24,24,24,24,24,23,25,25,26,25,26,25,23,23,23,22,22,20,20,21,21,21,22,23,22,23,21,21,22,21,22,23,22,22,22,21,22,23,23,24,24,23,24,24,24,24,23,24,23,24,24,24,23,23,21,20,20,25,23,23,23,22,22,21,23,24,23,24,24,25,25,27,26,27,26,22,18
2.8,0.65,180,13,15,18,18,19,18,20,20,20,22,21,20,21,22,23,24,23,25,25,25,25,25,23,25,23,25,25,22,22,23,24,24,23,25,24,25,23,24,23,23,24,24,23,22,24,23,24,24,22,23,22,24,23,24,23,23,22,23,23,23,23,23,22,23,23,22,23,24,24,22,20,22,22,22,23,21,23,25,24,24,23,21,23,23,26,28,29,30,29,26,26,26,26,29,29,26,22,23,24,24,26,26,25,28,30,31,32,35,30
2.85,0.65,180,11,13,16,16,18,18,19,20,21,22,23,25,24,26,26,26,25,27,27,27,25,26,26,28,27,28,26,27,26,27,28,27,25,24,26,25,26,27,27,26,24,24,24,24,23,23,24,24,24,30,30,30,30,31,29,30,29,27,28,30,29,27,29,31,30,28,25,27,29,27,25,27,26,27,25,24,24,27,26,27,30,32,31,30,31,31,31,28,28,29,27,28,29,29,30,34,37,34,37,35,36,37,34,35,35,34,34,30,25
2.9,0.65,180,12,14,16,16,18,18,19,20,21,22,23,24,25,25,26,25,25,25,25,25,25,25,26,27,28,28,28,27,26,25,25,26,26,25,25,25,25,26,26,27,26,28,28,27,26,25,26,27,26,28,27,27,26,26,26,27,26,26,38,28,29,31,31,30,35,33,34,36,36,39,38,39,39,40,39,41,42,37,35,33,32,32,32,33,35,34,35,38,35,35,34,39,38,38,37,33,36,41,39,34,37,36,35,35,39,37,37,30,26
2.95,0.65,180,8,12,14,15,16,19,18,20,21,22,22,22,24,24,25,26,25,25,25,26,26,26,26,26,26,26,27,25,25,25,25,26,27,25,26,26,25,24,25,25,24,24,25,25,24,22,24,24,24,23,24,22,24,23,22,22,22,23,23,23,23,23,24,26,24,24,24,25,24,23,22,21,21,22,23,22,22,23,21,23,22,23,23,23,24,24,22,22,25,24,24,22,24,25,25,25,26,26,28,28,28,27,27,29,31,33,31,29,22
3,0.65,180,11,13,14,17,18,18,18,21,19,21,22,22,23,24,24,24,24,24,24,24,25,26,26,25,26,26,25,24,23,23,25,24,23,23,23,23,22,23,24,22,23,22,21,21,21,22,22,23,24,23,24,23,23,22,23,23,23,23,21,22,22,22,24,24,24,23,21,22,20,22,24,27,26,23,21,22,23,25,24,23,22,23,22,23,22,21,21,21,20,22,22,26,25,27,27,27,28,27,27,28,29,30,31,32,31,31,32,30,22
3.05,0.65,180,10,14,16,16,17,18,18,19,19,20,21,20,22,21,21,22,24,24,24,24,23,24,24,23,23,24,23,22,22,21,22,21,21,23,22,22,22,22,22,21,22,21,22,20,20,20,19,21,20,20,21,22,21,21,21,21,21,21,22,23,22,21,20,20,20,21,20,21,20,19,19,20,19,19,20,19,19,20,20,21,21,21,20,20,18,20,20,21,21,21,20,20,21,21,21,21,21,22,22,23,23,23,23,23,25,24,24,21,16
3.1,0.65,180,8,12,13,15,16,16,16,18,18,19,20,21,20,21,21,22,22,23,22,23,22,22,22,22,21,22,22,22,23,22,20,22,21,21,21,20,20,20,20,20,20,20,20,21,21,21,22,21,20,19,20,21,21,20,22,20,20,20,20,21,20,20,22,19,19,20,20,21,20,22,22,22,23,24,24,24,21,20,19,19,19,19,20,18,19,20,19,20,20,21,20,21,19,19,19,19,19,21,21,20,21,22,23,24,23,25,25,24,20
3.15,0.65,180,11,14,16,17,16,17,19,19,19,20,21,21,20,21,22,22,22,22,22,23,24,23,21,22,23,23,22,22,24,22,23,22,21,21,20,21,22,22,22,22,21,21,23,22,21,21,20,21,21,21,22,21,20,21,20,20,21,22,21,21,21,22,21,21,21,20,21,20,20,20,21,21,21,20,19,21,21,22,21,22,24,23,25,24,20,21,22,22,22,24,24,23,21,22,21,21,21,22,22,23,24,24,25,24,25,24,25,25,21
3.2,0.65,180,13,16,16,18,18,19,19,20,20,20,22,21,22,23,22,22,23,22,23,23,24,23,23,22,24,24,23,24,23,23,23,22,21,22,22,22,21,23,22,22,22,21,22,21,22,23,22,21,20,21,31,22,22,22,23,23,23,23,24,22,21,22,22,23,24,24,25,24,24,24,22,23,22,23,21,22,20,21,22,22,23,23,24,24,22,23,23,24,23,23,24,25,25,24,24,24,25,25,25,26,26,26,26,26,26,27,27,26,23
3.25,0.65,180,10,15,18,18,18,20,19,20,21,21,19,21,22,22,24,24,26,26,25,26,27,26,27,26,26,26,26,26,25,27,26,26,26,26,26,24,24,25,24,25,24,24,24,24,25,24,24,24,23,23,25,24,23,26,24,24,24,25,25,24,24,24,24,21,20,22,22,23,23,24,25,24,25,27,27,28,26,26,25,25,23,24,23,23,23,24,25,26,26,27,28,26,27,27,27,27,25,25,26,25,26,27,26,27,27,28,27,28,24
3.3,0.65,180,10,13,15,16,17,19,19,20,20,21,22,22,23,24,25,25,26,26,26,27,27,27,27,28,27,27,29,27,27,26,26,27,27,28,27,26,26,26,27,27,26,27,28,29,27,28,28,26,27,27,26,27,28,28,28,29,29,28,29,29,29,29,28,28,25,26,26,27,29,28,29,29,33,31,31,31,29,29,31,29,30,31,31,32,32,37,39,37,37,35,36,47,38,43,42,44,46,47,48,48,45,44,49,51,58,55,58,61,41
3.35,0.65,180,11,14,16,18,18,19,21,21,23,21,21,21,21,23,24,25,26,26,29,28,28,30,30,31,29,31,30,28,29,28,27,28,26,29,27,26,28,27,28,27,28,26,26,27,28,28,27,26,26,26,27,25,26,26,27,26,27,27,27,28,27,26,27,26,27,29,33,33,31,27,29,30,30,30,27,26,31,30,35,37,32,30,32,32,29,30,29,30,29,29,28,30,30,28,30,35,28,30,29,30,32,32,32,31,34,33,32,31,25
3.4,0.65,180,10,15,17,18,18,20,21,22,24,26,26,28,29,30,31,33,33,35,38,38,38,30,32,30,31,31,32,31,33,33,33,34,33,33,33,33,32,30,31,30,30,32,32,32,30,32,33,33,34,33,32,29,34,30,30,30,30,30,30,35,30,30,29,25,0,0,0,0,0,0,0,0,0,0,0,0,0,0,0,0,0,0,0,0,0,0,0,0,0,0,0,0,0,0,0,0,0,0,0,0,0,0,0,0,0,0,0,0,0
0.05,0.7,180,9,11,14,15,14,16,16,16,16,17,17,18,18,20,21,21,22,23,22,21,20,21,22,23,23,24,27,26,24,23,24,22,24,25,26,27,30,28,30,30,34,27,22,22,23,23,22,25,25,25,23,26,23,24,25,26,22,23,23,24,26,28,30,30,22,19,19,20,20,23,24,22,20,22,23,21,20,18,18,17,20,22,24,24,26,27,23,22,23,26,26,30,28,28,27,26,27,26,28,27,26,27,28,28,28,34,30,26,22
0.1,0.7,180,4,9,11,12,13,14,16,21,19,18,19,19,19,20,20,21,21,22,22,23,24,23,24,23,23,22,22,22,21,22,23,24,23,24,23,22,22,22,22,22,23,21,22,23,22,27,27,28,26,28,29,31,31,32,32,34,33,37,35,37,37,34,33,34,31,34,30,32,32,30,32,34,35,34,35,35,35,33,35,38,37,31,33,33,34,34,32,33,34,32,31,30,31,30,34,40,35,31,32,32,33,33,33,39,31,30,29,30,23
0.15,0.7,180,5,9,10,13,14,14,16,16,17,19,21,20,20,21,21,22,22,23,24,23,22,23,22,23,24,25,24,24,22,22,22,22,22,22,24,23,24,23,21,23,23,22,23,23,25,22,22,23,23,21,24,23,23,23,25,25,25,24,26,25,25,25,23,24,23,22,24,24,27,23,25,27,22,22,24,24,23,24,21,21,22,23,24,25,28,27,24,27,29,31,32,32,34,33,34,36,38,35,36,36,35,38,35,35,33,29,28,27,23
0.2,0.7,180,0,8,10,14,17,17,20,20,22,23,24,25,20,20,21,22,22,22,24,22,24,23,25,24,25,24,24,23,24,23,23,22,23,23,22,21,21,21,22,23,25,26,28,30,26,26,23,23,22,22,24,21,21,21,23,22,22,23,23,22,20,18,18,20,21,22,23,23,23,24,23,22,21,20,19,20,21,21,20,23,21,21,23,23,20,20,20,20,20,20,19,20,20,20,24,23,24,28,28,29,29,29,30,30,31,30,30,30,25
0.25,0.7,180,6,9,11,13,13,14,15,19,20,21,22,20,20,20,21,21,22,23,24,22,21,21,22,22,23,22,22,21,21,21,21,21,21,22,21,19,21,22,20,22,21,19,21,20,20,19,18,19,21,21,21,20,18,18,20,18,19,18,18,18,18,17,18,19,19,21,19,18,18,19,19,18,19,19,18,19,19,20,21,21,21,24,24,23,23,22,20,22,22,24,21,23,21,24,23,24,26,27,27,26,25,26,28,30,31,30,39,36,25
0.3,0.7,180,6,9,11,12,14,14,15,16,16,17,18,20,20,20,21,22,21,21,21,22,23,22,22,22,24,23,24,22,22,21,21,22,21,22,22,22,20,19,19,20,22,22,22,21,20,19,19,20,19,20,19,19,19,19,19,19,19,18,19,19,19,19,19,17,18,17,18,19,19,20,18,17,17,17,18,18,17,18,18,18,18,18,19,18,18,19,17,18,19,18,20,28,22,29,26,30,31,26,23,28,26,28,30,24,25,23,25,25,17
0.35,0.7,180,0,7,11,11,13,13,15,15,16,17,18,17,19,18,20,20,21,22,23,22,22,22,22,22,23,23,23,22,19,20,21,21,21,22,21,21,21,23,21,21,20,21,20,21,21,20,20,20,20,20,21,21,22,21,20,20,20,20,21,20,20,19,22,20,20,20,19,18,18,20,20,21,22,24,23,21,18,18,20,21,19,20,21,20,20,21,20,18,20,21,22,22,23,24,25,23,27,27,27,28,30,29,34,32,35,36,36,38,35
0.4,0.7,180,4,8,10,11,14,14,16,19,16,17,18,19,20,20,22,22,24,23,23,23,23,23,23,24,23,24,22,22,23,23,22,22,22,22,22,23,22,21,21,22,21,22,23,22,23,20,22,22,22,23,22,22,22,21,21,22,22,21,21,21,21,21,21,22,20,20,20,20,21,20,21,19,21,22,23,25,23,26,26,27,27,23,21,23,22,22,22,21,22,23,23,26,32,30,27,27,29,29,30,30,29,27,29,24,23,25,28,28,22
0.45,0.7,180,8,10,12,13,14,16,17,16,18,18,18,20,21,22,23,23,24,24,25,24,25,24,25,25,26,26,23,24,24,25,25,24,23,24,25,23,24,24,22,22,23,24,25,23,22,22,22,22,22,24,23,21,21,22,22,24,24,24,22,21,22,23,21,20,20,21,22,21,22,23,22,24,25,26,25,24,25,24,25,22,24,22,21,21,21,22,21,22,22,24,25,27,30,32,25,27,27,25,22,21,22,21,20,21,23,23,24,25,20
0.5,0.7,180,0,5,7,8,10,10,12,12,13,14,14,15,16,18,19,19,20,22,23,23,24,24,24,24,23,23,22,22,22,23,21,22,23,25,26,24,23,23,24,26,24,24,25,24,25,24,26,26,26,25,27,25,25,23,22,22,22,22,23,21,22,24,23,24,29,24,23,23,24,26,26,24,22,22,23,23,29,31,25,28,27,28,33,32,29,24,25,27,27,29,29,29,29,26,25,25,25,31,27,27,27,28,34,34,32,27,27,27,28
1.1,0.7,180,6,9,10,11,13,14,15,17,19,18,23,18,19,19,20,21,22,23,21,23,26,27,23,22,23,23,22,24,24,26,26,26,24,25,26,27,28,29,31,31,32,32,33,34,30,32,33,33,33,31,30,29,31,32,28,30,29,27,28,28,31,31,32,28,26,27,30,25,24,22,24,22,21,21,18,27,21,20,20,21,23,26,19,20,19,19,21,24,24,28,28,29,29,27,25,26,28,30,30,30,32,35,33,31,31,29,29,29,21
1.15,0.7,180,8,9,12,14,16,17,18,21,23,23,25,23,23,24,24,24,26,25,26,23,24,21,22,25,23,23,21,20,21,21,22,22,23,21,21,22,19,20,20,23,20,20,21,19,20,18,19,21,21,21,22,21,20,18,19,19,20,21,21,21,21,20,20,21,20,20,19,19,20,20,20,20,19,20,21,20,20,20,21,22,20,19,21,21,20,20,22,21,20,19,23,21,20,20,21,21,23,24,24,23,25,23,23,25,24,26,28,27,21
1.2,0.7,180,0,7,9,11,12,15,16,14,16,19,20,17,18,21,21,22,22,22,23,23,22,23,23,23,24,20,19,20,20,21,21,21,21,22,21,21,21,22,22,21,21,21,22,22,23,22,22,21,20,22,21,23,21,21,21,21,21,22,23,23,23,22,24,23,22,24,24,22,21,20,21,22,22,22,23,20,21,21,22,22,22,22,23,25,24,26,25,27,31,29,26,25,25,27,24,25,25,24,22,26,26,24,26,27,30,32,38,37,34
1.25,0.7,180,2,9,11,13,14,15,16,17,18,18,19,20,21,21,21,22,23,24,24,23,23,24,24,24,24,25,27,27,28,24,22,22,22,23,24,22,24,25,23,25,24,25,25,23,23,22,24,25,24,23,23,23,22,21,22,22,22,23,24,25,25,25,26,26,27,27,27,27,27,28,28,30,24,24,24,23,23,24,23,26,24,24,23,24,24,24,23,23,24,22,22,23,24,25,25,26,26,27,27,26,27,27,27,27,27,31,31,32,30
1.3,0.7,180,4,10,12,14,16,17,19,20,19,22,23,22,22,23,24,24,25,25,25,25,26,28,30,32,33,30,26,26,25,23,24,24,25,23,21,22,26,24,23,24,23,24,24,24,24,24,24,23,25,24,24,25,24,23,24,25,25,23,22,23,22,22,24,23,24,25,25,23,25,26,24,24,25,25,26,25,25,25,25,25,25,26,25,26,26,25,26,26,25,25,26,27,27,27,27,27,30,29,30,29,28,27,29,28,28,28,28,27,23
1.8,0.7,180,8,12,13,13,15,16,17,19,19,19,18,16,17,18,19,19,20,20,21,22,22,20,22,21,21,22,21,21,20,20,20,21,23,21,21,21,20,20,21,21,19,18,19,20,19,22,21,20,22,22,21,21,23,25,24,24,23,23,25,20,20,18,18,18,21,21,21,22,23,23,22,22,22,22,22,23,24,25,27,22,19,17,16,17,21,23,22,24,26,27,27,25,24,24,25,29,30,32,33,34,33,32,30,30,31,32,32,35,25
1.85,0.7,180,8,10,13,15,16,17,18,19,21,20,19,20,18,20,21,21,22,24,24,23,23,22,24,23,22,23,22,23,22,21,22,22,21,21,22,22,22,22,20,20,20,21,22,21,23,23,21,21,23,24,22,21,21,21,23,22,24,26,26,26,27,26,27,29,29,33,32,25,27,26,23,24,24,24,26,24,25,25,24,24,24,24,21,21,21,23,25,26,25,27,26,26,25,25,24,25,25,27,27,24,27,32,33,36,30,35,36,32,30
1.9,0.7,180,6,12,14,16,15,16,17,19,19,20,22,21,22,21,23,23,22,22,24,25,26,25,26,26,26,26,26,25,27,27,25,25,26,26,27,28,27,27,27,26,26,25,26,26,26,27,26,26,26,25,25,27,27,30,27,27,28,25,23,23,24,26,25,24,24,24,26,26,25,25,26,25,26,29,31,31,28,30,33,33,35,36,38,36,35,34,35,34,34,29,29,31,29,32,32,32,31,30,31,29,29,30,28,29,30,30,29,28,22
2.15,0.7,180,14,16,15,17,20,20,20,22,19,21,20,20,20,21,22,23,24,22,22,22,23,21,19,20,22,20,23,26,21,20,21,22,20,20,20,19,17,20,21,19,20,18,19,21,21,21,20,19,22,16,16,16,16,18,18,19,19,20,24,20,14,15,17,16,18,19,20,21,21,23,24,24,25,26,28,32,30,27,28,32,36,33,34,33,29,29,28,30,26,33,30,30,30,31,29,25,29,30,32,33,33,34,33,34,36,36,30,24,19
2.2,0.7,180,12,14,16,15,17,17,17,17,17,18,19,20,19,19,20,21,22,22,22,22,22,19,19,20,21,21,21,21,21,21,22,23,24,24,21,21,20,21,21,21,20,20,20,20,22,21,21,21,20,22,24,24,25,23,17,17,17,17,17,20,18,19,17,18,20,21,22,20,22,23,22,23,24,23,23,21,19,20,20,21,23,23,24,25,26,27,27,27,26,26,27,29,32,35,29,28,28,27,28,26,24,25,27,27,26,26,24,19,18
2.25,0.7,180,14,16,18,16,18,17,18,20,20,19,21,21,21,21,21,22,22,23,24,23,21,19,21,21,23,21,21,21,21,21,22,22,20,19,19,20,21,20,20,20,20,20,21,21,21,21,20,20,20,21,22,24,24,26,25,27,28,27,29,30,32,32,29,28,25,25,30,28,28,27,23,23,24,24,23,21,22,24,24,24,26,26,28,28,29,28,29,31,33,30,28,31,30,31,31,29,30,30,30,26,28,28,28,32,32,31,32,25,20
2.3,0.7,180,9,11,15,14,16,16,16,18,19,20,21,21,21,23,22,23,22,23,25,24,24,23,22,23,22,24,25,25,24,26,25,25,25,24,25,25,24,26,25,28,26,24,25,25,24,23,25,23,24,23,24,23,23,23,24,23,23,23,23,24,25,23,23,24,23,20,23,22,23,22,21,22,22,22,21,22,22,22,22,23,24,24,24,24,24,23,24,23,22,23,22,23,24,24,23,25,27,31,30,28,26,26,26,27,26,26,32,23,21
2.35,0.7,180,10,12,15,15,18,19,20,21,22,23,22,22,23,22,24,25,25,26,26,26,25,24,25,25,25,25,23,24,23,24,24,27,25,27,25,24,24,23,24,25,24,25,26,27,27,28,28,27,27,24,24,24,23,26,25,25,25,25,26,26,27,26,26,27,27,28,31,27,22,22,23,24,25,24,25,26,25,23,22,23,21,22,21,21,21,22,24,24,24,25,26,26,26,26,28,30,29,32,30,28,28,27,29,29,29,32,33,33,31
2.4,0.7,180,8,9,10,11,13,14,14,15,16,17,18,18,20,20,20,21,22,23,23,22,22,21,22,22,21,21,22,22,22,23,22,23,23,21,23,23,22,24,24,24,23,23,22,23,23,25,25,24,24,23,24,23,24,24,22,22,22,22,24,23,23,24,23,24,24,25,23,24,27,27,26,25,25,26,26,26,25,26,24,25,28,26,27,28,30,33,32,35,39,37,36,36,37,37,37,34,33,34,31,31,34,32,35,30,31,31,23,16,17
2.45,0.7,180,10,13,15,16,16,19,18,18,19,20,20,22,21,23,23,24,25,25,25,25,24,25,24,23,23,23,24,25,24,24,25,24,24,22,22,23,24,24,24,24,23,21,23,24,23,22,22,23,22,23,21,21,22,23,21,22,24,22,22,24,22,22,23,23,24,25,24,27,22,23,25,27,27,24,22,22,23,24,22,22,22,22,23,23,24,24,25,23,26,27,28,32,28,26,24,26,26,29,28,29,34,33,30,31,32,30,30,23,19
2.5,0.7,180,9,12,15,15,17,17,18,21,24,25,26,27,27,29,23,23,24,25,25,26,25,24,24,23,23,22,22,28,22,22,23,22,22,20,20,19,18,20,21,20,21,22,22,22,23,22,23,24,25,25,25,23,23,23,25,24,24,24,26,26,26,25,22,25,27,26,26,25,24,23,23,24,23,21,20,17,18,20,20,19,20,20,20,21,22,24,26,27,27,26,27,27,27,28,29,30,29,28,30,28,30,26,25,26,28,30,32,28,24
2.55,0.7,180,11,12,14,14,15,16,17,17,18,19,20,21,22,23,23,21,22,21,22,22,23,22,22,22,22,21,22,20,21,22,19,19,21,21,20,21,21,21,21,21,22,21,21,20,19,19,19,19,18,20,19,19,19,20,22,23,21,19,21,20,20,22,22,23,24,22,24,22,22,21,21,22,17,18,19,20,21,21,21,18,19,19,20,20,21,20,20,22,19,20,20,20,20,22,26,26,27,27,26,27,27,27,28,28,29,28,29,27,19
2.6,0.7,180,12,15,17,18,19,20,20,21,21,23,23,23,26,26,28,29,31,31,32,33,34,35,36,36,37,34,30,30,30,30,28,27,25,22,21,22,22,22,22,22,23,23,23,25,24,26,27,28,32,29,30,31,33,31,30,30,29,30,29,28,27,30,29,30,29,28,27,29,26,26,24,22,18,18,15,13,13,18,29,33,20,20,21,20,17,16,18,18,19,18,22,20,19,20,21,22,22,24,26,28,25,25,26,27,26,27,27,25,17
2.65,0.7,180,13,16,18,19,20,20,20,21,20,21,21,20,21,21,22,22,23,24,24,23,23,23,23,24,22,23,23,22,22,21,21,20,21,21,21,21,21,20,20,21,21,21,19,19,18,19,19,21,21,20,19,19,20,20,19,19,19,19,18,19,20,21,23,23,25,25,22,20,20,20,20,19,19,19,20,21,20,21,20,19,20,18,19,19,19,19,17,22,23,24,24,24,25,25,26,26,26,27,27,28,31,30,31,31,32,32,31,29,24
2.7,0.7,180,9,13,18,19,20,21,20,19,20,19,19,21,21,21,22,22,22,21,20,21,22,23,24,24,22,21,22,22,22,22,23,20,20,21,21,21,22,21,21,21,21,21,21,19,19,19,20,19,20,20,19,19,20,20,21,19,19,19,18,20,21,22,21,20,20,21,19,21,22,22,24,26,28,27,30,33,30,30,27,30,25,27,31,31,30,40,29,28,28,27,24,24,26,26,25,25,25,29,28,27,25,25,26,26,26,29,27,27,22
2.75,0.7,180,12,14,15,17,17,18,19,20,20,20,21,21,22,21,23,22,24,23,24,24,22,22,21,23,22,23,23,22,22,21,21,22,22,22,22,20,21,20,23,22,22,22,21,22,21,21,19,20,19,20,21,23,22,22,22,22,22,19,21,21,20,19,19,19,21,21,22,21,22,22,21,21,21,23,21,21,21,21,20,21,23,24,25,26,26,27,26,24,24,24,25,24,25,26,26,28,30,35,29,30,24,26,25,29,30,30,33,29,25
2.8,0.7,180,11,14,15,16,17,18,19,20,21,22,22,22,22,22,23,24,26,30,34,35,27,26,25,27,26,25,25,25,24,25,25,24,24,23,24,21,22,22,24,24,24,24,25,24,23,24,24,23,24,25,25,24,23,23,24,24,24,22,22,22,21,20,22,22,23,23,24,25,27,32,39,39,34,31,31,30,29,29,27,27,26,25,26,26,27,26,26,26,26,29,25,30,30,31,31,31,30,28,29,29,29,29,30,31,30,32,31,28,24
2.85,0.7,180,9,12,13,15,16,17,17,18,19,20,21,21,22,22,23,24,23,24,24,24,24,25,23,22,23,24,23,23,24,23,23,23,23,22,23,24,24,23,23,24,24,25,24,24,24,23,24,25,24,22,22,23,21,20,18,19,20,21,22,22,22,23,22,22,22,22,23,24,21,23,23,24,23,24,25,23,21,24,25,28,25,25,26,25,27,25,27,26,30,32,35,29,29,29,29,30,30,29,28,29,30,29,33,36,34,34,34,34,26
2.9,0.7,180,10,13,16,17,18,19,19,20,21,20,24,23,24,24,26,24,26,26,26,27,27,26,26,25,26,26,27,28,27,26,26,24,24,24,25,23,23,23,24,25,26,27,26,24,23,24,24,22,23,23,24,24,25,24,26,26,25,25,26,28,26,23,21,22,22,23,23,23,25,26,29,25,26,25,25,25,25,27,30,30,30,33,33,34,32,34,35,35,36,38,38,38,38,35,35,33,35,32,33,34,35,35,35,34,36,38,39,37,37
2.95,0.7,180,9,10,12,14,14,14,15,16,17,18,19,21,21,22,24,24,24,24,26,26,25,26,25,25,26,26,25,26,26,27,26,27,28,28,27,28,26,27,26,27,26,28,29,26,25,26,25,26,25,26,25,25,24,25,25,25,23,22,20,21,19,21,22,22,22,22,22,22,22,22,24,24,24,26,23,22,22,23,24,23,21,23,22,23,25,23,22,23,20,23,21,22,24,24,27,26,26,26,27,27,27,27,30,28,29,32,36,29,19
3,0.7,180,8,13,15,16,17,17,18,19,20,20,21,22,23,24,24,24,23,23,24,25,25,27,27,26,26,26,25,25,24,23,24,24,23,24,23,23,23,23,24,23,22,23,23,22,23,22,23,23,23,21,20,20,21,21,21,23,19,23,22,27,27,28,30,29,27,27,24,24,24,22,23,23,20,21,26,27,26,22,25,22,23,24,24,24,23,24,21,23,26,31,28,30,25,26,29,30,32,33,33,32,33,33,34,33,33,33,33,34,28
3.05,0.7,180,9,13,14,16,18,16,17,20,22,21,21,19,20,20,21,22,22,23,24,24,25,23,23,22,22,24,23,23,24,23,22,23,22,21,20,21,21,22,21,21,21,21,20,21,21,22,21,21,20,20,22,21,20,20,20,19,20,20,20,20,21,20,20,21,21,21,21,20,19,20,22,22,23,22,23,22,21,22,23,27,22,22,23,23,24,23,23,25,25,25,26,28,31,33,31,33,33,32,35,35,39,41,43,39,34,32,31,29,23
3.1,0.7,180,2,11,16,19,19,20,21,21,22,21,20,18,18,21,21,21,22,21,22,22,23,22,24,22,21,21,21,21,22,21,22,22,21,22,21,22,22,21,20,20,20,22,21,22,20,19,20,19,19,19,19,18,17,18,19,19,19,19,19,18,18,19,18,18,19,18,18,18,19,19,19,20,19,19,18,18,19,19,17,18,19,17,18,18,18,18,19,18,19,19,18,20,20,22,22,24,25,26,28,29,30,31,31,32,33,35,36,37,29
3.15,0.7,180,2,11,13,14,15,15,16,16,17,17,18,18,18,18,19,20,20,22,21,21,20,21,20,21,21,20,20,20,21,19,20,19,18,17,18,18,17,19,17,18,18,19,19,19,19,19,20,19,19,19,19,19,18,19,18,17,18,19,19,20,19,20,18,20,19,20,21,21,21,21,22,21,20,21,20,21,20,19,18,19,19,19,20,18,19,18,19,20,20,19,20,21,21,22,20,21,20,22,22,22,23,24,25,25,26,25,24,24,22
3.2,0.7,180,9,12,14,15,16,17,18,18,18,19,18,20,20,20,20,20,20,22,20,21,22,23,22,22,22,23,22,21,22,22,20,20,19,21,21,20,21,21,20,21,21,20,21,20,19,19,20,20,22,20,20,20,21,19,20,21,19,20,20,19,20,20,20,22,21,21,20,21,20,21,22,23,21,21,19,21,22,22,22,20,20,19,20,19,19,19,20,19,20,21,23,22,23,24,25,25,25,26,27,27,29,26,26,28,28,28,28,27,22
3.25,0.7,180,0,11,15,16,17,15,17,18,18,20,18,20,21,21,22,21,21,21,21,22,23,23,23,24,24,24,23,24,24,24,23,22,22,22,22,23,23,23,23,22,22,22,24,23,21,22,20,21,22,22,22,22,22,23,22,21,21,21,21,22,21,22,21,22,22,22,21,22,22,22,21,20,21,21,21,22,22,24,23,24,25,23,23,22,22,23,19,20,21,20,21,21,22,23,23,24,26,25,25,25,25,26,27,29,28,28,29,28,26
3.3,0.7,180,9,13,14,16,17,18,19,19,20,20,21,21,22,24,23,26,30,32,25,24,25,25,25,26,26,26,27,26,26,26,25,24,25,26,27,26,26,26,25,26,25,25,25,25,24,26,26,26,26,27,27,26,25,26,25,25,26,27,25,25,24,25,25,25,26,26,27,27,25,26,26,26,26,26,24,25,25,24,23,24,24,24,24,23,25,24,23,24,26,26,26,25,25,25,25,27,27,28,28,29,30,31,30,31,31,33,32,32,29
3.35,0.7,180,7,12,14,16,17,18,20,20,20,21,22,22,23,23,24,24,25,26,26,27,27,26,27,27,27,28,28,28,27,26,25,26,26,26,26,26,26,28,26,28,28,28,27,27,27,28,27,26,26,27,26,26,28,29,29,29,29,27,26,28,28,27,28,29,31,31,30,30,31,31,33,34,38,40,39,42,39,41,39,32,34,38,42,39,36,34,36,39,39,40,44,44,44,39,35,35,32,33,34,35,35,34,33,33,33,33,34,35,31
3.4,0.7,180,0,11,14,15,17,19,20,20,21,21,22,23,24,25,26,26,26,28,28,28,29,29,29,30,30,31,31,31,32,32,32,30,29,29,30,29,29,28,27,28,27,27,28,29,29,27,25,24,26,26,27,30,32,34,29,28,28,29,28,28,28,27,26,24,0,0,0,0,0,0,0,0,0,0,0,0,0,0,0,0,0,0,0,0,0,0,0,0,0,0,0,0,0,0,0,0,0,0,0,0,0,0,0,0,0,0,0,0,0
0.05,0.75,180,10,12,15,15,15,15,16,17,17,17,17,18,19,19,20,21,22,20,22,23,24,24,22,23,24,21,22,22,21,22,22,21,21,22,20,20,22,22,24,23,21,22,23,23,22,21,22,22,22,23,23,23,24,24,23,23,22,23,22,22,23,22,23,26,26,26,26,27,30,30,32,30,36,30,30,29,27,24,23,20,19,23,24,25,26,25,28,29,29,29,30,32,35,36,36,37,38,39,37,37,36,37,37,35,31,30,33,31,27
0.1,0.75,180,5,9,11,12,13,15,15,15,16,17,18,18,19,18,22,18,18,19,21,22,22,24,27,28,29,31,33,35,34,34,34,32,31,41,46,45,40,33,29,30,30,30,30,30,29,28,31,30,28,28,27,26,28,26,27,25,26,26,29,31,31,31,26,28,31,32,32,33,34,36,33,33,35,35,31,32,28,26,29,30,29,28,31,32,27,25,25,24,23,24,22,23,24,22,23,24,24,25,25,27,25,27,28,28,28,26,27,26,21
0.15,0.75,180,6,9,10,12,13,13,15,15,16,18,18,19,20,20,20,20,21,20,22,22,22,23,23,23,23,22,22,22,22,22,21,20,22,23,23,20,20,19,22,22,24,22,21,21,21,22,22,22,21,21,21,21,23,21,22,21,21,20,20,21,23,24,22,23,24,24,25,24,26,28,23,24,25,22,24,20,28,28,33,33,31,31,28,24,25,27,27,30,31,27,28,25,22,22,24,24,25,25,24,23,25,25,28,29,30,35,37,26,22
0.2,0.75,180,0,8,11,11,11,13,14,15,16,17,18,18,19,18,19,19,22,21,22,21,22,21,22,23,23,23,22,20,21,21,22,23,26,26,27,20,21,21,21,20,20,20,19,21,20,21,23,21,19,20,21,21,21,21,20,21,20,22,24,20,19,18,19,20,21,23,24,27,28,26,27,30,35,28,30,27,27,25,29,28,30,30,29,27,27,28,30,28,29,28,24,24,24,25,26,29,32,33,36,34,35,34,31,33,33,33,29,29,28
0.25,0.75,180,2,9,11,13,14,16,16,18,18,18,18,19,20,21,21,22,23,24,23,24,22,21,22,22,22,23,22,21,21,21,21,21,20,20,20,21,20,22,21,21,20,20,20,19,21,22,20,19,19,19,19,20,21,19,18,19,18,17,19,18,19,19,19,20,21,20,22,22,20,19,18,18,17,17,19,18,20,19,21,22,22,20,24,19,17,20,22,20,21,22,21,21,22,21,25,23,22,23,23,25,25,25,24,23,24,23,24,26,26
0.3,0.75,180,0,7,12,14,17,19,16,17,17,18,18,19,20,21,23,24,22,22,22,22,23,22,23,23,21,21,21,22,23,21,21,21,22,22,22,23,20,21,20,21,22,22,23,23,21,21,21,22,22,22,22,19,19,19,19,20,21,20,20,19,20,18,20,17,18,16,17,19,19,19,18,19,18,18,18,19,19,20,19,18,17,18,18,18,17,16,16,17,17,18,18,19,18,19,20,23,23,24,24,23,23,23,23,23,24,27,30,26,19
0.35,0.75,180,0,4,7,12,14,15,17,18,17,19,18,18,19,20,21,22,23,23,25,26,25,25,24,22,23,25,24,25,25,26,25,24,26,27,25,24,24,24,24,23,21,21,21,23,23,24,25,24,23,24,24,26,27,24,27,25,25,23,24,25,23,24,22,21,22,19,20,18,19,19,19,20,20,20,20,20,20,20,20,20,20,18,17,18,19,18,18,17,18,18,17,18,18,22,23,29,27,27,23,22,23,26,26,26,24,26,26,26,27
0.4,0.75,180,0,7,10,11,14,15,14,16,16,17,18,18,20,21,22,22,24,23,23,24,23,24,23,23,23,24,23,24,24,23,24,24,24,23,23,22,23,23,21,21,22,22,22,23,24,24,22,22,22,23,23,23,22,22,22,23,23,23,22,23,22,24,23,24,23,21,23,23,22,22,23,23,22,21,21,21,22,24,26,25,26,27,28,28,24,22,21,21,21,23,24,24,28,25,26,27,25,25,25,29,28,29,29,30,27,28,24,25,25
0.45,0.75,180,4,8,11,12,14,15,16,16,18,18,22,24,22,22,23,24,25,24,25,26,26,26,26,27,26,26,25,24,24,25,25,23,24,25,24,24,24,24,24,24,24,24,24,24,24,23,23,22,24,25,23,22,22,22,24,25,24,25,27,26,25,25,24,24,22,21,21,21,22,24,24,24,25,24,25,29,28,23,26,24,28,26,26,24,26,28,36,25,25,27,28,30,28,29,33,31,31,32,34,34,36,40,36,30,36,38,36,36,30
0.5,0.75,180,0,6,10,14,16,14,15,18,19,19,21,23,22,22,23,24,25,26,25,26,26,27,25,27,26,26,26,27,27,28,27,28,29,27,28,28,28,26,27,25,24,26,26,27,29,29,30,30,30,31,31,29,29,27,26,25,23,22,23,25,23,23,24,24,22,21,22,22,23,23,21,21,21,22,23,23,23,24,26,27,26,23,23,24,28,25,24,23,27,24,24,26,22,23,27,31,30,29,22,28,24,25,25,34,26,27,27,36,31
1.1,0.75,180,6,10,12,13,16,16,16,18,19,19,20,20,20,19,21,19,17,19,20,22,21,21,21,20,22,21,22,20,20,20,21,21,22,23,24,20,21,20,20,22,24,22,22,21,20,18,19,18,19,20,20,22,20,20,18,19,21,23,24,25,18,23,19,16,15,15,16,16,17,16,18,18,18,17,16,19,18,17,19,19,22,18,20,21,19,18,21,21,23,24,25,25,27,30,29,31,29,31,30,32,34,36,28,31,29,28,28,30,27
1.15,0.75,180,6,9,15,14,16,15,15,16,16,18,18,18,18,19,19,21,21,21,21,22,23,27,28,30,32,33,31,27,27,25,25,27,26,24,25,25,27,28,31,31,29,28,31,29,31,25,26,22,19,22,22,19,21,18,19,19,18,18,18,18,18,20,19,21,19,20,20,20,20,23,22,23,23,22,21,22,23,26,27,20,23,23,24,24,23,24,25,25,26,25,26,25,26,27,27,27,28,28,28,28,28,28,29,29,31,32,30,30,25
1.2,0.75,180,6,10,13,15,17,14,15,16,17,17,19,20,20,20,21,21,21,22,21,21,23,23,22,21,20,20,20,20,20,20,21,20,20,20,22,20,22,21,21,21,21,22,22,22,23,22,21,22,22,22,21,21,21,21,21,22,22,22,22,22,22,23,22,24,24,25,25,23,23,24,23,23,24,24,23,22,23,22,22,23,23,23,23,24,26,27,26,26,25,22,23,21,22,22,24,23,27,28,33,35,33,34,36,35,32,32,29,32,27
1.25,0.75,180,0,9,11,12,15,14,16,16,17,18,19,21,20,20,21,20,21,21,22,24,24,25,25,26,26,26,26,24,24,23,24,24,24,25,24,24,24,24,25,24,24,23,24,23,24,25,23,23,25,23,24,24,24,24,22,24,24,24,23,24,24,24,25,26,25,25,25,25,25,24,24,24,23,24,24,23,24,25,25,23,24,24,24,25,25,26,28,28,28,27,27,26,27,27,30,28,27,28,26,30,31,30,28,30,29,28,30,31,29
1.3,0.75,180,8,10,13,16,17,17,19,20,22,21,22,21,23,23,24,25,26,26,26,27,27,27,26,27,27,28,27,27,27,25,24,25,24,25,25,25,27,26,26,26,26,29,27,27,27,26,26,26,27,28,28,30,31,28,31,29,32,31,30,34,34,35,34,35,36,33,32,34,33,34,32,28,28,28,29,30,29,27,31,31,31,30,30,29,29,28,26,25,27,29,26,26,26,26,26,26,28,32,29,27,30,27,28,30,27,27,28,29,28
1.8,0.75,180,7,11,14,14,16,19,21,26,21,21,21,21,21,23,22,23,22,22,24,25,25,23,24,24,30,24,22,23,23,23,22,23,22,22,24,25,24,24,22,24,21,21,20,21,22,22,23,22,22,22,23,24,25,24,23,23,24,26,27,22,21,20,21,21,22,22,21,23,20,19,20,22,23,21,21,22,23,19,22,22,25,27,26,22,23,25,20,20,22,24,25,28,26,26,25,26,30,32,31,29,27,25,28,29,28,30,31,30,27
1.85,0.75,180,4,9,11,15,14,15,17,16,17,17,18,20,20,20,22,22,23,24,24,25,25,24,25,23,24,23,23,23,23,24,23,25,24,23,24,22,23,21,23,24,24,24,24,25,25,25,26,26,24,25,24,24,25,25,27,27,27,26,26,25,25,25,23,24,23,22,23,23,22,23,22,23,23,24,24,23,24,23,24,24,27,27,25,27,30,28,28,27,27,29,30,35,33,32,35,28,28,27,26,26,29,30,30,32,32,32,33,35,28
1.9,0.75,180,10,13,15,16,17,17,19,20,21,21,23,24,22,23,24,24,24,23,25,26,26,27,28,29,28,27,26,25,24,25,26,26,26,26,26,26,25,25,25,24,26,25,26,26,27,27,27,29,28,30,31,31,32,30,29,30,29,29,30,32,29,29,30,29,29,29,30,28,25,26,27,30,28,24,25,26,27,30,29,31,32,35,35,33,33,37,37,36,37,35,36,35,36,33,34,32,32,31,35,42,34,29,32,31,32,31,34,34,34
2.15,0.75,180,13,14,18,19,19,18,18,19,20,23,22,21,22,23,23,23,21,22,22,22,21,23,23,24,22,25,26,25,24,24,22,23,24,26,25,26,26,24,24,23,27,28,26,28,25,26,28,26,27,28,29,32,31,36,35,31,29,33,31,34,36,38,40,43,41,35,34,34,31,30,33,33,31,29,31,26,25,22,22,22,23,24,24,23,24,25,24,23,22,22,23,23,23,22,23,24,26,27,27,28,27,27,27,24,25,25,24,21,20
2.2,0.75,180,10,13,16,17,18,18,18,19,19,22,21,21,22,22,22,22,24,25,24,23,24,24,23,21,22,24,24,24,24,24,23,22,24,23,21,20,20,21,21,20,20,20,20,21,19,19,18,17,20,19,20,21,21,20,19,19,20,21,21,21,21,20,19,22,21,21,21,22,21,23,23,23,23,23,21,21,21,22,22,22,23,24,25,25,24,24,25,24,25,28,28,28,23,22,28,31,30,29,32,32,32,36,40,34,37,39,40,35,33
2.25,0.75,180,13,15,15,18,18,19,21,22,20,21,21,21,20,22,22,23,24,24,23,22,22,23,23,24,24,24,22,22,23,24,24,23,20,20,21,22,23,22,22,22,22,21,22,21,21,19,20,20,21,22,21,22,21,20,21,22,20,22,21,22,22,23,23,21,23,22,22,20,22,23,24,21,19,20,22,22,21,23,23,24,20,20,21,21,23,24,25,24,25,27,25,26,25,23,25,24,22,23,25,28,29,30,32,31,35,40,35,27,25
2.3,0.75,180,13,14,16,16,17,18,19,20,20,22,21,22,22,22,24,24,23,23,23,23,23,23,22,23,23,23,24,23,23,23,22,23,23,24,24,22,21,21,22,23,22,23,22,22,21,21,23,21,19,20,19,21,22,23,24,25,25,26,26,27,24,24,22,22,20,21,22,22,22,22,21,21,20,22,22,22,23,23,24,21,20,22,23,23,24,24,24,24,22,23,16,20,20,22,30,30,30,28,29,28,31,31,30,29,31,31,25,22,17
2.35,0.75,180,11,13,15,16,17,17,17,20,19,20,21,21,21,22,22,22,22,23,24,25,24,25,26,24,24,23,23,23,22,22,23,24,25,24,25,23,22,23,23,25,25,25,25,25,25,25,25,26,25,25,23,23,19,21,20,22,23,23,24,24,26,25,27,26,24,26,26,26,27,28,28,27,26,27,27,24,22,22,22,21,23,23,23,20,19,21,22,22,23,24,25,27,26,26,28,29,31,27,24,26,26,29,29,30,31,33,29,23,18
2.4,0.75,180,11,13,17,17,17,19,19,19,21,22,22,23,23,23,23,23,25,25,27,26,25,25,24,24,24,23,24,24,22,23,23,23,24,25,24,23,23,25,25,27,26,24,29,25,25,27,28,29,31,30,32,32,33,34,31,27,30,24,24,24,25,22,22,23,23,25,24,25,26,27,25,26,26,26,26,24,22,24,25,24,25,25,23,23,24,24,25,25,27,27,28,30,30,31,31,32,35,35,34,29,27,28,30,30,33,33,28,26,18
2.45,0.75,180,14,16,17,17,18,18,20,20,21,20,20,22,24,23,24,26,26,26,24,25,24,24,24,24,22,23,22,24,24,25,23,23,23,24,24,26,26,22,23,24,25,25,26,26,25,25,24,25,26,25,26,26,26,27,25,26,28,30,28,30,32,33,32,30,33,33,34,32,40,39,35,40,35,32,26,28,26,30,44,33,32,33,32,34,34,33,36,36,37,36,37,37,36,36,37,36,37,35,38,40,44,47,44,40,40,43,39,38,32
2.5,0.75,180,11,14,15,15,17,17,17,18,22,21,23,22,24,22,23,23,23,24,25,24,25,25,25,24,24,23,24,23,23,23,24,23,25,26,27,28,27,24,23,23,22,22,22,22,23,23,23,23,20,22,21,22,22,23,25,24,23,22,21,23,23,22,22,24,20,25,22,20,24,24,22,22,23,25,25,27,30,30,27,30,30,27,27,26,24,25,29,31,31,32,28,31,28,31,28,31,28,29,27,26,25,25,26,27,28,28,28,24,17
2.55,0.75,180,11,13,17,18,20,20,21,21,21,20,20,21,22,22,21,22,22,23,24,24,24,24,23,23,22,22,22,22,22,22,20,21,21,22,22,22,22,21,24,23,23,22,21,20,21,21,21,21,21,22,22,22,22,22,21,22,20,21,21,19,20,22,22,21,21,19,20,22,22,19,20,20,24,25,24,25,25,26,27,28,25,23,21,21,22,22,23,24,27,24,25,26,26,26,28,28,27,27,29,30,29,30,31,30,31,32,31,25,21
2.6,0.75,180,6,7,8,9,10,11,13,14,14,15,16,17,18,19,20,20,21,20,21,21,20,19,20,20,20,19,18,19,18,18,18,18,19,19,19,18,18,18,18,17,17,18,16,17,17,17,18,18,18,18,18,19,19,18,18,19,18,19,20,21,23,25,27,28,22,23,23,23,22,24,24,23,22,21,19,20,21,21,23,25,25,28,27,26,23,22,19,20,19,20,20,21,22,26,27,27,27,25,28,25,28,27,22,26,29,25,20,14,11
2.65,0.75,180,9,12,15,17,15,17,17,17,19,20,22,23,20,21,20,21,21,22,21,22,22,22,21,21,20,21,20,21,20,20,20,21,21,21,20,19,20,19,19,18,19,18,18,19,19,18,19,19,18,18,18,16,17,17,17,16,18,18,17,18,17,17,17,17,16,17,17,17,16,17,16,17,17,18,19,20,18,16,16,15,15,16,17,16,17,18,18,19,18,18,17,18,18,18,18,18,17,19,20,20,20,20,21,21,22,24,22,19,13
2.7,0.75,180,13,14,15,17,17,18,19,19,20,21,21,22,22,22,22,21,21,21,22,23,22,23,21,22,21,21,21,22,19,19,20,20,21,21,20,20,18,19,20,19,20,19,19,18,19,18,20,18,18,19,18,18,18,19,18,17,17,17,17,18,19,19,18,18,17,18,17,17,18,18,19,18,19,19,19,19,20,19,18,17,17,18,17,17,17,20,18,21,21,19,20,21,21,22,21,21,21,21,22,21,23,22,23,22,23,23,21,15,12
2.75,0.75,180,13,14,16,16,17,18,19,19,21,21,20,21,21,20,21,21,22,22,21,22,20,20,21,21,21,22,22,20,20,20,20,19,19,18,18,19,20,20,20,19,18,19,20,21,21,21,21,18,18,19,19,20,19,19,19,19,19,18,20,18,19,18,19,19,20,20,20,18,19,19,19,19,20,19,19,18,18,19,19,20,23,22,24,26,25,24,21,19,20,26,23,18,19,21,24,25,23,20,25,21,27,22,22,24,25,27,26,23,15
2.8,0.75,180,10,14,15,16,17,17,18,21,20,21,22,23,23,24,24,24,23,25,25,24,24,22,22,23,24,24,25,24,23,23,22,23,23,23,22,21,20,21,21,22,22,22,21,22,21,21,20,22,23,23,23,22,22,21,20,21,20,20,19,19,18,17,18,19,20,21,23,23,25,23,23,21,20,18,18,17,18,19,19,20,21,20,20,22,21,23,21,22,22,23,22,21,21,22,22,23,23,21,21,23,22,21,21,22,22,24,25,25,20
2.85,0.75,180,11,14,15,15,17,18,19,20,20,21,20,20,21,22,22,21,22,22,22,21,20,21,22,21,21,22,21,22,21,22,21,22,19,20,20,20,22,21,22,21,22,22,22,21,20,21,21,21,23,22,23,23,22,24,23,24,22,24,22,22,21,20,22,22,23,23,24,23,25,24,23,21,22,23,21,21,23,21,22,22,22,21,21,22,22,22,22,20,21,22,22,21,22,23,22,26,26,26,26,26,26,28,27,27,27,29,28,24,19
2.9,0.75,180,10,12,14,15,16,16,18,19,20,20,20,20,21,22,24,23,23,23,25,24,26,25,23,24,25,25,24,25,26,25,23,23,24,23,21,20,21,22,22,22,22,22,24,23,22,22,22,21,22,20,22,22,23,21,21,22,22,21,24,29,23,20,19,20,21,22,24,25,25,24,24,22,23,22,22,23,21,21,19,20,21,21,23,22,20,23,21,21,22,23,23,21,21,22,23,25,25,26,26,27,25,25,25,26,27,27,30,23,17
2.95,0.75,180,2,5,7,9,9,10,11,13,13,14,15,15,17,18,18,19,20,21,20,20,20,22,22,22,21,20,20,20,20,20,20,21,21,22,22,21,22,20,19,19,19,20,21,20,21,19,19,19,18,18,20,20,19,19,19,20,21,21,22,22,22,19,20,23,20,22,21,18,21,21,21,27,26,26,26,25,24,29,24,26,24,22,22,24,23,23,24,21,21,21,22,24,25,26,25,26,28,32,31,31,29,27,27,28,28,32,28,24,19
3,0.75,180,10,13,13,15,15,17,17,17,18,21,20,20,21,22,22,22,24,25,24,25,25,25,23,24,22,24,24,24,23,22,23,24,23,23,23,22,23,23,21,21,21,21,22,21,22,20,19,19,19,20,18,18,18,19,20,20,22,22,22,22,23,23,20,20,21,21,20,20,20,21,22,22,22,22,23,24,23,22,20,18,19,20,21,20,23,21,21,21,21,25,25,28,29,28,27,25,25,25,25,27,28,31,31,33,37,37,36,26,18
3.05,0.75,180,9,12,13,16,17,18,18,18,18,18,19,21,21,22,22,24,23,24,23,23,23,23,23,21,20,21,22,22,21,21,20,21,21,20,21,21,21,19,20,20,21,22,20,23,21,20,20,20,21,20,21,22,22,21,21,20,20,20,18,22,20,20,20,23,23,23,25,32,28,31,25,29,28,28,33,31,28,28,27,26,25,24,19,19,18,17,19,20,21,21,20,21,21,21,19,21,20,21,21,22,22,23,23,25,26,26,29,21,15
3.1,0.75,180,7,10,14,15,16,17,18,18,20,20,21,20,22,20,21,21,23,22,22,22,22,22,23,23,21,21,22,21,22,22,21,22,21,21,20,20,20,19,20,20,20,20,20,20,21,20,20,20,20,19,19,19,17,18,20,18,20,19,18,19,18,18,19,19,18,19,18,18,19,19,19,20,20,19,20,18,19,19,20,19,19,19,19,20,20,19,21,19,18,18,18,19,19,19,19,19,20,21,22,22,23,23,24,25,27,24,24,24,17
3.15,0.75,180,12,15,16,17,18,19,19,19,19,20,19,19,20,20,21,21,20,21,22,22,22,22,23,21,21,22,24,22,19,20,20,21,21,21,21,20,21,20,20,20,20,20,19,19,19,20,22,21,20,20,20,20,20,21,19,18,18,19,21,19,20,19,20,19,19,18,20,18,18,18,19,19,18,19,20,19,20,21,21,21,22,24,24,26,28,24,25,19,22,22,21,22,22,21,22,22,22,23,24,25,25,25,25,25,25,26,26,24,17
3.2,0.75,180,10,12,13,15,16,17,17,17,18,19,19,21,21,21,22,23,21,23,23,22,22,23,22,22,22,22,22,22,22,20,20,20,20,21,22,20,21,20,21,21,21,22,20,19,19,19,20,20,21,22,23,22,23,23,21,21,19,20,19,20,21,22,23,24,24,25,26,25,24,23,23,19,20,21,25,21,25,23,23,23,22,23,22,23,24,23,26,27,31,25,26,25,25,26,26,26,25,26,27,26,33,25,26,28,29,30,30,26,22
3.25,0.75,180,9,13,15,16,17,17,18,18,20,20,21,21,22,22,21,22,24,25,23,24,24,24,25,24,25,23,25,25,24,24,23,23,23,23,24,24,23,23,23,22,23,22,23,22,22,23,23,22,23,22,23,25,23,23,23,22,22,24,29,27,23,25,23,36,23,22,23,22,23,21,21,22,21,20,22,22,22,22,21,21,21,22,23,22,24,24,24,24,26,28,24,29,27,30,28,29,31,32,32,33,29,29,29,33,34,29,29,29,25
3.3,0.75,180,10,14,15,16,17,18,18,19,19,20,20,20,21,20,21,23,23,23,24,24,24,25,25,25,23,24,24,25,25,24,24,23,23,24,25,26,24,25,23,23,24,23,24,25,25,24,25,26,26,25,27,26,24,24,24,24,24,24,24,25,25,24,26,24,23,23,23,24,24,23,21,23,23,24,26,31,25,30,26,27,27,27,26,25,25,25,25,26,28,29,31,32,32,33,35,38,37,39,41,41,41,41,38,38,39,41,40,36,27
3.35,0.75,180,13,14,16,18,18,19,19,21,22,21,21,23,22,24,23,24,24,25,25,23,24,24,26,26,27,28,26,28,27,26,26,26,26,26,26,26,25,26,25,25,25,24,26,24,25,26,26,26,25,27,26,26,27,25,26,26,26,26,25,26,25,23,25,25,26,27,29,28,36,28,28,28,28,30,30,31,32,32,26,29,29,29,30,30,33,31,29,29,28,26,28,26,27,28,30,31,33,35,36,39,45,49,41,40,41,38,34,32,29
3.4,0.75,180,11,14,16,17,19,20,20,23,23,24,25,25,27,28,28,29,31,31,31,30,29,31,30,30,31,32,31,32,32,32,32,32,32,31,31,31,30,30,30,29,29,31,31,30,31,29,28,28,28,27,27,28,27,28,28,29,31,31,30,28,26,27,24,0,0,0,0,0,0,0,0,0,0,0,0,0,0,0,0,0,0,0,0,0,0,0,0,0,0,0,0,0,0,0,0,0,0,0,0,0,0,0,0,0,0,0,0,0,0
0.05,0.8,180,11,14,14,13,14,15,16,19,19,17,19,20,19,20,20,23,23,24,24,24,24,23,24,23,23,24,24,24,24,24,22,24,24,22,21,23,24,25,24,23,23,23,23,24,24,24,23,24,29,25,25,23,23,25,27,26,28,26,25,23,23,25,28,27,22,21,21,21,21,22,20,21,22,22,23,23,23,24,21,22,24,25,25,23,24,23,26,24,22,24,25,27,28,26,22,25,28,28,25,25,24,23,28,29,26,29,31,29,25
0.1,0.8,180,5,9,11,14,17,18,20,19,19,20,18,18,22,20,22,21,20,23,21,21,21,22,22,23,23,21,20,23,24,23,23,22,21,22,22,25,22,22,25,27,20,21,21,22,22,21,22,23,23,23,22,22,21,22,22,24,25,23,23,23,23,23,22,22,23,23,22,22,22,23,24,25,25,25,26,26,24,23,23,25,24,24,25,25,25,25,26,26,26,24,24,24,24,26,27,29,30,28,26,30,31,31,29,30,31,30,31,32,27
0.15,0.8,180,7,10,12,14,16,17,17,19,21,20,20,22,23,23,24,25,26,26,24,23,22,22,22,22,24,23,24,23,23,23,23,22,22,21,20,21,20,22,22,24,24,23,21,22,23,23,23,22,23,22,22,23,22,23,24,23,23,23,22,24,23,22,22,23,22,22,24,24,23,22,23,23,24,26,27,29,32,29,29,30,33,33,32,31,29,27,27,25,25,25,24,27,26,24,24,25,25,26,29,30,29,30,33,39,33,33,35,32,31
0.2,0.8,180,2,8,11,13,14,16,16,18,19,19,20,20,21,23,23,24,22,23,24,24,24,24,24,24,24,21,22,23,24,23,23,21,21,22,22,23,21,21,20,21,22,23,23,23,22,23,22,21,22,21,21,21,22,24,24,24,24,25,25,25,24,24,24,24,24,22,20,20,20,19,19,19,20,19,20,22,21,22,22,24,24,22,24,24,24,24,23,21,21,22,22,21,25,24,24,24,23,23,20,24,23,22,26,27,29,32,34,34,28
0.25,0.8,180,3,8,10,12,13,13,15,16,17,19,19,21,19,20,20,21,21,22,22,24,23,23,23,21,21,22,24,21,21,20,20,21,20,21,20,21,21,20,22,21,21,21,22,21,21,22,22,20,19,19,19,20,21,20,19,19,19,19,18,18,20,19,20,19,20,20,20,20,20,20,20,20,20,21,22,20,21,19,20,19,18,18,17,18,18,17,17,18,17,18,19,20,19,20,20,22,23,22,22,24,24,24,25,25,26,24,24,26,20
0.3,0.8,180,1,7,10,13,13,15,17,18,18,20,19,19,21,21,21,21,23,22,24,23,23,21,24,21,22,23,22,23,21,21,21,22,22,20,20,21,21,21,22,23,23,22,22,21,22,22,22,21,21,19,20,21,21,21,20,19,20,20,21,19,19,19,19,20,19,20,21,21,19,19,19,20,20,22,21,22,20,18,19,17,17,17,16,17,17,17,16,18,17,18,18,17,18,18,18,20,20,21,21,21,21,21,21,22,24,25,25,25,16
0.35,0.8,180,0,7,9,12,13,13,14,15,16,16,18,18,19,20,21,22,23,24,23,23,22,22,21,22,22,21,21,22,22,23,22,21,21,21,22,21,22,22,23,22,20,21,22,22,22,23,22,21,22,22,21,21,21,20,21,22,21,22,22,20,21,21,20,21,22,21,20,19,18,19,20,19,20,19,17,17,18,18,18,19,20,18,18,18,18,19,17,18,17,17,18,21,21,24,24,23,23,23,23,24,24,24,24,24,23,22,24,23,20
0.4,0.8,180,3,7,9,11,11,13,15,14,15,17,17,18,18,19,20,21,22,22,23,24,23,22,22,24,25,22,22,22,22,22,22,22,23,22,20,20,20,20,22,21,19,19,20,20,22,22,21,20,20,20,21,22,21,21,21,20,19,20,20,21,20,18,19,19,19,18,18,17,17,19,20,22,20,22,23,22,22,22,30,32,30,29,27,24,22,22,22,24,29,30,26,25,34,26,28,25,24,23,23,23,24,23,23,23,24,23,24,24,21
0.45,0.8,180,5,11,12,12,14,15,16,18,18,17,18,19,19,19,21,22,21,22,22,24,23,24,24,24,23,22,22,22,24,24,25,23,23,22,23,24,23,23,24,25,25,25,23,24,24,25,24,24,23,22,23,22,22,21,21,21,21,20,20,21,19,20,19,20,22,19,20,23,22,20,20,17,17,18,18,20,22,22,22,21,20,24,24,23,23,25,24,24,23,26,25,29,32,34,34,38,32,29,24,24,25,24,25,25,26,26,27,29,28
0.5,0.8,180,0,8,11,12,15,16,16,18,17,17,18,18,19,20,21,21,22,23,23,24,24,24,25,26,26,27,27,28,29,30,32,32,30,30,29,28,27,28,23,25,25,25,25,25,25,24,24,25,24,25,27,25,24,24,23,22,24,24,22,23,23,23,22,22,22,22,24,23,24,24,26,23,23,24,25,23,25,24,23,24,25,26,27,30,27,30,28,28,29,25,27,31,25,26,30,29,33,29,32,32,31,29,31,27,27,28,25,25,32
1.1,0.8,180,7,10,12,13,15,14,14,15,16,16,16,16,17,16,16,17,15,17,17,16,18,18,18,19,17,16,17,17,19,20,20,20,21,20,17,18,20,17,19,17,20,16,18,18,19,16,16,19,19,19,16,22,21,23,18,18,15,17,15,15,18,19,17,16,19,19,20,21,22,20,19,16,17,17,16,18,17,18,16,17,16,16,15,18,20,19,18,18,17,17,22,28,27,22,23,22,22,22,23,24,26,26,26,26,26,27,26,27,24
1.15,0.8,180,5,9,11,16,15,14,16,17,17,18,19,18,19,19,19,19,20,21,21,22,21,20,19,19,20,19,19,18,17,18,20,19,18,18,17,19,18,18,18,17,17,17,17,18,19,18,17,17,18,17,17,17,18,18,18,17,18,19,20,19,19,18,18,18,18,18,17,16,14,18,17,19,18,16,14,14,14,15,15,15,17,17,17,18,19,19,20,21,22,22,21,20,22,20,20,19,18,18,19,22,21,21,21,22,23,24,22,22,16
1.2,0.8,180,8,10,12,13,15,17,18,19,20,21,23,22,22,23,25,27,22,22,24,25,23,24,24,24,25,22,21,20,22,21,21,22,22,23,22,22,22,22,21,22,22,21,23,23,22,22,21,21,21,22,22,21,22,21,20,22,22,23,26,25,26,29,28,32,32,35,34,37,32,35,32,31,33,32,33,30,31,32,30,32,31,32,33,31,30,31,28,29,27,29,28,28,29,31,31,27,25,26,26,25,26,25,26,26,27,32,30,29,27
1.25,0.8,180,4,10,10,12,13,13,15,18,20,26,25,22,20,20,22,23,23,25,27,28,25,25,26,25,27,25,23,22,21,22,22,24,24,25,25,24,25,24,24,24,23,23,22,24,25,25,26,25,24,24,24,24,24,24,24,24,25,22,23,24,24,25,26,25,25,25,24,24,26,25,25,25,26,26,26,27,27,28,28,27,25,24,22,24,22,22,23,24,24,25,23,23,24,25,25,24,25,26,27,26,27,27,27,28,29,30,30,33,26
1.3,0.8,180,2,8,11,13,14,15,16,18,18,17,20,21,21,24,24,23,24,27,27,28,27,26,28,28,28,27,28,27,25,24,26,26,24,24,24,25,26,27,28,27,26,26,25,26,25,25,24,25,27,27,27,25,26,26,24,25,25,25,25,26,26,29,29,27,28,29,30,31,30,28,26,27,28,27,24,25,26,27,28,27,27,24,27,26,26,27,28,30,31,33,35,35,37,38,35,35,37,38,41,39,40,37,39,37,36,33,31,32,28
1.8,0.8,180,7,11,14,16,14,16,19,19,19,19,20,20,18,18,18,19,21,21,21,21,22,24,26,28,31,34,30,26,23,21,22,23,22,23,23,23,25,23,23,25,19,19,20,19,20,19,20,19,19,18,18,18,20,19,18,18,18,19,20,20,20,19,18,20,23,21,23,22,21,20,22,22,24,23,23,25,25,28,28,28,28,29,26,27,31,37,32,33,31,31,33,34,35,36,35,35,30,32,33,35,38,38,37,32,34,35,35,33,30
1.85,0.8,180,6,11,12,13,14,16,17,18,19,19,19,19,20,19,20,20,21,22,23,24,24,24,24,22,23,23,25,24,24,25,24,23,24,23,24,23,23,22,23,21,22,22,23,23,24,24,24,24,24,24,22,23,23,23,23,24,22,22,24,23,23,24,24,26,23,24,24,23,24,25,21,21,22,29,24,26,25,25,26,25,25,24,24,24,25,31,28,24,27,29,31,32,27,24,29,31,30,30,31,32,30,30,33,30,31,30,33,30,21
1.9,0.8,180,10,12,14,15,16,17,19,21,23,28,23,23,21,21,21,23,25,23,24,26,28,28,28,28,27,27,28,29,30,30,29,29,29,29,28,29,28,28,29,29,29,28,30,31,31,32,29,27,28,28,26,25,26,26,26,28,28,28,29,29,30,31,32,32,31,31,30,31,30,30,30,32,31,30,32,30,32,30,30,28,26,26,26,25,27,26,27,29,30,30,29,31,31,31,34,34,36,35,35,33,30,29,29,28,30,31,31,29,25
2.15,0.8,180,0,0,0,0,0,0,0,0,0,0,2,2,4,5,6,7,7,7,8,9,11,12,14,16,17,16,17,17,20,20,19,20,19,19,17,18,19,22,25,27,20,21,22,23,19,20,23,18,21,24,26,24,22,18,16,16,18,21,19,17,18,20,19,20,19,19,21,21,22,24,24,24,26,23,22,24,24,22,23,22,21,23,23,25,27,27,23,23,25,28,31,23,23,23,26,26,25,27,28,29,29,29,27,27,26,24,21,20,15
2.2,0.8,180,12,16,16,17,16,18,18,18,19,20,21,22,22,22,22,23,23,23,23,24,23,21,21,22,22,22,24,22,22,22,20,20,20,21,19,18,17,18,18,19,18,18,21,20,20,20,19,19,19,20,20,20,20,21,22,23,24,22,20,21,20,20,21,20,20,21,21,21,21,20,21,22,21,22,21,22,21,22,22,21,22,23,23,24,24,25,23,24,22,23,25,25,24,25,27,27,29,28,31,31,33,36,38,42,42,43,39,34,29
2.25,0.8,180,14,17,17,20,22,21,19,22,22,20,20,21,22,23,22,24,22,23,22,23,22,23,24,20,20,21,22,23,22,22,22,21,22,23,22,19,20,21,21,22,22,20,20,19,20,20,20,20,20,21,20,21,22,22,23,22,23,22,21,22,22,23,21,22,23,22,23,24,24,23,23,24,26,25,26,25,24,23,23,25,24,25,24,24,24,24,22,25,25,25,25,25,25,25,26,24,28,28,24,28,30,31,32,34,33,32,31,26,24
2.3,0.8,180,14,16,16,18,19,19,20,20,22,21,22,23,23,24,24,24,23,24,24,24,24,24,23,23,22,23,24,24,23,23,24,23,24,24,21,21,21,22,23,23,22,23,23,23,22,23,22,22,22,22,22,22,23,22,21,22,22,22,22,23,22,23,24,25,26,29,29,30,25,24,24,25,27,24,26,24,27,24,25,26,25,26,25,27,28,26,26,26,29,26,27,28,27,28,29,27,26,27,26,26,27,27,29,29,28,30,24,21,21
2.35,0.8,180,11,14,15,15,16,18,18,18,19,19,21,21,22,22,22,23,24,22,22,23,24,24,24,23,21,21,22,23,24,25,24,24,23,22,24,23,23,22,22,22,23,23,24,23,25,24,25,22,22,21,22,21,22,23,24,26,26,26,27,26,29,24,24,24,24,26,27,25,25,26,25,27,26,25,24,25,24,25,25,24,24,25,24,24,24,25,25,24,25,24,22,23,22,23,26,24,24,25,25,29,29,31,33,33,33,31,32,29,20
2.4,0.8,180,13,14,15,17,17,18,19,20,20,21,21,21,22,23,23,24,23,25,24,25,24,22,23,23,22,22,22,22,22,22,23,23,23,22,22,22,23,22,23,23,23,22,23,22,24,24,23,23,24,24,23,23,23,22,23,24,24,27,27,25,22,23,24,22,24,24,24,23,20,22,23,21,22,23,23,22,23,23,23,23,24,22,21,21,22,23,24,24,24,24,24,24,25,25,25,26,26,25,26,26,26,27,26,26,26,28,23,19,17
2.45,0.8,180,12,14,15,16,17,18,20,20,21,23,24,23,25,24,24,24,25,25,25,27,27,30,30,29,28,27,26,26,24,25,25,26,26,28,26,27,26,26,27,26,26,26,26,27,27,26,29,29,28,28,26,27,26,26,27,29,30,28,28,28,29,29,29,30,30,29,27,25,23,23,24,25,24,23,24,22,22,22,23,24,25,24,24,23,23,24,25,29,32,27,26,27,27,28,31,28,25,27,25,28,29,30,30,31,31,33,29,24,19
2.5,0.8,180,14,17,19,20,20,23,26,29,25,21,23,22,23,24,25,24,25,27,28,28,27,26,27,25,23,23,25,25,25,24,26,25,25,26,25,25,24,24,24,24,24,21,21,23,23,24,24,25,25,24,24,24,23,22,23,24,29,28,26,27,30,32,29,30,29,27,24,24,24,22,24,26,25,22,23,22,21,23,24,24,24,25,26,26,26,28,25,29,31,32,30,30,30,30,30,28,29,30,29,31,32,32,32,34,33,35,33,30,25
2.55,0.8,180,13,15,16,17,18,19,20,20,22,22,22,22,23,24,25,23,22,23,24,23,23,22,23,24,23,24,21,23,23,23,23,24,23,23,24,24,23,22,22,25,25,23,24,23,22,23,24,24,24,22,22,25,24,23,24,24,26,27,27,25,24,25,25,25,25,27,25,25,26,27,27,29,29,29,26,28,27,31,33,32,36,34,35,35,33,35,34,30,34,31,31,34,32,33,28,26,25,26,25,27,27,28,28,29,29,29,26,20,17
2.6,0.8,180,13,15,16,17,17,18,19,20,20,20,21,21,23,24,24,25,28,31,30,25,28,25,25,25,23,22,23,23,23,22,21,21,21,22,22,22,23,22,21,21,21,21,21,22,22,20,21,21,20,21,20,19,19,18,19,17,18,18,19,19,20,19,19,18,19,21,22,23,23,25,24,23,23,22,22,23,24,26,26,33,30,27,27,29,27,29,28,29,25,25,26,26,24,21,20,22,21,23,22,21,22,22,22,23,24,26,26,21,21
2.65,0.8,180,10,13,15,16,18,18,18,18,20,20,21,22,21,21,22,22,23,23,23,24,23,25,24,24,23,23,22,22,22,22,22,21,22,20,20,22,22,21,22,21,21,21,21,21,22,22,19,20,20,20,20,19,20,20,19,19,20,19,18,18,17,19,20,20,20,19,20,19,19,19,19,18,19,17,17,19,18,20,19,19,19,18,18,19,18,19,18,17,17,18,19,19,20,20,21,23,25,27,28,25,27,24,24,25,25,24,25,19,16
2.7,0.8,180,17,18,18,19,20,21,22,21,22,22,23,21,22,22,23,23,21,24,23,23,23,23,24,24,23,24,25,26,25,23,22,22,21,22,24,24,24,24,22,23,23,23,21,20,19,20,21,21,21,21,21,21,20,21,21,21,19,19,18,19,21,22,22,21,20,21,20,22,22,22,23,21,21,21,22,22,22,21,22,20,19,20,21,22,21,21,21,20,22,22,23,25,27,27,27,27,27,25,26,26,26,26,27,27,27,28,27,23,18
2.75,0.8,180,15,17,19,19,20,20,21,19,20,21,22,22,23,23,24,25,25,25,25,24,24,24,24,23,24,22,22,23,22,22,20,20,21,22,22,22,21,21,21,21,21,21,21,19,20,20,20,21,21,20,20,19,20,20,21,22,22,23,23,22,23,23,23,24,24,24,24,24,22,22,23,21,20,19,19,20,20,18,23,19,24,26,20,23,20,19,21,27,23,22,25,27,26,26,25,25,25,24,24,25,25,26,26,27,27,29,26,25,25
2.8,0.8,180,11,14,16,16,17,18,19,18,18,20,20,20,22,22,23,23,22,24,22,23,22,23,23,24,23,24,24,24,24,22,21,22,23,23,22,20,20,21,22,21,23,21,21,20,20,20,22,22,21,23,21,23,23,22,22,20,21,21,21,22,22,23,21,21,22,21,22,23,23,24,21,21,21,21,24,21,23,23,22,22,23,23,23,23,23,22,22,23,22,24,24,22,23,24,26,27,28,30,29,29,28,29,31,30,30,32,32,28,22
2.85,0.8,180,12,15,16,17,17,19,20,21,21,21,21,23,23,22,23,23,24,24,24,24,25,25,23,24,22,23,24,24,24,25,25,24,24,25,25,23,24,26,25,24,26,26,28,28,27,28,25,27,27,26,27,25,25,25,25,25,28,27,25,25,24,25,24,24,25,24,21,22,24,23,21,23,23,24,24,25,24,33,35,38,31,24,24,23,24,24,24,23,26,23,22,24,24,27,28,29,31,32,30,31,31,32,31,31,32,34,33,30,20
2.9,0.8,180,13,16,16,16,17,17,18,19,20,22,23,23,24,26,27,25,25,25,26,25,25,25,27,25,25,24,25,26,25,25,24,23,23,23,23,24,25,23,23,23,24,24,24,24,25,26,26,24,25,27,24,25,26,26,27,27,27,27,26,26,26,24,26,26,25,26,28,26,26,25,24,23,23,24,23,22,25,27,28,25,26,26,28,28,27,28,26,25,26,27,27,26,25,26,26,28,31,30,31,30,31,30,30,30,33,33,33,33,26
2.95,0.8,180,13,15,16,16,18,20,20,21,22,21,21,23,24,25,26,26,29,28,29,28,27,27,28,29,26,27,26,27,26,26,27,27,26,25,26,25,24,24,24,25,25,26,24,27,26,24,24,24,25,26,26,24,25,26,26,26,27,27,25,26,26,25,27,26,25,27,28,27,29,28,30,29,27,26,26,24,25,23,27,23,24,24,25,26,26,28,27,29,29,29,28,26,27,28,27,28,29,30,30,31,31,31,31,31,32,31,32,29,23
3,0.8,180,13,15,15,17,18,19,18,18,19,20,21,21,23,24,24,25,26,26,27,27,26,25,24,25,25,26,25,23,23,23,24,25,26,25,26,25,25,25,25,24,24,25,24,25,24,23,23,22,22,22,19,20,19,20,21,22,22,22,22,23,25,25,27,26,28,28,28,26,27,26,24,25,24,23,25,25,23,25,27,26,28,28,28,29,25,25,25,25,24,23,22,23,23,21,25,27,28,27,28,28,27,27,28,29,32,32,33,25,18
3.05,0.8,180,15,17,20,20,21,22,23,24,21,24,24,25,24,26,25,26,24,22,24,25,25,23,24,24,26,25,24,23,24,22,23,24,24,23,22,22,21,21,22,21,21,20,21,21,22,23,23,22,23,22,22,22,23,22,21,21,21,22,22,22,21,21,21,22,22,22,22,22,22,21,22,21,22,22,21,22,23,21,21,21,22,21,21,21,21,21,21,22,22,22,22,23,26,22,26,24,26,25,27,28,27,30,29,30,32,32,26,20,16
3.1,0.8,180,12,14,15,16,18,17,19,20,19,20,20,21,20,21,21,21,22,24,24,24,23,22,23,23,23,22,22,24,21,22,23,22,23,21,21,21,21,21,20,19,20,20,21,22,21,22,22,20,21,21,21,21,20,19,21,20,21,20,20,19,19,19,21,20,20,22,19,21,19,19,21,21,21,23,21,20,19,20,20,21,21,22,20,21,21,20,21,21,21,21,21,20,21,21,21,22,22,24,24,25,26,26,27,27,29,28,28,25,19
3.15,0.8,180,13,14,16,17,18,20,19,20,20,20,19,20,21,21,22,22,23,23,23,24,23,22,23,22,20,21,21,22,21,22,21,22,22,21,22,21,21,19,19,20,21,22,22,22,23,22,22,22,22,21,20,19,20,20,21,21,20,21,20,20,20,21,21,22,20,21,20,21,22,21,22,22,22,21,22,21,22,23,21,21,20,20,20,22,21,21,21,20,21,19,20,22,21,22,23,24,24,24,23,25,25,24,24,24,25,25,26,22,17
3.2,0.8,180,12,14,15,16,17,17,19,18,19,20,19,20,20,20,20,21,22,22,22,23,23,24,22,23,23,22,22,20,22,21,22,22,21,21,21,21,21,21,21,21,22,19,21,21,21,21,20,22,21,22,22,21,23,22,21,23,21,22,23,23,22,25,27,27,24,23,23,22,23,23,24,24,23,24,24,23,20,19,20,20,21,21,23,20,21,22,22,23,24,24,25,24,25,25,26,26,27,25,26,27,28,27,29,28,29,29,28,25,22
3.25,0.8,180,11,14,15,16,16,17,18,19,19,19,20,22,21,23,22,23,23,23,24,24,24,24,24,25,25,25,26,25,25,25,24,25,25,24,23,23,24,23,24,23,23,23,24,22,22,23,23,22,22,23,23,23,22,23,23,23,23,21,21,21,21,22,23,23,24,24,23,24,22,24,24,23,21,22,21,22,23,25,25,25,26,30,32,32,31,26,27,25,28,27,28,29,29,28,28,29,28,28,28,30,30,33,31,32,36,32,32,31,24
3.3,0.8,180,12,14,18,18,20,21,20,20,21,21,21,23,23,24,24,24,25,25,26,27,26,25,25,27,28,26,28,28,27,27,26,27,25,24,26,25,26,26,28,26,26,25,25,26,26,27,29,28,29,28,28,28,29,27,28,29,27,27,28,29,31,32,33,31,32,31,31,22,23,20,19,20,20,22,22,24,23,24,25,26,27,27,27,29,26,27,27,27,28,29,34,33,29,32,32,31,31,32,31,31,31,32,33,34,34,39,40,33,27
3.35,0.8,180,6,8,8,9,10,11,11,12,14,15,17,17,18,19,20,21,22,23,24,25,26,27,27,27,27,28,28,27,26,26,26,27,27,26,26,28,28,26,26,25,25,25,25,27,27,28,29,28,29,30,30,32,31,30,31,32,31,29,29,29,29,28,27,28,27,25,26,25,25,25,23,21,23,23,21,22,21,21,21,22,24,23,23,24,25,26,26,23,24,24,25,25,26,27,27,27,30,28,29,26,28,31,32,33,32,31,32,29,25
3.4,0.8,180,10,14,16,18,19,19,21,23,23,23,24,23,24,24,25,26,26,26,28,28,29,30,28,29,28,29,31,31,32,31,33,31,29,30,30,28,29,28,28,29,30,29,28,28,30,29,29,28,30,32,31,30,29,33,30,31,32,33,31,31,30,33,28,0,0,0,0,0,0,0,0,0,0,0,0,0,0,0,0,0,0,0,0,0,0,0,0,0,0,0,0,0,0,0,0,0,0,0,0,0,0,0,0,0,0,0,0,0,0
0.05,0.85,180,9,12,14,14,16,18,17,16,17,17,17,17,18,19,19,20,21,20,21,22,22,22,19,21,21,21,21,21,21,21,21,23,21,23,23,29,22,24,23,22,23,25,23,22,22,20,18,20,22,19,20,22,22,24,24,25,22,25,26,27,28,27,21,29,21,20,22,24,22,20,17,17,17,19,19,20,17,18,17,19,19,21,23,24,26,24,26,24,24,24,25,21,23,24,23,23,24,26,27,31,33,33,33,30,30,29,28,21,18
0.1,0.85,180,8,12,13,14,14,16,16,18,19,19,19,18,19,19,19,20,20,23,25,25,23,24,24,23,25,23,23,23,21,21,21,24,25,24,24,23,22,21,22,23,22,22,21,22,22,23,21,21,23,21,26,25,21,20,20,21,22,21,21,23,22,21,23,21,22,22,23,23,23,24,23,23,23,23,23,23,25,24,25,23,24,26,29,30,24,24,23,25,24,25,25,25,25,25,25,25,25,26,27,27,27,27,27,29,28,32,31,32,29
0.15,0.85,180,6,9,13,12,16,22,25,24,25,19,20,20,21,22,22,23,23,23,21,21,22,22,22,23,23,24,24,26,22,22,20,20,21,22,21,22,21,20,20,20,21,20,21,22,22,20,19,20,20,21,21,21,20,20,21,24,23,26,22,24,24,25,28,29,26,29,28,26,25,25,24,22,21,21,21,22,23,26,24,25,25,26,25,25,26,24,22,23,22,23,23,23,24,25,25,25,25,25,27,25,25,27,27,31,35,38,35,30,17
0.2,0.85,180,1,8,12,13,14,14,16,17,18,19,18,18,20,20,20,21,22,24,24,24,22,21,22,22,23,22,20,20,20,21,20,21,20,20,19,20,21,22,22,19,20,20,20,20,21,22,20,21,20,20,21,21,22,21,22,20,21,21,22,19,18,17,18,21,22,26,27,28,29,28,32,23,25,26,21,22,25,26,20,20,17,17,17,19,17,18,20,19,21,20,20,23,22,23,22,25,25,25,25,26,28,29,30,29,27,29,28,29,28
0.25,0.85,180,9,11,12,12,14,14,15,16,17,19,19,20,20,21,23,25,23,22,22,23,23,23,23,23,22,22,22,24,23,22,21,22,21,21,23,24,25,26,27,28,30,31,30,30,31,28,28,27,28,27,27,27,27,28,29,27,30,28,26,26,26,28,29,28,27,28,26,26,24,24,25,24,23,24,23,23,24,23,24,25,25,23,23,24,23,22,24,23,22,23,20,23,21,22,21,21,22,21,21,20,22,23,24,25,25,27,28,26,16
0.3,0.85,180,6,9,11,15,14,15,15,15,16,16,17,18,20,20,21,22,23,23,22,22,21,22,22,22,22,21,21,21,22,21,21,20,20,20,21,21,22,20,20,19,20,21,21,21,21,20,20,20,20,19,21,20,20,20,20,20,19,19,20,20,21,20,21,20,20,18,17,19,19,20,17,21,19,18,18,19,20,20,22,19,18,19,19,20,20,20,20,20,20,19,22,23,21,20,21,21,20,20,21,22,20,20,23,22,23,23,22,19,14
0.35,0.85,180,3,8,10,12,15,15,15,16,17,18,19,20,21,21,21,20,21,22,22,24,23,24,23,25,23,21,22,22,23,22,22,20,21,21,23,22,23,21,22,21,21,23,22,21,21,21,21,22,20,19,20,19,20,21,21,21,20,19,20,20,20,20,21,20,20,19,19,21,21,21,20,19,20,19,19,18,18,16,18,17,19,18,18,19,18,20,21,20,20,21,19,19,18,18,18,17,18,18,18,19,19,21,21,21,21,21,21,23,19
0.4,0.85,180,5,8,12,13,14,15,15,17,18,19,19,21,21,22,23,24,24,25,25,24,24,24,24,25,23,23,23,23,23,23,22,22,23,23,23,23,22,22,24,23,23,24,24,23,22,22,23,24,24,25,23,24,23,24,24,23,22,21,21,20,21,20,21,22,24,25,24,21,22,23,23,26,22,22,23,22,23,23,23,22,24,23,24,25,24,26,29,28,25,24,23,23,23,22,22,23,23,23,23,24,25,24,24,24,21,23,26,27,25
0.45,0.85,180,7,10,11,14,16,15,16,17,19,18,20,20,21,22,22,23,23,24,25,26,25,26,26,27,25,26,25,25,25,24,23,23,25,24,24,22,23,28,24,23,24,23,23,24,24,25,26,26,27,25,26,27,25,24,26,25,25,23,25,23,24,24,23,21,23,22,21,22,21,21,21,21,22,23,24,27,25,25,26,25,23,21,23,23,23,24,28,33,26,31,30,31,30,28,27,26,31,30,30,30,31,31,27,25,24,27,27,35,27
0.5,0.85,180,0,8,10,12,14,15,16,17,17,19,18,20,22,22,23,24,24,24,24,24,26,24,25,25,27,26,26,26,25,24,25,24,24,24,25,25,24,25,24,25,25,25,24,25,24,25,24,25,24,24,25,25,24,26,25,25,25,25,27,26,25,26,24,25,26,26,25,27,27,25,26,25,23,24,23,22,24,23,21,23,23,22,22,21,21,22,23,25,25,25,24,26,27,28,30,28,28,28,27,31,29,28,26,26,26,26,28,28,24
1.1,0.85,180,9,11,13,14,18,16,16,17,18,18,18,19,19,21,21,22,22,23,24,22,22,22,24,23,22,24,25,24,23,23,22,23,21,22,24,23,22,22,23,24,26,27,27,26,29,23,20,19,18,18,19,20,19,21,21,24,27,25,23,23,22,22,23,23,19,22,21,20,20,18,20,23,23,23,23,22,22,23,23,24,25,26,28,29,29,32,27,28,26,27,28,30,28,29,28,28,27,29,25,24,23,24,31,35,29,30,31,30,25
1.15,0.85,180,8,10,13,14,17,20,22,26,19,18,18,19,19,19,21,22,23,23,23,22,22,23,24,22,21,20,19,20,20,21,21,21,20,21,20,21,21,22,22,19,19,21,21,21,21,20,19,20,19,19,19,19,19,18,19,21,21,20,21,23,19,19,20,20,20,20,20,19,21,21,21,22,22,20,20,21,23,23,25,27,29,27,26,24,23,23,24,25,25,25,26,28,28,33,33,35,33,29,29,29,30,29,28,27,30,28,27,27,22
1.2,0.85,180,9,12,13,16,18,18,18,19,21,20,20,21,21,22,21,23,22,22,23,24,25,25,24,23,24,23,25,23,22,22,22,22,22,23,24,24,23,24,23,23,23,24,24,24,22,22,22,21,22,22,21,21,21,21,21,22,22,22,23,19,23,24,24,23,25,27,29,30,27,32,31,28,29,22,21,23,22,20,21,21,23,23,22,23,24,23,23,23,25,23,25,24,28,25,24,26,26,26,27,27,27,28,29,28,29,31,31,24,20
1.25,0.85,180,7,11,14,16,17,19,19,21,21,21,19,19,19,21,25,25,24,24,26,28,27,26,27,26,26,26,28,28,28,25,24,24,21,22,24,25,24,24,25,25,24,24,23,24,25,24,24,25,25,26,28,26,26,26,26,25,25,25,25,27,27,27,25,27,26,27,27,28,28,28,30,27,28,25,27,25,24,25,27,28,24,23,23,25,26,24,23,21,20,21,22,23,23,24,25,27,30,31,32,32,32,32,31,31,33,31,33,33,24
1.3,0.85,180,8,10,13,14,15,16,17,18,19,20,21,22,23,23,24,26,26,27,27,28,29,29,31,32,31,29,28,28,29,26,26,27,25,26,27,29,31,28,28,28,28,29,28,30,29,29,30,29,30,30,29,29,27,27,27,26,27,27,27,27,26,27,27,26,26,25,25,26,27,28,26,25,27,28,27,27,27,27,27,27,27,28,27,30,29,28,27,27,26,27,26,27,28,28,28,28,28,29,29,29,35,33,29,28,29,28,29,28,26
1.8,0.85,180,9,11,15,15,17,17,16,17,18,18,19,21,21,22,21,21,20,22,22,23,22,22,20,20,19,20,21,23,21,20,21,23,22,23,21,22,20,20,19,20,20,21,22,21,21,19,18,17,18,19,19,19,19,20,21,19,21,19,21,23,24,22,19,23,25,28,25,25,17,20,20,19,17,19,20,17,19,20,21,23,24,25,27,24,27,26,28,28,28,28,30,25,27,23,26,26,24,24,21,25,25,26,25,25,24,24,24,22,18
1.85,0.85,180,9,12,12,13,14,15,16,18,20,19,21,21,21,20,21,22,22,23,24,24,25,24,24,22,23,22,23,23,24,24,22,22,23,22,23,24,23,25,24,24,24,24,24,24,21,21,22,27,28,25,28,25,20,21,20,22,21,20,20,21,21,20,22,22,26,28,27,27,27,25,24,23,23,21,21,24,29,28,30,28,29,30,30,32,33,35,36,38,41,44,45,38,37,39,39,37,41,40,40,44,46,45,42,45,45,48,44,32,27
1.9,0.85,180,7,9,10,13,16,22,25,30,24,20,20,20,21,21,20,22,23,23,24,25,25,27,28,29,31,31,33,33,35,34,28,27,28,27,24,25,25,25,25,26,26,26,25,25,26,26,25,27,26,26,27,28,28,27,29,26,27,25,26,26,25,22,24,25,24,23,23,23,24,25,28,27,27,26,26,23,24,24,24,24,24,22,22,23,22,23,22,23,24,25,22,23,23,22,22,25,32,31,30,24,25,27,28,29,28,27,29,22,18
2.15,0.85,180,12,16,17,17,18,19,18,20,21,21,21,22,23,21,21,21,23,22,21,21,21,22,23,22,22,21,21,22,22,21,20,20,22,23,23,25,24,26,31,35,34,31,27,24,22,22,21,23,25,27,27,29,22,21,20,24,27,24,20,25,23,18,20,19,17,14,15,18,19,12,15,19,17,18,15,18,18,17,18,18,19,18,19,21,19,20,20,20,21,19,21,22,24,25,26,27,30,30,31,32,30,28,29,28,28,27,20,15,7
2.2,0.85,180,14,15,16,16,19,20,20,21,21,21,21,21,20,22,22,22,22,22,23,24,22,22,22,23,23,23,22,22,21,22,23,20,19,20,21,21,22,22,20,21,20,20,21,19,18,19,18,18,19,19,18,19,19,19,19,18,17,17,19,18,20,20,20,19,20,19,18,19,18,17,17,17,14,19,17,19,19,19,20,21,23,25,25,24,20,20,19,21,22,23,24,27,29,30,30,28,28,28,28,27,26,28,27,26,28,27,24,21,19
2.25,0.85,180,16,16,17,17,17,18,20,19,19,21,21,23,22,22,22,22,23,24,24,24,24,23,23,20,22,22,23,23,23,23,21,22,21,20,19,19,20,21,21,21,21,20,20,20,19,20,24,25,28,24,25,20,20,19,20,19,18,18,19,18,21,20,18,18,21,21,21,31,32,30,20,20,22,22,23,24,22,20,21,21,21,22,24,23,23,24,22,22,22,23,23,24,23,25,23,24,23,24,25,24,26,28,26,28,28,27,24,24,17
2.3,0.85,180,14,16,17,19,19,21,22,22,22,20,22,21,22,23,23,23,21,21,21,22,23,22,24,24,22,21,20,22,23,23,22,23,22,23,23,24,25,20,21,20,21,21,21,21,19,20,20,19,20,20,20,18,19,19,21,22,21,21,20,20,20,22,21,20,19,19,20,22,23,25,25,25,26,22,22,22,20,21,20,21,21,22,22,24,23,23,24,25,25,23,25,25,25,25,25,24,26,27,29,29,26,26,29,32,31,32,28,18,15
2.35,0.85,180,13,14,15,16,17,18,19,20,27,31,33,22,22,22,23,24,24,24,24,23,24,24,24,25,24,23,23,24,24,24,24,24,23,23,22,23,23,25,27,29,28,34,39,40,34,26,24,24,23,23,24,24,24,25,23,24,25,26,25,24,24,26,25,25,25,25,28,26,27,27,29,28,28,27,27,26,29,30,25,22,24,24,23,23,23,26,23,27,30,30,32,34,35,37,37,36,38,34,33,33,33,33,34,35,37,39,40,33,28
2.4,0.85,180,11,14,15,16,17,18,18,19,20,22,22,22,24,24,25,25,25,24,25,24,24,23,24,24,24,24,24,24,24,25,23,23,23,24,23,24,22,22,22,23,23,24,24,22,24,23,24,23,24,24,23,22,23,23,23,24,25,24,24,24,23,24,24,23,23,21,21,21,22,23,23,24,23,24,23,24,25,25,25,29,32,32,35,35,31,29,29,27,30,28,26,25,24,30,28,24,24,24,25,25,25,25,26,27,26,30,28,24,18
2.45,0.85,180,13,13,16,16,16,18,19,19,19,20,20,20,21,23,23,24,25,25,26,26,25,26,25,24,25,24,24,25,25,25,25,26,26,26,26,25,24,25,25,25,26,26,26,26,27,26,27,26,24,25,23,24,25,25,25,25,25,25,25,27,27,26,27,27,27,27,28,28,28,28,28,27,26,26,27,25,26,25,23,22,22,23,21,25,23,24,25,26,25,25,26,27,25,26,26,25,27,26,25,25,27,27,27,27,27,27,24,21,17
2.5,0.85,180,10,14,14,15,17,17,16,18,18,19,20,21,21,21,21,23,23,24,24,23,24,25,25,25,25,24,24,24,23,24,24,25,22,24,24,24,24,23,24,23,24,23,23,24,25,23,23,23,23,24,23,24,26,26,25,25,24,24,25,24,26,27,28,30,27,28,27,25,25,26,27,26,25,26,27,29,28,29,29,25,25,23,25,24,24,26,23,24,26,25,26,23,26,27,27,28,27,27,27,26,27,27,31,32,29,35,29,25,22
2.55,0.85,180,13,15,16,19,21,19,20,21,22,23,24,23,23,24,24,23,22,24,23,25,26,26,24,24,23,23,23,24,23,23,22,22,23,24,24,23,24,24,25,23,23,21,21,22,21,21,22,21,21,20,21,21,22,21,22,21,20,21,22,22,23,24,23,24,24,22,21,22,23,23,20,21,21,21,20,21,20,21,20,20,22,22,23,25,27,22,21,23,26,28,33,28,28,27,26,27,28,26,27,29,29,29,30,29,36,37,33,21,19
2.6,0.85,180,14,14,15,17,18,19,20,21,22,23,24,24,24,25,26,27,27,25,26,27,25,25,24,26,24,25,23,24,23,23,23,23,23,23,23,22,21,22,22,24,22,21,21,21,22,21,21,21,22,21,21,20,21,21,21,21,20,21,23,22,22,21,20,20,21,22,22,21,18,20,20,20,22,21,20,19,19,19,18,20,20,18,17,18,19,20,20,22,22,21,22,22,23,22,23,24,24,24,27,27,25,26,26,25,28,32,29,28,29
2.65,0.85,180,12,17,18,19,19,20,20,21,20,22,22,23,23,23,24,25,26,26,24,25,25,25,25,25,26,24,23,24,23,23,21,22,22,22,23,23,24,23,22,21,22,23,20,20,19,21,21,21,21,20,21,20,21,21,21,20,20,21,19,19,20,21,21,22,21,21,20,21,22,19,20,19,20,19,19,20,20,19,18,18,19,19,20,19,20,21,20,19,21,21,20,21,21,21,22,22,23,24,23,24,24,24,24,24,26,28,25,23,23
2.7,0.85,180,14,16,17,18,19,20,20,22,22,23,23,22,23,23,23,23,24,23,24,23,22,22,22,23,23,23,22,21,21,21,23,22,23,22,21,22,22,23,22,22,23,22,23,23,24,21,21,21,21,21,21,20,20,19,19,19,20,18,22,21,18,18,20,20,20,20,19,19,19,20,21,21,20,19,19,18,19,20,21,20,21,22,19,22,20,24,21,25,22,22,23,25,25,23,23,22,21,21,21,22,21,22,24,24,23,27,26,20,17
2.75,0.85,180,15,16,18,18,19,19,21,20,23,22,22,23,22,21,22,23,23,24,24,24,23,22,22,24,23,23,23,22,22,21,22,21,20,20,20,22,22,21,21,20,21,21,20,21,19,18,19,20,20,20,19,19,20,21,20,20,21,19,20,19,19,20,21,23,21,22,23,23,22,24,25,24,26,24,27,22,21,19,19,18,19,20,19,19,20,19,18,19,20,19,20,23,24,24,26,23,23,24,24,25,26,25,25,30,30,29,24,21,20
2.8,0.85,180,12,15,17,19,19,20,21,21,19,20,21,22,21,22,24,24,25,25,25,24,24,25,24,25,26,26,26,24,25,24,24,23,22,23,24,24,24,24,23,22,22,23,23,22,23,21,20,21,21,22,22,21,21,21,20,21,21,21,21,21,22,21,22,22,22,23,22,23,22,23,25,24,26,26,24,26,26,25,23,23,22,25,23,25,23,22,20,20,23,22,25,23,24,26,26,26,27,27,28,29,26,28,32,34,33,32,34,29,24
2.85,0.85,180,12,14,17,18,19,21,21,22,21,22,22,23,22,23,24,23,25,24,24,24,22,23,23,24,24,23,24,23,22,22,23,22,23,23,21,21,23,23,23,24,23,24,23,24,23,23,22,22,23,22,23,23,25,24,25,23,25,23,24,24,23,23,22,22,21,22,24,24,24,24,25,26,25,23,24,24,22,22,23,22,23,24,24,25,24,24,23,24,24,25,24,24,26,28,28,27,28,28,28,30,31,31,31,31,31,32,31,23,18
2.9,0.85,180,11,13,14,15,16,17,18,17,17,19,19,20,21,21,21,22,23,22,22,22,23,23,23,23,25,24,24,26,27,26,27,28,27,26,26,25,25,25,23,23,26,26,28,28,25,23,24,26,26,25,26,26,25,26,23,24,25,24,24,25,23,22,24,23,23,21,22,20,20,22,23,24,24,25,22,22,23,23,23,23,27,25,21,20,21,23,23,22,25,25,29,28,29,30,28,30,29,29,29,30,32,33,37,34,33,29,28,25,22
2.95,0.85,180,11,12,14,15,16,17,17,18,19,19,19,20,21,22,23,24,25,24,25,26,25,24,24,24,24,24,25,24,24,24,26,26,25,26,25,26,24,25,24,24,24,25,25,24,26,24,24,26,27,25,26,27,27,26,26,27,27,26,26,27,28,27,28,27,26,27,26,23,23,23,24,24,24,24,24,23,23,24,25,26,26,27,29,22,22,22,23,25,24,24,24,23,26,27,26,25,25,27,27,26,27,27,28,28,31,31,32,26,20
3,0.85,180,12,12,14,15,16,17,17,18,17,19,19,20,21,22,23,22,23,24,24,23,24,23,23,24,24,26,25,25,24,24,24,23,24,24,23,22,22,21,21,22,22,23,22,22,21,21,21,23,22,22,20,19,20,22,21,22,21,21,21,20,21,21,22,23,22,21,23,22,23,23,25,24,26,28,28,27,27,24,22,21,22,22,23,23,24,25,24,23,22,26,27,28,28,27,27,31,31,30,31,29,30,31,31,31,31,32,31,25,20
3.05,0.85,180,14,18,20,22,19,20,19,20,20,21,21,21,22,23,24,24,25,24,23,25,26,25,25,25,25,24,24,24,25,24,24,26,27,27,28,29,30,32,33,33,32,29,24,21,20,19,20,21,20,19,18,20,19,20,22,23,23,23,21,22,21,22,20,21,20,20,18,20,20,20,21,22,21,20,20,20,18,20,21,23,21,18,19,19,21,21,18,20,21,20,21,21,22,23,25,26,26,27,27,27,27,27,27,28,27,28,25,23,16
3.1,0.85,180,12,15,15,16,17,18,18,19,21,20,21,22,22,22,22,21,22,23,24,24,24,24,25,24,24,23,22,21,21,22,21,22,21,22,21,21,21,20,21,20,19,19,19,21,21,21,22,21,21,22,21,20,22,21,20,21,22,22,22,23,22,22,21,21,21,22,21,22,20,21,20,21,22,22,22,22,23,23,21,20,21,21,20,21,20,20,19,21,23,24,24,25,27,26,25,27,29,29,29,27,28,28,28,28,28,27,27,23,18
3.15,0.85,180,13,14,16,17,16,17,18,18,19,20,20,20,22,22,21,21,22,22,23,23,23,22,23,23,22,23,21,19,21,21,20,22,22,21,21,20,21,21,21,20,20,19,19,20,20,21,21,21,20,20,21,21,22,22,21,23,22,21,22,22,21,20,20,19,20,22,23,22,23,22,21,19,20,22,21,22,18,19,20,20,19,19,19,18,19,20,20,21,23,24,24,24,25,26,28,37,29,26,26,28,28,30,28,28,28,27,27,23,19
3.2,0.85,180,13,14,15,16,17,18,19,18,19,20,21,20,20,20,20,21,22,22,22,23,23,22,22,22,22,21,21,21,20,21,21,21,21,22,20,21,21,20,21,19,19,20,21,20,20,20,21,20,20,19,20,20,20,18,19,18,19,20,21,20,20,20,19,20,21,20,21,20,19,18,19,19,21,21,20,19,20,19,19,20,19,19,18,18,19,21,24,24,24,26,27,29,29,29,29,31,33,34,33,26,27,26,28,29,29,29,28,24,19
3.25,0.85,180,10,12,13,14,15,15,16,17,17,19,19,20,20,21,21,22,23,22,22,23,23,23,23,23,24,22,24,22,22,22,22,22,22,22,23,23,22,21,21,21,22,21,21,21,21,21,21,22,24,24,24,24,22,22,22,23,21,20,20,20,22,22,21,21,21,22,21,23,21,22,20,22,20,21,23,23,25,24,25,26,26,26,26,23,23,23,22,23,24,24,25,28,29,27,28,28,28,25,27,27,28,29,28,28,28,28,28,27,21
3.3,0.85,180,13,16,18,19,20,20,20,21,22,23,23,23,23,24,24,24,24,25,25,26,26,26,25,26,27,27,27,26,25,25,25,26,26,25,26,25,24,26,26,27,26,26,25,24,25,25,25,26,27,26,27,28,28,29,28,31,31,31,32,31,33,31,31,29,28,23,22,23,22,24,23,24,22,21,23,23,23,24,24,25,27,25,26,25,24,25,25,25,25,26,26,27,27,28,28,29,28,29,30,31,32,30,32,32,31,31,32,25,19
3.35,0.85,180,15,16,17,18,19,20,20,21,22,23,24,24,25,25,26,26,26,26,26,26,27,26,26,26,27,26,27,28,26,27,26,26,26,26,26,25,27,26,24,26,25,27,24,25,25,24,23,23,23,23,26,26,25,27,28,26,25,26,24,24,24,25,25,26,27,26,26,26,26,27,27,29,30,28,28,25,26,27,27,26,26,28,27,28,28,29,29,27,28,27,27,28,30,30,28,29,30,30,30,30,30,31,29,30,31,32,32,25,20
3.4,0.85,180,11,14,16,18,19,21,22,21,26,25,25,26,27,26,27,26,26,27,27,27,29,29,29,29,29,30,31,32,31,30,30,29,30,29,29,29,28,27,28,28,29,29,29,26,28,29,28,30,31,30,30,31,31,30,31,31,30,27,32,34,33,29,26,0,0,0,0,0,0,0,0,0,0,0,0,0,0,0,0,0,0,0,0,0,0,0,0,0,0,0,0,0,0,0,0,0,0,0,0,0,0,0,0,0,0,0,0,0,0
0.05,0.9,180,8,11,12,14,15,15,19,18,19,20,20,20,20,19,20,19,20,21,22,21,21,22,22,22,22,21,22,21,20,20,22,20,19,18,18,19,21,23,24,24,24,23,23,24,25,22,22,21,19,19,22,23,22,21,18,20,23,20,21,24,25,27,28,30,31,32,33,34,36,32,35,30,29,29,25,28,25,23,25,23,29,23,25,25,23,24,25,23,24,23,22,23,24,26,27,28,27,26,26,28,27,30,26,27,28,26,28,25,20
0.1,0.9,180,3,9,13,14,16,17,17,18,18,18,17,18,18,19,19,20,19,19,19,19,21,21,23,23,22,21,21,20,20,22,21,20,21,20,19,21,20,22,22,19,20,20,20,20,21,20,21,22,20,21,21,23,20,21,20,21,23,23,21,21,18,22,20,23,25,25,27,31,32,26,28,31,28,25,24,24,24,25,25,28,30,32,33,31,28,29,27,27,28,27,26,25,27,26,27,28,31,30,30,27,28,28,28,28,28,25,30,30,33
0.15,0.9,180,5,10,12,15,17,18,21,21,22,21,23,22,23,22,21,20,20,22,23,24,23,23,23,20,22,22,22,22,21,21,21,22,22,21,19,20,19,20,21,22,23,23,23,20,22,24,21,22,20,19,19,20,30,24,25,23,21,21,21,21,22,22,20,20,21,20,24,24,23,24,24,26,28,27,31,31,33,35,27,27,28,28,30,37,35,35,35,35,36,38,37,47,38,38,35,38,39,39,39,37,44,38,40,39,42,42,42,41,38
0.2,0.9,180,0,6,8,11,13,13,14,15,16,18,18,19,19,21,20,21,21,21,21,21,22,22,22,24,22,22,22,22,21,21,20,21,21,22,22,22,20,20,20,20,21,21,22,21,20,20,19,21,20,21,22,21,20,22,22,22,21,21,20,20,20,21,22,21,19,20,20,20,22,23,22,22,21,21,20,20,18,18,18,18,19,20,21,21,21,21,21,19,20,21,20,22,24,24,23,21,25,25,26,26,27,26,29,32,33,32,32,32,30
0.25,0.9,180,2,8,9,12,14,15,16,16,19,18,17,18,19,20,20,20,20,21,22,23,22,24,22,22,22,22,22,22,22,22,21,21,22,21,21,19,18,20,22,24,23,22,21,21,22,20,21,22,23,21,20,20,20,20,22,18,19,20,20,19,19,18,18,17,19,20,20,19,18,19,18,19,19,17,17,18,18,18,19,21,22,24,24,21,21,21,21,21,22,19,18,18,17,18,18,18,20,21,22,22,23,24,25,27,27,26,26,27,21
0.3,0.9,180,3,7,10,10,11,14,14,16,19,19,20,21,22,20,21,24,27,30,23,23,22,22,21,21,21,22,23,22,21,21,20,21,22,21,21,20,21,23,22,22,22,22,21,20,21,21,20,20,19,18,19,20,20,20,19,19,19,19,18,18,16,17,17,17,18,19,17,19,18,17,19,19,20,22,27,25,16,18,19,20,21,21,20,18,17,16,16,17,17,16,17,17,18,18,18,22,20,23,23,23,24,25,25,24,24,24,23,24,19
0.35,0.9,180,0,7,11,15,15,17,17,18,19,19,18,19,19,21,21,22,23,24,23,23,23,24,24,24,24,23,22,22,22,23,23,22,21,21,22,21,22,22,21,20,20,21,21,22,22,21,21,20,22,22,24,22,20,20,20,20,21,23,21,20,21,20,19,22,20,20,22,22,22,21,24,24,23,24,25,26,24,24,22,23,18,17,18,17,18,18,22,21,22,22,24,23,22,22,22,24,24,25,23,24,24,24,24,22,24,25,25,26,24
0.4,0.9,180,0,7,9,11,12,13,13,14,15,16,17,18,17,19,20,21,22,22,23,24,23,23,23,24,24,23,24,24,23,21,22,22,22,22,23,22,21,21,22,20,20,21,21,21,22,23,21,21,21,21,21,21,21,21,20,19,19,20,21,22,21,21,22,26,20,20,19,19,18,20,21,19,19,21,21,18,18,19,19,20,20,20,18,18,19,19,20,20,23,24,24,24,23,21,22,28,26,30,24,24,25,24,24,24,25,25,23,23,22
0.45,0.9,180,0,7,12,12,15,19,20,19,19,17,19,18,19,19,21,22,23,23,25,25,24,24,24,23,25,24,23,23,24,24,24,25,25,25,23,23,24,24,23,24,24,22,22,23,24,24,24,24,24,27,29,26,25,24,23,23,24,22,24,24,24,24,26,24,25,24,23,22,23,22,22,22,19,20,21,21,20,22,23,23,24,25,24,24,26,27,26,24,23,25,26,27,26,27,28,30,31,33,30,29,26,26,24,27,27,32,34,34,38
0.5,0.9,180,0,6,10,12,13,13,14,15,16,16,16,18,18,19,21,22,23,24,24,25,25,26,25,26,26,27,28,29,28,26,28,28,27,26,26,25,25,25,24,24,24,28,22,23,23,25,24,24,24,24,25,24,23,25,26,27,26,26,26,26,27,28,28,25,25,25,26,26,25,24,26,26,25,26,25,26,24,25,24,25,24,25,24,27,29,29,28,30,27,29,25,26,26,26,34,31,37,32,34,31,24,25,28,26,26,27,28,29,28
1.1,0.9,180,1,10,11,13,14,15,16,16,16,17,18,18,19,19,19,19,21,20,20,20,21,21,22,22,20,19,20,25,26,29,26,23,23,23,24,23,23,23,22,21,19,19,19,19,20,20,20,19,21,23,18,20,20,19,20,20,20,18,20,17,19,18,18,17,18,19,19,19,18,20,20,20,21,21,23,26,24,24,25,25,24,29,27,20,20,22,23,25,26,25,22,22,24,24,24,30,26,28,26,26,25,27,26,27,31,27,30,26,24
1.15,0.9,180,3,8,11,12,14,14,15,14,15,16,17,17,17,17,17,18,19,22,21,23,22,22,21,20,21,21,20,22,19,20,19,20,20,20,19,19,18,18,19,19,18,18,18,18,18,19,19,19,18,18,18,18,19,17,18,17,18,19,20,21,20,21,20,20,21,20,21,21,21,20,18,20,20,22,22,21,20,20,21,21,22,22,22,21,21,21,22,20,22,23,22,19,20,19,21,23,21,21,23,24,25,24,24,23,23,24,24,24,18
1.2,0.9,180,7,10,12,13,14,15,16,17,17,18,19,18,20,20,21,23,22,22,23,23,22,23,23,24,23,24,22,20,20,20,20,21,22,22,22,22,22,22,23,21,21,21,21,22,22,23,21,21,20,21,22,22,22,23,22,22,21,22,22,23,23,23,22,24,24,24,24,24,25,27,27,29,31,32,33,35,36,34,34,32,32,29,30,29,27,28,28,28,27,28,26,27,25,27,28,24,24,25,25,24,24,28,25,24,24,24,27,26,21
1.25,0.9,180,0,9,12,14,16,17,18,18,20,20,21,23,24,24,23,23,24,25,26,27,26,26,28,27,28,24,24,25,23,25,25,26,26,25,25,26,26,26,24,24,26,24,25,25,23,25,26,24,25,25,24,24,25,26,27,28,26,26,27,25,26,27,28,28,28,26,26,26,25,26,24,25,27,25,25,29,26,29,25,25,27,26,26,27,27,27,27,28,29,29,29,30,31,32,30,30,28,28,28,28,29,28,30,31,32,31,31,31,34
1.3,0.9,180,5,10,12,15,15,17,18,20,21,21,23,23,23,24,25,27,26,29,28,29,30,30,29,29,31,29,28,28,28,30,29,26,26,27,27,28,28,30,29,31,29,30,29,31,26,28,27,29,30,32,32,33,33,34,33,28,29,28,29,30,29,27,28,26,27,28,27,28,26,28,26,29,28,28,28,29,30,30,30,30,33,33,32,32,31,30,33,35,35,35,35,36,36,35,38,34,33,36,31,31,32,31,29,29,29,30,29,31,29
1.8,0.9,180,3,11,13,14,15,16,18,18,18,19,18,20,20,19,20,21,18,20,20,20,21,20,18,19,18,19,21,20,19,21,20,19,19,20,22,21,21,21,20,19,21,18,17,17,20,20,19,20,20,20,20,20,21,20,20,18,21,21,22,20,23,24,22,19,20,22,22,23,22,22,21,18,21,22,22,23,22,22,19,22,20,20,19,21,24,25,25,26,27,24,25,24,24,27,27,26,26,25,27,27,27,28,27,25,26,27,28,28,24
1.85,0.9,180,5,10,12,13,14,17,17,19,20,21,21,23,23,22,23,24,24,26,28,31,34,36,35,35,34,33,29,30,25,25,24,23,23,23,24,23,23,21,23,23,22,23,21,21,22,23,24,23,24,23,22,23,22,22,22,23,22,23,22,23,22,23,23,22,23,23,24,22,24,25,24,25,23,23,23,23,21,21,22,21,22,20,22,21,22,23,24,23,24,25,25,26,27,29,28,28,28,25,26,28,26,28,29,31,32,34,34,29,29
1.9,0.9,180,5,9,11,13,17,16,17,16,18,19,19,20,23,24,21,23,23,24,25,26,27,27,27,26,25,24,23,23,25,23,24,24,22,22,22,23,23,23,24,25,25,25,23,25,25,25,27,27,26,25,24,24,24,23,23,23,23,24,23,25,25,24,25,24,24,23,24,24,23,23,23,24,23,23,24,24,24,24,24,24,25,25,26,26,25,25,24,24,24,25,25,25,27,28,28,28,27,28,29,29,30,31,31,30,30,28,30,26,22
2.15,0.9,180,13,14,15,15,17,20,20,20,19,20,19,21,21,20,22,22,20,20,21,22,23,23,23,23,23,23,23,22,22,21,25,27,26,30,29,28,24,23,24,25,27,26,22,23,24,21,20,20,23,23,26,24,24,24,22,24,22,24,28,29,29,30,27,22,23,25,24,25,21,20,20,19,21,20,23,22,25,30,29,28,28,31,31,30,27,27,28,32,23,24,26,22,23,23,26,26,26,26,25,26,28,27,29,28,29,32,28,21,20
2.2,0.9,180,11,16,14,15,15,16,16,17,18,19,20,21,22,22,23,25,28,31,28,23,24,24,24,23,22,22,22,23,22,23,23,23,23,22,23,23,19,20,21,21,20,21,20,18,19,22,22,18,18,17,18,19,20,19,19,20,18,18,19,20,20,20,19,18,17,17,18,18,17,17,16,17,17,16,16,16,17,16,18,19,21,21,22,23,22,19,20,23,21,22,21,21,22,23,23,23,21,22,23,24,24,25,23,23,25,28,28,19,16
2.25,0.9,180,12,14,15,16,17,17,17,18,18,18,20,21,22,23,23,22,24,23,23,23,24,24,22,22,24,23,23,23,24,23,21,21,22,22,21,20,19,19,19,20,21,20,20,20,22,23,22,17,18,18,19,19,20,19,20,19,19,19,19,20,19,19,19,17,18,18,18,19,18,19,20,20,20,21,22,22,20,18,19,20,20,21,22,21,22,22,22,21,22,23,23,23,22,23,23,21,19,20,19,20,21,24,26,24,24,27,28,21,16
2.3,0.9,180,13,16,16,16,17,18,18,19,21,22,23,21,21,21,21,21,21,22,22,22,23,21,20,23,23,22,22,22,22,22,22,23,22,21,21,21,23,22,21,21,21,20,19,20,19,19,19,20,21,21,21,20,20,20,20,20,21,21,21,21,21,24,24,20,21,21,21,22,19,21,21,20,21,21,21,24,24,20,22,23,23,23,24,24,23,25,24,24,23,23,24,25,24,22,25,26,24,24,28,29,31,28,26,28,25,26,22,20,22
2.35,0.9,180,11,12,14,16,16,17,18,18,20,20,21,22,22,23,24,25,24,25,24,25,24,24,25,24,21,22,24,23,24,24,23,24,23,24,22,22,21,21,22,23,23,22,22,22,22,22,22,22,21,22,23,21,24,23,24,24,26,23,24,23,24,23,23,24,25,23,24,25,24,25,24,25,24,24,26,25,25,26,27,26,26,24,25,24,25,25,25,25,24,26,25,25,26,26,26,26,33,34,31,28,32,30,33,37,44,44,45,39,28
2.4,0.9,180,13,16,15,16,17,19,18,19,20,20,21,21,21,21,21,21,23,24,25,25,24,25,23,23,25,22,22,23,22,22,23,23,24,25,25,24,22,24,24,25,25,24,24,24,22,23,24,23,25,24,23,25,25,24,22,22,24,23,24,24,25,26,25,26,26,26,26,25,26,25,25,24,25,24,26,26,26,26,24,23,23,24,24,25,25,25,25,25,26,27,29,30,33,34,34,29,28,29,31,31,32,31,29,31,37,40,36,32,26
2.45,0.9,180,14,16,16,17,18,19,21,21,21,23,24,25,25,25,26,27,27,28,27,26,27,25,25,25,26,26,25,25,24,23,24,24,24,25,25,27,26,25,24,25,25,26,25,26,27,26,26,26,26,26,27,26,25,25,26,27,26,25,26,24,26,27,26,27,24,24,22,23,24,25,25,26,27,28,29,32,26,24,25,25,29,24,24,23,25,26,28,26,27,28,28,33,32,33,30,34,34,34,34,33,30,31,34,33,35,36,34,29,26
2.5,0.9,180,11,14,16,17,18,18,20,20,22,23,22,22,24,25,24,25,25,26,26,27,28,28,27,26,26,27,25,24,24,25,25,26,25,25,26,26,26,25,25,26,26,27,27,28,27,26,27,25,26,25,23,23,22,21,23,22,24,23,23,23,24,22,22,24,23,24,25,23,22,23,24,24,24,25,26,27,27,25,26,26,26,27,26,24,22,23,23,25,24,22,24,23,24,27,31,31,32,31,30,30,30,29,29,30,31,31,33,31,30
2.55,0.9,180,14,14,16,17,19,20,21,22,21,23,23,24,25,26,23,25,24,25,24,25,25,27,26,26,26,25,26,26,24,25,26,25,25,25,24,25,24,24,24,25,24,25,27,29,31,24,27,23,28,25,24,24,24,24,25,26,26,25,24,25,24,24,23,23,23,25,25,24,24,24,23,21,21,23,23,22,20,21,17,22,21,27,30,30,22,27,31,29,28,31,28,27,29,29,31,28,28,28,30,27,29,29,30,28,29,29,31,23,18
2.6,0.9,180,12,13,14,15,16,17,18,18,19,20,21,21,22,22,23,24,23,24,23,23,22,22,24,23,23,22,22,22,22,20,22,22,23,21,22,22,22,22,23,21,22,21,23,22,21,22,22,22,23,23,23,23,21,18,17,18,21,22,17,18,20,19,20,21,21,24,22,20,20,22,23,23,23,24,25,23,21,21,23,23,24,22,22,22,20,21,21,21,21,23,21,22,29,27,32,34,34,34,34,34,32,33,33,29,33,33,30,19,18
2.65,0.9,180,10,14,15,17,18,19,21,21,22,23,24,24,25,26,24,26,26,25,25,25,25,24,22,23,24,24,24,24,23,23,24,21,22,21,19,21,22,22,22,22,22,24,24,23,23,24,22,20,20,21,22,22,26,26,25,26,30,28,28,22,22,23,25,25,31,34,32,34,33,31,29,29,28,26,25,23,24,24,23,21,23,20,20,20,21,20,20,21,20,20,20,19,19,21,20,21,21,22,22,23,23,25,24,25,25,27,25,24,18
2.7,0.9,180,11,14,14,16,19,18,19,18,22,22,21,21,21,23,23,25,22,24,23,24,23,23,24,22,22,22,21,23,20,21,21,21,22,24,23,22,23,21,21,23,22,20,21,21,22,21,22,21,22,21,20,20,20,19,20,19,20,18,22,23,26,23,23,25,25,28,30,32,30,30,28,30,30,28,30,29,32,35,34,35,33,35,31,30,27,24,20,20,20,20,22,25,25,26,28,30,26,29,29,30,30,31,34,33,35,34,35,32,22
2.75,0.9,180,14,16,18,19,20,20,22,22,21,20,21,22,23,22,22,22,22,25,23,23,23,23,23,24,23,22,23,22,22,21,21,21,23,21,22,21,21,22,21,22,20,21,20,20,20,19,21,21,20,21,20,21,20,20,20,20,22,20,20,21,22,22,22,21,22,22,21,20,21,23,23,24,27,28,30,33,30,27,23,24,25,23,21,21,21,23,23,24,25,23,22,22,22,25,24,25,26,27,26,27,28,29,29,30,29,29,30,29,28
2.8,0.9,180,11,15,15,16,17,18,20,21,21,22,22,23,23,23,24,24,24,25,24,24,24,25,25,23,23,23,23,23,21,22,22,21,22,21,21,22,22,21,21,22,23,21,20,20,21,21,21,20,20,20,20,21,22,23,24,22,23,22,22,22,22,20,22,20,19,20,21,21,22,20,21,22,22,20,22,21,20,20,20,20,22,24,23,24,22,22,21,22,26,25,23,23,24,24,24,24,25,26,30,25,27,26,27,27,26,28,25,24,20
2.85,0.9,180,12,14,14,16,17,16,18,19,21,21,23,23,23,24,24,24,24,24,24,24,24,24,22,22,21,23,24,24,23,23,23,22,22,22,22,23,23,25,23,25,28,27,23,22,21,21,23,25,24,27,26,24,23,23,23,22,21,20,21,22,22,22,23,23,23,24,25,24,25,25,24,22,21,23,22,23,25,26,28,30,33,30,31,31,29,28,29,27,25,26,26,25,24,27,29,29,27,29,31,30,31,31,32,30,33,33,30,25,20
2.9,0.9,180,11,14,15,16,16,17,18,20,22,21,23,22,24,24,26,26,27,26,25,26,26,26,26,26,26,27,25,25,25,24,25,23,23,22,23,23,23,23,24,25,24,24,24,23,22,22,22,24,24,21,24,25,27,29,28,25,24,23,24,23,24,23,23,23,24,25,25,24,25,23,22,22,23,23,24,24,23,22,23,24,24,25,23,25,25,25,24,23,21,22,23,24,24,25,25,25,22,23,26,27,26,27,29,28,28,29,30,24,19
2.95,0.9,180,11,13,15,18,18,18,20,21,19,22,22,22,22,23,24,25,25,25,25,25,25,25,25,26,26,26,26,27,26,27,25,25,24,24,24,25,24,25,25,26,26,26,26,25,24,25,24,24,24,23,24,21,22,23,24,24,24,26,26,25,26,26,25,24,25,25,25,25,26,25,27,26,26,25,25,26,25,26,27,26,26,25,26,31,31,34,31,30,29,28,27,31,27,26,26,27,28,27,26,26,28,30,31,31,30,30,30,30,27
3,0.9,180,10,16,17,20,20,20,18,19,20,20,21,21,23,24,23,23,23,25,25,25,25,24,25,25,24,24,25,22,23,23,24,23,24,23,23,23,23,22,22,23,25,22,23,24,23,25,24,23,24,24,25,25,25,25,26,23,24,23,24,24,24,23,21,22,21,22,23,23,23,24,25,28,23,26,28,25,22,22,22,23,21,22,21,23,20,22,23,23,24,23,24,26,27,25,26,25,26,29,31,31,31,30,32,31,31,31,34,32,21
3.05,0.9,180,12,14,15,16,17,19,19,19,21,21,22,23,24,23,24,24,24,24,24,24,25,26,25,25,24,24,23,22,23,22,22,22,23,22,22,21,21,22,22,24,22,21,21,21,22,21,23,23,21,22,22,22,23,23,22,23,21,21,21,23,22,22,22,22,22,22,23,21,21,21,21,23,23,25,25,24,24,25,22,23,22,23,23,23,24,20,26,24,25,25,26,26,26,27,27,30,29,31,32,30,31,33,32,30,33,35,35,30,21
3.1,0.9,180,10,13,15,16,17,16,18,18,20,20,20,21,20,21,21,21,22,24,25,25,25,25,25,24,24,23,23,24,25,24,23,25,22,23,22,22,22,23,21,21,21,20,20,21,22,22,21,21,21,21,21,21,20,19,18,19,19,20,20,20,21,20,19,21,22,20,21,21,20,19,21,21,22,21,20,20,20,19,20,19,19,19,19,20,20,20,20,21,23,19,24,23,24,25,22,22,24,23,23,24,25,24,25,25,25,26,26,27,21
3.15,0.9,180,11,14,15,16,17,18,18,19,19,18,19,20,20,22,22,22,23,22,23,23,23,23,24,23,22,22,22,23,22,22,22,22,22,22,21,22,22,20,19,19,20,21,22,22,22,22,21,21,20,21,21,21,19,20,20,20,22,21,21,20,20,20,20,20,20,21,20,19,20,20,21,21,21,21,21,20,20,20,19,19,20,19,19,19,20,20,20,20,19,19,20,21,21,22,21,24,24,24,26,26,26,26,26,27,27,26,27,25,19
3.2,0.9,180,13,14,16,17,18,18,20,20,21,20,21,22,22,23,24,23,23,22,22,24,24,24,25,23,24,24,23,23,23,22,22,23,22,23,23,22,22,22,22,22,22,23,22,21,20,21,22,22,21,23,22,21,21,21,22,21,21,21,21,20,22,22,22,22,21,21,20,22,22,23,21,22,20,21,21,22,23,22,21,21,21,21,20,22,21,20,21,21,21,20,20,21,22,22,23,22,23,23,23,25,25,25,25,26,26,26,26,23,16
3.25,0.9,180,9,13,15,18,18,19,19,20,21,21,21,22,22,22,22,23,23,24,22,23,23,23,24,24,24,26,24,24,24,24,24,23,22,22,23,23,23,24,24,23,23,23,23,23,23,23,22,23,22,23,24,25,24,25,23,22,21,23,21,22,23,24,23,23,23,23,23,21,22,22,21,23,21,21,21,21,22,22,23,22,22,23,22,24,23,23,25,25,26,26,24,23,25,27,27,25,28,25,26,26,27,27,28,28,28,28,26,26,22
3.3,0.9,180,11,15,17,19,19,21,22,22,24,24,24,26,25,26,26,23,24,26,26,24,26,26,26,26,28,28,28,28,26,25,25,25,27,26,26,25,27,25,26,25,26,25,24,24,23,24,25,25,26,27,26,27,27,27,28,25,26,27,26,27,27,26,27,27,27,27,27,29,28,25,25,24,22,21,22,24,24,24,25,24,29,28,29,31,34,32,35,35,42,40,45,35,34,35,36,36,37,39,42,43,44,46,46,46,47,40,40,38,37
3.35,0.9,180,11,14,16,17,17,17,19,21,21,22,23,23,24,24,25,26,24,26,26,28,25,27,27,28,27,27,27,26,27,26,27,27,25,25,25,26,26,27,27,25,27,25,25,26,26,27,28,28,26,27,27,28,29,29,29,28,26,28,28,27,28,27,27,29,28,29,31,33,34,33,35,38,37,29,29,28,28,27,26,27,25,25,25,25,25,27,28,27,34,31,31,31,32,32,30,31,31,30,30,30,30,30,30,28,29,30,29,30,27
3.4,0.9,180,9,13,14,17,20,20,21,21,23,23,23,23,23,26,26,26,25,26,28,29,29,29,30,28,29,29,30,31,31,31,31,29,30,30,29,29,29,29,30,31,29,29,30,29,26,25,26,30,31,27,27,25,25,26,26,27,27,28,26,27,27,28,27,0,0,0,0,0,0,0,0,0,0,0,0,0,0,0,0,0,0,0,0,0,0,0,0,0,0,0,0,0,0,0,0,0,0,0,0,0,0,0,0,0,0,0,0,0,0
