0.05,0.05,180,9,13,16,16,18,18,20,20,21,19,20,19,20,20,21,21,20,17,17,19,21,21,21,20,20,19,19,18,19,19,18,18,18,18,19,20,19,19,21,19,19,14,20,18,16,18,19,17,19,19,20,21,21,20,19,18,20,21,23,25,25,22,21,22,21,18,20,22,25,19,20,21,20,20,20,21,20,21,21,21,23,18,20,20,19,19,18,19,18,18,19,19,17,18,18,18,18,20,22,24,25,27,26,27,22,20,22,16,14
0.1,0.05,180,7,11,15,15,17,21,21,20,21,21,21,21,22,22,23,22,22,21,20,21,21,20,20,19,18,18,18,18,17,17,17,17,16,16,16,16,16,17,17,16,17,16,17,17,16,17,17,17,17,18,20,25,17,16,17,17,25,28,19,18,21,20,18,19,18,18,19,19,19,19,19,19,18,25,19,19,22,22,19,18,20,19,19,18,18,18,18,19,18,19,19,19,20,19,19,19,18,19,19,19,20,19,20,21,22,23,23,22,19
0.15,0.05,180,8,12,14,16,18,19,20,21,21,22,23,22,22,21,21,21,21,19,20,20,21,20,21,22,22,21,20,19,19,18,16,16,16,17,18,17,18,18,17,18,18,18,18,18,18,18,18,18,18,18,18,18,19,19,19,19,19,26,33,23,24,22,23,21,22,20,21,21,20,19,20,24,27,28,26,27,25,25,22,20,20,18,18,19,19,18,19,18,18,17,18,19,19,19,19,19,20,19,20,20,20,20,20,22,25,27,27,26,20
0.2,0.05,180,10,14,18,18,17,19,20,21,21,20,20,20,21,21,23,28,29,26,27,29,29,28,28,27,23,21,21,22,21,21,21,22,21,21,21,20,20,21,20,19,19,20,18,19,19,19,19,19,19,21,22,27,27,20,20,19,20,19,21,21,20,20,20,19,19,22,23,22,20,19,21,22,21,20,21,17,17,18,18,19,18,18,18,18,18,18,17,17,18,18,18,18,17,17,17,18,18,18,18,19,20,19,20,20,20,21,21,21,17
0.25,0.05,180,0,9,12,15,18,19,20,20,20,21,21,22,23,22,23,23,23,23,24,23,25,26,25,25,25,24,24,24,23,21,22,22,22,22,22,22,22,22,22,21,20,20,19,19,19,19,19,19,19,19,19,19,19,19,19,19,19,18,19,17,17,17,17,17,17,18,20,21,23,23,26,20,18,18,18,18,18,17,17,18,17,18,16,18,16,17,16,16,16,17,18,17,16,18,16,17,18,18,18,19,18,19,19,19,19,20,20,20,18
0.3,0.05,180,5,13,16,17,17,18,19,19,20,20,20,20,22,21,20,20,20,21,20,21,21,21,21,20,20,20,20,20,19,18,17,19,19,19,18,18,19,19,19,19,19,20,20,20,20,20,20,18,19,19,19,19,17,18,18,19,18,20,17,18,19,18,18,18,18,19,20,18,19,19,18,18,18,18,18,17,17,17,18,17,17,17,17,19,17,16,16,16,17,16,17,17,16,16,17,17,18,18,19,21,20,20,20,22,20,23,24,26,21
0.35,0.05,180,7,11,13,15,17,16,18,18,18,18,19,20,19,19,20,20,21,22,22,21,20,22,21,21,20,20,21,20,19,19,19,19,18,18,19,19,20,20,21,21,22,23,22,21,23,22,21,18,19,18,17,18,18,19,19,19,18,17,18,19,19,19,19,19,19,17,19,18,18,18,17,18,18,19,18,19,19,19,19,18,19,18,19,17,17,17,17,17,17,17,17,17,17,17,17,18,18,18,18,18,19,18,20,19,19,20,19,21,16
0.4,0.05,180,10,12,15,16,17,17,19,20,20,21,22,23,23,23,23,23,23,22,22,21,22,21,22,21,21,21,22,22,20,20,19,20,21,20,20,19,19,19,18,18,18,18,18,18,19,19,19,19,19,19,19,19,19,18,18,18,18,17,17,18,17,16,17,18,17,17,18,18,18,18,18,18,18,18,18,18,17,17,17,17,16,16,16,16,16,16,16,17,17,17,16,16,17,18,18,18,17,18,18,18,19,19,19,19,20,20,21,17,12
0.45,0.05,180,3,12,14,15,17,18,17,17,18,19,19,19,21,21,22,22,21,22,21,22,21,21,22,21,21,21,20,20,20,19,19,19,18,20,20,19,18,19,18,18,18,18,18,18,18,20,19,18,17,17,17,18,17,18,17,17,18,17,17,17,17,17,18,17,17,16,17,17,17,17,17,16,16,16,16,16,16,15,14,14,15,15,15,16,14,16,17,17,16,16,17,15,16,16,17,17,18,17,18,17,19,19,18,19,19,19,20,20,16
0.5,0.05,180,8,12,15,17,17,18,18,18,19,18,20,20,20,21,20,20,21,20,21,21,20,20,20,20,19,19,20,19,20,20,20,19,16,17,17,16,16,17,18,18,19,17,17,17,18,17,17,17,18,18,17,17,17,18,18,19,18,18,18,18,17,17,19,19,19,19,18,19,18,18,18,18,17,17,17,18,17,17,17,17,17,17,17,17,17,17,17,17,17,17,17,16,17,17,17,17,17,17,18,18,18,19,19,19,19,19,19,19,15
0.55,0.05,180,10,13,15,16,17,18,18,19,19,20,19,20,21,21,20,20,19,20,19,19,19,19,19,19,19,18,19,19,20,19,20,21,20,20,20,19,19,19,19,19,19,18,18,18,18,18,18,18,18,18,17,18,17,17,18,19,18,18,18,18,18,18,18,17,18,18,18,18,18,17,18,18,17,17,18,17,18,17,18,16,17,17,16,16,16,17,17,16,16,17,17,17,17,17,17,17,17,17,18,17,18,19,19,19,21,21,21,21,19
0.6,0.05,180,2,11,13,16,18,18,20,20,20,20,20,21,21,21,22,21,22,21,21,21,22,21,21,20,20,20,20,20,20,20,20,21,21,20,19,19,21,19,19,19,20,19,20,19,19,19,19,19,20,18,18,19,19,19,18,19,19,18,18,17,18,18,18,17,17,17,18,17,18,17,17,17,17,17,17,18,17,17,16,16,16,16,16,16,16,16,16,16,17,16,16,16,17,17,17,17,16,17,17,17,18,18,19,19,19,19,19,20,17
0.65,0.05,180,7,12,14,15,15,17,18,19,20,20,21,21,21,21,22,22,21,21,21,21,22,21,22,22,21,20,22,20,20,20,20,20,21,20,20,19,21,18,18,18,18,18,18,17,18,18,18,18,19,18,18,19,18,17,17,17,18,18,18,18,18,18,17,17,17,16,17,18,18,18,17,17,17,16,17,18,17,18,16,16,16,16,16,16,15,15,15,15,15,16,16,17,17,17,17,17,17,17,18,18,18,18,18,19,19,19,19,20,16
0.7,0.05,180,9,12,15,17,18,19,21,22,21,21,22,22,22,23,22,22,22,22,21,22,21,21,21,21,22,21,20,20,21,20,20,20,19,19,18,19,19,18,19,19,18,18,18,18,19,18,18,19,16,17,18,17,17,17,17,17,17,18,19,18,18,18,17,17,18,18,18,18,18,17,17,16,16,17,17,17,16,17,17,17,16,16,16,16,16,15,15,15,16,16,16,15,16,16,15,16,17,17,17,18,18,18,18,18,19,19,20,19,15
0.75,0.05,180,13,15,17,20,20,19,20,21,21,21,21,20,20,23,23,23,24,23,23,22,22,21,21,20,20,20,21,19,19,19,20,20,20,20,20,20,19,19,19,19,19,19,19,19,19,19,18,19,18,19,19,19,19,18,18,20,19,19,19,17,17,18,18,18,18,19,18,18,19,19,18,17,17,16,16,16,16,16,17,16,17,17,16,17,17,16,17,16,17,17,17,16,16,17,17,17,19,18,19,18,18,20,20,20,20,20,20,18,14
0.8,0.05,180,0,10,13,15,18,19,22,20,21,20,21,21,22,22,21,21,22,22,21,21,21,21,21,20,20,20,20,21,21,20,20,20,20,20,20,19,21,19,19,19,19,19,19,19,19,19,19,19,19,19,19,19,18,19,18,18,18,18,19,18,19,19,18,17,17,17,18,19,19,18,18,18,16,16,15,19,21,18,16,17,17,17,17,17,17,17,17,17,17,17,17,17,18,17,17,18,18,19,18,20,18,18,18,19,19,20,20,21,17
0.85,0.05,180,9,12,15,17,19,19,19,21,20,21,22,26,32,30,23,25,23,24,24,22,24,24,23,23,24,24,24,23,24,24,21,21,23,24,24,23,21,21,21,19,18,20,20,20,20,20,19,19,20,19,20,19,19,19,20,19,19,18,18,18,18,19,17,18,18,18,18,18,16,16,16,17,17,16,17,16,17,17,17,16,17,17,17,17,16,16,17,16,16,22,24,24,27,19,17,20,25,24,23,19,18,19,19,20,20,20,20,20,16
0.9,0.05,180,12,15,17,18,19,20,19,18,19,20,20,20,21,20,21,20,21,22,21,21,21,20,20,20,19,20,20,20,21,20,21,19,18,18,19,18,18,18,18,17,17,18,19,18,19,18,19,18,19,18,18,17,18,18,17,17,17,19,21,18,18,18,17,18,17,18,19,18,17,17,17,19,22,19,21,18,17,17,17,16,17,16,17,16,16,16,16,16,16,16,17,17,17,17,17,17,17,17,18,19,18,18,18,19,20,21,19,19,15
0.95,0.05,180,11,13,14,16,16,17,18,19,18,18,20,20,21,20,21,21,21,22,21,21,21,21,20,20,20,20,20,20,20,20,20,19,19,18,18,18,18,18,17,17,18,17,17,17,18,18,18,17,18,18,18,17,17,18,18,17,17,18,17,18,17,17,17,18,18,18,18,19,18,18,17,18,18,17,17,17,16,17,16,15,16,16,15,16,15,15,15,16,15,16,17,17,16,16,17,18,18,18,18,18,18,18,18,19,20,18,19,18,15
1,0.05,180,7,13,16,19,20,17,18,19,19,20,22,22,23,21,22,22,22,22,21,20,22,21,21,22,21,21,21,20,18,18,18,17,18,18,17,18,18,17,17,18,17,17,17,17,17,17,17,17,17,17,17,17,17,18,17,17,19,18,18,18,19,17,17,17,17,16,16,15,17,17,16,17,17,15,14,15,15,16,17,17,16,16,16,17,17,16,15,16,16,17,16,15,16,16,16,16,16,17,17,17,17,17,18,18,19,19,19,19,16
1.05,0.05,180,6,12,14,16,17,18,18,19,20,20,20,20,20,20,20,21,21,21,21,22,21,21,22,22,21,21,20,20,20,20,19,18,19,19,19,19,19,19,19,18,19,19,18,19,19,19,19,19,19,19,19,19,19,20,19,19,17,17,16,16,16,17,17,17,18,16,17,16,17,17,18,17,17,15,16,15,15,15,15,15,14,14,14,15,15,14,16,15,16,15,15,16,16,16,16,17,17,18,18,18,19,18,19,19,19,20,20,20,16
1.1,0.05,180,10,14,15,17,18,20,20,21,21,21,22,22,21,22,22,22,22,21,22,22,21,21,21,21,20,21,20,20,20,19,19,19,18,19,18,19,18,18,17,17,18,18,17,17,16,17,17,17,18,17,17,18,16,18,16,18,18,18,18,18,18,18,17,18,17,18,16,16,16,16,16,16,17,16,16,16,15,15,15,15,15,16,15,16,15,15,15,15,15,17,17,15,17,17,17,17,18,18,18,18,18,18,18,19,19,20,21,19,15
1.15,0.05,180,7,12,13,15,17,17,17,18,18,19,19,20,20,20,20,20,20,20,20,20,20,19,19,19,18,18,17,18,18,17,18,18,17,17,17,18,18,17,18,17,16,16,16,16,16,16,16,16,17,16,17,17,17,17,17,18,18,18,19,19,18,18,18,18,18,18,17,17,17,16,16,17,16,16,16,16,16,17,16,17,15,16,17,15,16,16,16,16,16,16,17,17,17,17,17,17,17,17,18,17,18,18,19,19,20,20,21,22,20
1.2,0.05,180,10,13,15,17,18,20,20,21,21,23,21,21,21,21,21,19,22,22,21,22,21,21,21,25,25,24,25,24,23,23,21,19,21,19,20,19,20,19,19,18,19,19,19,18,19,18,19,19,18,18,18,18,18,18,17,18,18,19,19,18,19,17,18,18,16,17,17,17,17,17,17,17,17,17,17,17,18,16,17,16,16,16,15,15,15,16,15,16,15,16,16,16,17,17,18,18,18,18,18,19,18,18,18,20,19,20,20,21,17
1.25,0.05,180,9,12,15,16,19,20,20,21,21,22,21,21,22,21,21,21,21,22,22,22,22,21,21,21,20,20,20,20,20,20,20,19,20,19,19,19,19,18,18,18,18,18,17,18,18,18,18,18,18,18,18,18,18,17,17,18,18,17,18,17,18,17,17,17,17,17,17,17,18,18,18,18,16,18,16,16,17,15,17,16,16,17,16,17,15,15,15,15,16,17,16,17,17,18,17,18,17,18,18,18,18,20,18,20,20,20,20,20,17
1.3,0.05,180,11,13,16,17,18,18,19,21,22,22,22,21,22,22,22,22,22,21,22,22,22,22,21,21,22,22,22,21,21,21,21,21,21,20,20,20,21,21,21,20,19,19,20,19,19,19,19,18,18,18,18,18,18,18,18,17,18,17,18,18,18,18,18,17,18,17,17,17,17,17,18,17,17,17,16,16,17,16,15,15,15,15,15,16,16,16,16,17,17,17,17,17,18,17,18,18,18,18,19,19,19,19,20,19,20,20,20,20,15
1.35,0.05,180,3,11,13,16,18,19,21,21,21,21,21,21,22,22,23,23,22,23,23,22,22,23,23,22,22,21,22,22,22,21,20,19,19,19,19,20,19,19,19,19,19,19,19,18,17,17,17,18,18,18,19,17,18,18,18,18,17,18,18,17,17,18,18,17,18,18,17,18,17,18,17,17,18,17,17,17,17,17,17,17,17,17,17,16,16,16,17,17,17,17,17,17,19,18,22,18,19,18,18,19,19,19,19,20,20,20,21,20,17
1.4,0.05,180,7,11,13,16,16,17,18,19,19,20,20,20,20,21,19,20,21,20,19,21,20,20,21,21,21,21,20,20,21,19,19,19,19,19,19,18,18,18,18,18,18,19,18,19,19,18,18,18,18,18,17,17,18,17,17,18,18,18,18,18,19,18,18,19,18,17,18,19,18,17,17,18,18,17,18,20,18,18,17,17,17,18,17,17,17,16,18,18,17,17,17,17,17,17,17,18,18,19,18,19,19,19,19,21,19,21,21,22,16
1.45,0.05,180,9,12,15,18,19,18,20,19,20,20,20,20,21,20,20,20,20,20,21,20,21,20,21,19,21,20,21,20,20,20,19,20,19,20,19,19,19,19,19,19,19,19,19,19,20,19,19,18,18,19,18,19,18,19,19,19,19,19,18,19,18,19,19,18,18,18,18,18,18,18,18,17,18,18,17,17,17,17,17,16,16,15,17,16,16,16,16,16,16,16,16,16,16,16,17,16,16,17,18,18,18,19,19,19,19,19,20,19,15
1.5,0.05,180,10,13,15,16,16,19,19,20,20,20,20,20,20,20,21,20,20,20,19,20,20,20,20,20,20,21,21,20,18,20,18,19,19,19,19,19,19,18,19,19,19,19,19,19,18,18,18,19,20,18,19,19,19,19,19,18,19,19,19,18,18,18,17,17,17,17,17,17,17,17,17,17,17,17,17,17,17,16,16,15,16,15,15,16,16,16,16,16,16,16,16,16,16,16,16,16,17,17,18,18,18,18,20,19,19,20,20,17,14
1.55,0.05,180,10,13,15,16,17,17,17,18,19,19,19,20,20,22,24,22,20,20,20,21,20,20,20,20,21,21,21,20,21,20,19,18,19,18,19,18,19,18,19,18,18,18,19,19,19,20,20,21,18,18,18,19,18,18,17,18,18,18,18,18,18,17,17,17,17,17,17,17,17,17,17,17,17,17,16,17,17,18,20,16,15,16,16,15,16,15,16,15,16,16,17,17,17,17,18,17,17,17,18,18,18,19,19,19,19,20,21,20,16
1.6,0.05,180,8,12,16,15,16,18,17,18,19,19,19,20,20,20,20,20,22,21,21,22,21,21,20,21,21,20,20,21,19,19,20,20,20,19,19,19,18,18,19,18,18,18,18,18,18,18,18,19,17,18,18,17,17,17,18,18,18,17,17,17,17,17,18,17,17,17,17,17,17,17,17,17,16,16,16,17,17,16,17,16,17,17,16,16,15,16,16,15,16,16,16,16,16,16,18,17,17,17,18,17,18,19,19,19,20,20,20,21,15
1.65,0.05,180,10,13,15,16,17,18,18,18,18,19,19,19,20,20,19,20,19,20,20,21,21,21,21,20,20,20,20,20,19,19,19,19,19,19,19,18,19,18,17,18,17,18,18,18,20,18,18,18,19,18,18,18,18,17,18,18,18,17,17,17,17,17,16,16,17,17,16,17,17,17,17,16,17,18,18,17,16,16,17,16,16,15,15,15,15,16,15,15,15,16,15,16,16,16,16,16,17,17,18,17,17,18,19,19,19,20,21,19,15
1.7,0.05,180,3,13,14,16,17,17,19,19,20,20,20,20,20,20,21,21,20,21,21,20,20,20,19,19,19,18,18,19,18,18,17,17,16,18,18,17,18,17,17,17,17,17,17,17,16,17,18,16,17,17,17,16,17,16,17,17,17,18,18,16,17,17,17,17,17,17,16,17,17,17,17,16,17,17,17,17,17,17,17,17,15,16,15,16,16,16,16,16,16,15,16,16,16,16,17,18,17,18,18,18,18,18,18,19,20,20,20,21,18
1.75,0.05,180,8,13,15,17,17,18,19,18,19,20,21,21,22,21,21,22,22,22,22,21,20,20,20,20,20,20,20,20,20,18,19,19,19,19,20,20,19,19,18,19,18,18,18,18,18,19,18,19,19,19,18,18,18,18,18,18,18,17,18,18,17,18,18,19,19,19,19,18,17,18,19,18,18,17,17,18,18,18,17,17,17,17,17,16,17,17,17,17,17,17,17,17,17,17,17,18,18,18,18,18,18,19,20,19,20,21,21,21,17
1.8,0.05,180,10,14,16,17,18,19,18,20,19,21,22,21,23,22,22,22,23,23,22,22,21,22,21,21,20,20,20,20,20,20,19,19,19,19,19,19,18,19,19,19,18,18,18,18,18,18,18,18,18,18,18,18,18,17,18,18,17,18,17,18,18,18,18,18,18,18,19,19,18,18,17,17,17,17,17,17,17,17,16,17,17,17,17,17,16,16,17,18,21,16,18,17,17,18,18,19,18,19,18,19,19,19,20,20,20,20,21,21,16
1.85,0.05,180,13,16,17,18,18,19,19,20,20,20,21,20,21,21,21,21,21,21,21,21,21,20,20,19,20,21,19,20,20,19,19,19,19,19,19,18,19,18,18,19,18,18,18,17,17,17,17,18,18,18,17,17,17,17,17,17,16,18,17,17,18,17,18,18,18,18,18,18,18,18,18,19,17,19,19,18,18,17,17,16,16,16,16,16,17,16,17,16,15,16,16,16,17,17,17,17,17,17,17,18,18,18,18,18,19,19,21,18,15
1.9,0.05,180,8,13,15,16,18,18,19,19,19,19,20,20,20,20,21,21,21,21,21,21,22,21,21,21,20,21,19,20,20,19,19,19,19,19,19,19,20,19,20,19,19,19,20,19,18,19,18,17,18,18,18,18,18,18,17,18,17,17,17,19,17,19,18,18,18,18,17,17,17,18,17,18,16,16,17,17,17,17,16,16,15,16,17,20,19,18,16,15,14,16,16,15,16,16,15,16,16,16,16,17,17,18,18,18,18,19,19,19,15
1.95,0.05,180,11,13,14,17,17,18,18,19,19,20,19,20,20,20,20,20,20,21,20,20,21,20,19,19,20,19,19,19,18,19,18,18,18,18,18,18,18,19,17,18,17,17,17,18,18,18,19,20,20,20,21,18,17,17,16,17,16,17,17,17,17,16,18,17,17,17,17,17,17,17,17,17,17,18,18,17,17,16,16,16,16,15,15,15,16,17,16,15,15,15,16,15,15,16,16,17,17,16,16,17,17,17,18,19,19,19,19,18,14
2,0.05,180,9,13,15,17,16,17,19,20,20,21,20,21,20,21,21,20,20,20,20,20,20,20,21,19,20,20,19,20,19,19,18,20,17,18,18,18,18,18,18,18,19,19,19,18,18,19,18,18,18,18,17,17,18,17,17,19,18,18,17,17,18,17,18,18,18,17,18,18,17,17,16,17,18,16,17,16,17,15,16,15,16,16,16,16,16,16,15,15,16,16,16,16,17,16,18,18,18,18,18,18,18,19,18,20,20,21,20,19,14
2.05,0.05,180,9,12,14,16,17,17,18,20,19,20,20,19,20,20,19,19,20,19,20,20,20,21,20,20,19,19,19,19,19,20,20,19,19,19,18,18,18,18,18,17,18,18,17,17,18,17,18,17,18,17,18,18,18,17,17,17,18,18,18,18,18,19,19,18,18,17,17,18,17,17,17,18,17,17,17,16,16,16,16,16,16,16,15,16,16,15,16,16,16,16,16,16,17,17,17,17,17,18,18,18,19,19,19,19,19,21,21,17,13
2.1,0.05,180,5,10,13,14,16,17,18,19,19,19,19,20,19,20,21,21,21,20,20,20,20,20,19,19,20,19,19,19,19,18,18,18,18,18,18,18,18,19,18,17,18,17,18,18,18,17,17,17,17,17,17,17,17,16,17,17,17,17,17,17,17,17,17,17,16,17,16,16,17,17,16,16,16,16,15,15,15,16,15,15,15,16,15,15,16,15,15,15,15,15,15,15,16,16,16,16,16,18,18,18,19,21,20,20,19,20,21,21,18
2.15,0.05,180,8,13,14,16,16,17,18,17,18,18,19,19,19,20,19,18,19,19,18,19,18,19,19,19,19,18,18,18,18,17,17,18,17,18,17,17,18,17,16,18,18,17,17,18,18,18,18,17,18,17,17,17,17,18,18,17,16,17,18,17,17,16,16,17,17,17,16,15,17,16,17,17,17,17,16,16,17,17,17,17,16,16,16,17,17,17,16,17,16,17,17,17,17,17,17,18,18,18,18,19,19,19,20,20,20,22,21,21,17
2.2,0.05,180,11,14,16,17,18,19,20,19,21,21,20,20,20,21,21,20,21,20,21,20,20,20,20,19,20,18,19,20,20,20,19,20,19,19,18,18,18,18,18,18,18,18,18,18,18,18,17,18,17,17,18,18,17,18,17,17,17,18,17,17,17,17,17,17,17,17,17,17,17,16,17,17,18,18,17,17,16,16,16,16,16,16,16,16,16,16,16,16,16,15,16,16,15,17,16,17,17,18,18,20,19,20,19,21,21,21,21,20,15
2.25,0.05,180,6,13,15,16,18,17,18,19,20,21,21,21,21,20,20,21,21,20,20,20,20,20,20,19,19,19,19,18,18,18,17,18,19,19,20,19,18,18,18,18,18,18,18,19,18,17,18,18,18,19,18,19,18,18,18,18,18,18,18,18,18,18,18,17,17,18,17,18,17,17,17,17,18,17,17,16,16,17,16,17,17,17,16,17,17,17,16,16,16,17,16,17,17,17,17,17,17,18,17,18,19,19,18,19,20,20,21,22,18
2.3,0.05,180,11,14,16,18,19,19,19,19,19,19,20,20,20,20,20,20,20,20,20,21,20,20,20,20,19,20,20,19,20,19,19,19,19,20,19,19,18,18,18,18,19,18,18,18,18,18,18,19,19,18,18,18,17,18,18,18,17,18,18,16,18,17,17,17,17,18,18,16,17,17,17,17,17,18,18,17,18,17,16,17,16,17,16,16,16,16,16,15,15,16,16,17,16,16,17,17,17,17,17,17,17,19,19,19,21,20,21,21,16
2.35,0.05,180,11,14,16,16,17,18,19,19,21,21,21,21,21,21,22,22,23,22,22,21,22,22,21,21,21,21,20,20,20,20,19,19,18,19,19,18,18,18,18,18,18,18,17,18,18,18,17,17,19,17,17,17,17,18,16,17,17,17,17,17,17,16,16,16,17,17,16,18,16,17,17,17,17,17,17,17,17,17,16,16,16,15,15,16,15,15,15,15,15,15,16,17,17,16,17,17,17,17,18,19,19,20,20,20,21,21,22,20,16
2.4,0.05,180,12,14,16,17,18,19,19,19,19,21,21,21,21,21,21,21,21,21,21,20,20,20,20,20,20,20,19,19,18,18,18,18,18,18,20,19,18,19,18,18,17,17,18,18,18,18,18,18,17,17,17,17,17,16,17,16,17,17,16,16,17,17,17,17,16,17,17,17,17,17,17,17,17,16,16,16,15,16,16,17,15,16,15,15,16,16,16,17,16,17,16,18,17,17,17,18,18,18,19,18,18,19,19,20,20,20,20,18,15
2.45,0.05,180,9,14,15,16,17,18,18,20,20,20,21,21,20,21,20,21,21,20,20,20,19,19,19,20,20,19,19,20,19,20,20,19,19,19,18,18,19,19,18,18,18,18,18,18,19,17,18,19,19,18,18,18,18,19,18,18,18,18,17,17,17,17,17,17,18,18,18,18,17,17,17,17,17,17,18,17,18,18,17,16,16,16,16,16,16,16,16,15,16,17,16,16,17,16,17,17,17,18,18,18,18,18,18,18,19,19,20,20,17
2.5,0.05,180,9,13,15,16,18,19,20,21,21,20,21,21,22,23,22,22,23,22,21,21,22,21,22,21,21,20,20,20,20,19,19,19,19,19,19,19,19,19,18,19,18,18,18,19,19,19,19,19,19,18,19,19,19,19,19,18,18,17,18,17,18,18,18,18,18,18,19,18,18,19,18,17,17,18,18,17,17,16,17,16,17,16,15,16,16,16,16,16,16,16,16,16,17,16,17,18,18,18,19,19,20,20,20,21,22,22,23,22,17
2.55,0.05,180,10,13,16,17,18,19,19,21,21,22,23,23,23,23,22,24,23,23,23,22,21,21,21,21,22,21,20,20,20,20,20,19,19,19,20,19,19,19,19,19,20,19,18,18,19,18,18,18,19,18,18,18,18,18,18,18,18,18,19,18,18,18,18,19,19,18,18,19,17,17,18,17,18,16,16,17,16,17,17,16,16,16,17,16,16,17,16,16,17,16,16,17,16,17,18,17,18,17,18,18,19,18,20,20,20,21,21,20,16
2.6,0.05,180,12,14,17,18,19,18,20,19,20,20,21,20,21,21,21,21,21,21,21,21,20,20,21,20,20,20,21,20,20,20,19,19,19,19,19,19,19,18,19,18,18,18,18,18,18,18,18,18,18,19,18,19,19,18,19,19,18,19,20,19,18,18,18,18,18,18,18,18,17,18,18,17,17,19,17,17,16,17,16,17,16,16,16,16,16,16,17,16,16,16,17,17,18,17,18,19,19,19,19,19,20,19,20,21,21,21,22,19,15
2.65,0.05,180,10,14,15,16,18,18,18,20,20,20,21,21,21,20,21,21,21,20,20,20,20,20,20,20,20,20,19,19,20,20,19,19,19,19,18,18,19,19,18,18,17,17,17,18,18,18,18,18,23,18,18,18,17,18,18,18,18,17,18,18,18,17,18,18,17,17,17,18,18,17,17,17,17,17,18,17,17,17,17,17,17,16,16,16,16,16,17,17,17,17,17,17,17,18,18,18,18,18,18,19,19,20,20,20,20,21,22,22,16
2.7,0.05,180,10,13,15,16,18,18,19,20,20,20,20,20,20,20,21,21,21,22,21,21,21,21,20,20,20,21,20,20,19,19,19,19,19,19,19,20,19,19,19,18,19,18,18,19,18,18,18,19,19,18,18,17,18,18,18,18,18,18,18,18,18,19,18,18,17,18,18,18,18,18,18,18,18,19,19,19,19,19,18,18,17,17,17,17,18,17,17,16,17,17,18,18,18,17,17,19,18,18,19,19,20,20,21,22,21,22,22,21,16
2.75,0.05,180,13,15,16,17,18,18,19,19,19,20,20,20,21,20,21,20,22,21,21,20,21,20,21,20,20,19,19,21,20,20,20,20,19,20,18,19,18,18,18,18,19,18,18,18,18,18,18,18,18,18,18,17,17,17,18,18,17,17,17,17,18,17,17,18,17,17,18,18,18,18,18,18,17,17,17,18,17,17,16,17,17,17,17,17,16,17,17,18,17,17,18,18,17,18,18,18,19,19,19,20,20,20,20,20,20,20,22,18,16
2.8,0.05,180,8,12,15,16,18,18,18,20,20,21,21,21,21,20,21,21,22,21,21,20,21,21,21,20,20,20,19,19,19,19,19,18,18,19,19,18,18,19,18,18,19,19,18,18,18,17,18,18,18,18,18,18,17,18,18,18,17,17,17,17,17,17,17,17,17,17,18,18,18,17,18,18,18,17,17,17,16,16,17,17,16,15,16,16,15,15,15,16,16,16,15,16,16,17,17,17,17,17,17,18,18,19,19,19,20,20,20,21,17
2.85,0.05,180,10,14,15,17,17,18,18,19,19,19,20,20,20,21,21,20,20,20,20,20,20,19,19,19,19,19,19,19,19,18,18,18,18,18,18,18,17,18,20,18,18,18,17,18,17,17,17,17,17,17,17,18,17,17,17,18,17,17,17,18,16,16,17,17,17,17,16,17,18,16,17,17,17,16,17,17,17,16,16,15,16,16,16,17,16,17,17,17,17,16,16,16,16,17,17,17,18,18,19,19,19,19,18,19,21,20,20,20,15
2.9,0.05,180,11,14,16,17,18,18,18,20,18,19,19,19,19,19,20,20,20,21,20,20,20,20,20,19,19,19,19,19,19,18,18,19,19,19,19,19,19,19,19,18,18,18,17,18,18,17,17,17,17,17,17,16,17,17,17,18,18,18,18,18,18,18,18,18,18,17,17,17,17,17,17,17,17,17,17,17,16,16,16,16,16,16,15,16,16,15,16,15,17,17,17,16,17,17,17,17,17,18,17,18,18,18,18,19,19,20,20,19,14
2.95,0.05,180,13,15,17,18,19,18,19,20,19,20,21,20,21,21,21,21,20,21,20,20,20,20,20,20,21,20,19,19,18,19,19,19,19,20,20,22,23,23,24,24,25,23,23,22,21,19,18,17,18,18,18,18,17,18,18,18,18,18,18,17,17,17,17,18,17,17,18,17,18,18,18,18,17,17,17,17,15,16,15,15,15,15,15,15,15,16,16,16,16,17,17,17,18,18,17,17,17,17,18,18,18,19,18,19,19,20,20,17,13
3,0.05,180,8,13,15,17,17,18,19,20,20,20,21,20,22,22,21,21,22,21,21,21,21,21,21,20,20,20,18,18,20,18,19,19,19,19,19,18,19,18,18,18,18,18,18,18,18,18,18,19,18,18,19,18,18,17,18,17,17,17,18,17,17,17,17,17,16,17,16,17,18,19,18,18,18,18,17,17,16,17,16,15,16,16,15,16,15,15,15,15,15,16,16,16,16,16,16,17,17,17,17,19,20,19,19,21,21,21,21,21,17
3.05,0.05,180,11,14,15,17,17,18,18,19,18,19,19,20,20,20,21,21,21,20,21,21,20,20,20,19,20,19,19,19,19,18,19,19,18,18,18,18,18,18,18,18,18,18,18,18,18,18,17,17,18,17,18,17,17,18,17,17,17,16,17,17,17,17,17,17,17,17,18,16,16,18,16,17,17,16,17,16,16,17,17,16,16,16,15,15,16,15,16,16,15,16,16,17,17,17,17,18,18,18,20,19,19,21,21,21,21,22,22,21,17
3.1,0.05,180,12,15,16,17,19,19,19,19,20,20,20,20,20,22,20,21,21,20,20,20,20,19,20,19,19,19,19,18,18,18,19,17,19,18,19,19,18,18,18,18,18,17,17,17,17,17,17,18,17,17,17,17,17,18,17,18,17,18,17,16,17,17,16,16,17,17,17,17,17,17,18,17,16,16,16,16,16,16,16,17,16,16,15,15,15,15,17,16,17,17,16,16,16,18,17,18,18,18,19,19,20,21,20,21,21,22,22,20,16
3.15,0.05,180,14,17,17,18,19,20,22,22,22,23,24,24,24,25,24,23,23,22,22,22,22,25,20,20,20,19,19,20,19,20,20,20,19,18,19,19,18,19,18,17,17,18,18,18,18,18,17,18,17,18,18,18,18,17,18,17,17,17,18,17,17,17,17,17,17,17,17,17,17,17,17,17,17,17,17,17,16,16,15,16,15,15,15,15,15,16,16,16,16,16,17,17,17,18,18,18,18,19,19,20,20,20,21,22,22,21,22,19,15
3.2,0.05,180,12,15,17,17,19,20,20,20,21,22,22,21,21,20,21,21,22,22,22,21,20,20,20,19,19,18,19,19,18,19,18,19,18,18,18,18,19,18,18,18,18,18,18,18,18,18,18,17,18,17,19,18,18,17,18,17,17,18,18,18,18,18,18,17,17,18,18,17,18,17,17,17,18,17,17,18,17,17,17,16,16,16,16,16,16,16,16,16,17,17,16,17,17,17,17,17,17,18,17,18,18,21,20,20,20,21,22,22,17
3.25,0.05,180,12,14,16,18,19,19,19,20,20,20,21,20,20,20,20,21,20,20,21,20,20,20,20,20,20,19,19,19,20,19,18,19,18,18,19,19,19,18,19,19,19,19,19,19,18,18,18,18,18,18,18,17,19,19,19,18,18,18,18,18,18,18,19,18,18,18,18,18,18,17,17,17,18,17,17,18,16,17,17,16,16,16,16,16,16,16,16,16,16,16,17,16,17,17,17,17,18,18,18,18,18,18,19,19,21,21,21,20,16
3.3,0.05,180,12,14,16,17,18,19,19,19,19,19,19,21,19,20,21,20,20,22,23,25,26,22,20,19,19,18,19,19,19,19,18,19,18,19,18,18,17,18,17,18,17,17,19,18,18,18,18,17,17,17,17,17,18,18,17,18,18,17,18,18,17,17,18,17,17,18,17,18,17,18,17,16,17,17,17,17,16,17,16,17,16,16,17,17,16,17,16,16,17,16,17,17,17,18,17,18,18,18,18,18,20,20,20,20,21,21,21,18,15
3.35,0.05,180,8,14,17,17,19,20,20,21,21,22,21,22,21,21,20,22,21,22,21,21,22,21,21,21,20,20,21,20,19,19,19,18,19,18,17,18,18,18,18,18,18,19,18,17,17,18,17,18,17,19,19,19,19,20,19,18,19,19,18,19,18,18,18,18,18,18,18,18,18,18,17,17,17,17,18,17,17,17,17,17,15,17,16,16,16,16,16,16,16,18,16,16,16,17,17,17,18,18,18,18,19,20,20,22,21,22,22,22,18
3.4,0.05,180,11,14,16,18,19,20,21,22,24,23,23,22,23,23,24,23,23,23,22,21,22,21,21,21,21,21,21,22,22,21,21,21,20,20,20,19,20,19,18,19,19,19,18,18,19,18,19,19,19,19,18,18,18,19,19,19,19,19,18,18,19,18,0,0,0,0,0,0,0,0,0,0,0,0,0,0,0,0,0,0,0,0,0,0,0,0,0,0,0,0,0,0,0,0,0,0,0,0,0,0,0,0,0,0,0,0,0,0,0
0.05,0.5,180,11,13,16,16,17,18,18,18,19,19,19,21,19,19,20,20,20,19,19,19,19,20,20,22,22,21,19,19,18,18,19,21,23,24,24,26,27,28,29,26,27,25,25,23,22,25,26,22,20,18,19,19,19,19,19,18,18,20,20,18,18,18,16,16,17,18,18,18,19,18,19,19,18,18,17,17,18,19,22,25,22,19,18,20,19,18,21,21,18,18,20,22,19,20,19,19,19,20,21,20,19,19,20,20,21,23,24,19,16
0.1,0.5,180,6,9,14,16,18,19,20,18,19,20,19,19,20,21,21,21,21,20,20,19,19,20,20,19,20,18,19,18,18,18,18,20,23,25,24,20,20,21,19,18,18,19,18,18,17,17,18,17,18,18,18,17,18,17,17,20,22,23,24,30,32,22,22,16,16,16,17,17,16,17,17,21,19,19,19,18,19,19,19,19,19,19,19,19,19,22,24,24,23,24,22,19,20,21,21,22,24,24,26,26,26,27,24,24,24,24,24,23,19
0.15,0.5,180,9,16,17,18,18,19,19,21,21,21,21,21,24,25,25,25,25,25,25,22,21,21,21,21,20,20,20,19,20,19,19,19,19,19,19,19,18,19,19,19,19,18,19,18,18,18,19,19,20,19,19,19,18,19,18,18,19,18,18,18,20,17,18,17,18,17,18,18,18,18,18,18,18,18,18,17,17,17,17,18,18,18,21,20,21,21,20,20,20,19,20,20,22,23,23,23,22,21,23,23,23,23,24,23,24,24,25,27,20
0.2,0.5,180,10,12,16,18,20,20,20,20,22,22,26,25,22,22,22,23,23,25,28,28,32,25,22,22,22,21,21,21,21,21,20,20,20,20,19,19,19,19,19,19,19,20,20,21,23,23,23,24,24,23,23,19,19,19,19,20,19,19,19,18,18,19,18,18,19,19,18,19,19,20,19,20,19,19,19,20,20,20,20,20,19,20,20,20,21,21,20,20,20,21,22,21,22,24,23,23,24,24,25,25,25,25,26,27,26,27,26,25,19
0.25,0.5,180,4,13,15,16,17,18,19,21,21,20,20,21,21,21,22,22,22,22,21,21,21,21,21,21,22,22,22,22,23,20,20,21,20,20,20,20,20,21,21,20,21,21,22,23,23,23,24,25,26,25,22,21,19,19,19,19,18,19,19,19,19,19,19,19,20,19,20,19,20,19,19,20,19,19,18,21,23,23,22,20,20,19,19,20,28,23,22,23,21,20,20,21,21,22,22,22,22,22,23,24,24,24,24,24,25,24,25,25,23
0.3,0.5,180,8,12,15,15,18,18,20,20,21,21,21,23,22,23,22,23,23,23,23,23,22,22,22,21,21,21,22,21,21,21,21,20,21,21,21,21,21,20,21,21,21,20,20,19,19,20,20,20,20,20,21,20,20,20,21,24,20,21,20,20,19,19,19,19,18,20,23,22,21,20,21,20,20,22,21,21,21,21,21,22,22,23,23,23,22,22,21,22,21,21,21,22,22,23,21,21,21,23,25,27,31,25,25,25,25,25,26,28,23
0.35,0.5,180,8,13,17,18,19,19,21,22,22,21,22,23,23,23,22,23,23,24,23,23,23,23,23,22,22,22,21,21,20,21,21,21,21,21,22,21,21,22,21,21,20,20,20,21,20,20,20,19,19,20,19,18,19,19,21,23,24,22,22,23,22,22,22,22,22,21,20,22,20,19,20,21,20,22,21,21,23,24,25,30,27,26,25,25,26,27,29,30,28,30,28,29,29,30,30,28,27,26,27,29,28,27,27,27,28,28,28,27,25
0.4,0.5,180,4,10,16,21,22,23,23,25,22,22,22,23,24,23,23,26,31,33,33,27,23,26,33,29,23,24,23,23,24,22,21,21,22,22,22,22,22,21,21,22,21,21,23,24,25,21,20,21,22,21,20,20,22,21,22,21,23,23,23,22,22,22,22,24,23,24,24,22,23,23,23,21,20,20,24,28,25,25,24,21,21,21,22,21,22,25,26,26,25,25,26,24,26,27,27,27,29,30,28,29,29,30,29,27,29,29,30,31,31
0.45,0.5,180,10,13,17,16,19,21,22,23,23,24,24,24,25,24,26,26,26,24,26,26,25,24,24,24,23,22,24,22,23,22,22,23,23,24,23,24,24,27,25,25,25,26,26,25,23,23,23,24,24,26,27,27,27,23,21,24,33,31,27,23,25,26,28,28,25,25,27,26,26,28,31,30,30,30,26,31,31,30,26,25,26,26,25,24,27,25,25,26,26,27,26,26,28,28,28,28,29,29,29,31,34,35,34,35,35,37,38,38,34
0.5,0.5,180,11,14,16,17,17,18,19,20,21,21,21,21,21,20,21,21,22,22,21,22,22,23,22,22,24,23,23,24,24,23,22,22,22,21,21,20,20,22,24,26,24,23,21,22,27,28,28,27,27,27,28,25,25,23,23,21,21,21,20,19,20,20,21,22,23,26,28,29,29,31,29,29,28,33,38,35,31,35,36,40,37,36,33,34,29,28,27,26,27,27,29,29,30,28,26,31,27,28,30,28,28,31,30,32,32,33,35,31,23
0.55,0.5,180,15,17,19,20,21,20,23,23,25,25,26,26,26,26,26,26,25,26,26,26,24,24,21,21,22,24,21,21,21,21,20,20,21,25,26,25,27,26,25,24,23,23,23,23,21,20,19,21,24,22,24,26,27,24,23,23,24,23,23,23,24,24,24,24,25,26,27,29,31,31,31,30,24,24,24,24,24,24,23,24,25,25,26,27,27,30,32,27,25,26,31,35,31,35,30,31,27,29,30,33,33,33,32,32,30,29,29,23,17
0.6,0.5,180,6,12,16,22,22,25,22,22,23,22,23,24,23,23,23,23,23,25,25,25,26,25,25,25,24,24,22,21,22,22,24,26,24,22,23,22,20,20,19,20,20,20,22,23,24,25,26,27,28,25,24,23,21,22,23,24,24,25,27,26,26,26,24,22,20,21,24,20,21,21,21,21,20,19,19,19,18,19,19,19,19,19,20,21,22,22,22,22,22,21,22,23,23,23,23,23,22,23,23,24,25,26,26,27,29,28,28,28,26
0.65,0.5,180,9,14,18,19,20,21,22,22,22,21,21,21,24,24,23,23,26,26,25,24,25,25,24,22,23,24,23,23,23,22,21,21,21,20,21,21,22,22,22,21,20,20,20,19,20,21,22,22,23,20,19,22,23,23,21,21,21,20,20,20,21,20,20,21,21,19,20,20,20,19,20,18,18,17,18,18,18,19,19,19,19,19,19,19,19,19,19,20,21,21,21,21,21,21,22,22,22,24,23,24,24,25,26,24,26,25,26,26,22
0.7,0.5,180,9,13,16,17,18,18,19,19,19,20,20,21,21,21,21,21,21,21,21,21,21,22,23,23,22,23,21,22,22,21,20,21,21,20,21,20,20,21,19,21,20,20,19,20,21,19,20,20,20,22,19,20,21,20,20,21,21,20,20,20,20,22,23,19,21,21,22,22,20,20,20,20,20,21,20,17,20,19,18,18,19,18,18,19,18,20,20,20,22,22,22,22,25,23,25,25,28,30,31,30,29,27,29,27,29,27,29,27,20
0.75,0.5,180,2,12,15,16,17,19,20,20,20,22,21,22,22,21,21,23,22,22,24,23,23,23,24,24,24,25,26,26,25,25,26,24,24,20,20,19,20,19,18,19,19,18,18,19,18,19,19,20,19,21,19,19,19,17,17,18,19,19,18,18,18,18,18,17,18,18,20,21,22,23,22,20,19,20,20,20,21,18,21,19,18,17,16,16,17,17,17,18,17,18,17,18,18,18,18,18,17,18,19,19,19,19,21,22,21,24,25,25,23
0.8,0.5,180,5,12,15,15,17,17,18,19,19,19,20,21,21,21,20,21,20,21,20,21,21,21,20,20,19,19,19,19,19,18,18,19,19,19,19,19,18,19,18,18,19,19,19,19,18,18,16,16,16,15,16,17,17,17,17,17,16,18,18,17,18,18,20,19,20,20,19,20,19,19,19,18,18,18,17,17,17,17,17,17,16,17,16,17,17,16,16,17,16,16,16,17,17,18,18,18,18,18,18,18,19,19,19,19,20,21,20,20,17
0.85,0.5,180,10,13,15,16,19,18,19,19,20,20,20,20,20,21,20,21,20,20,20,20,20,20,20,19,19,19,19,19,19,19,19,19,18,18,18,18,18,17,18,18,17,18,18,18,18,18,18,18,18,18,18,18,18,19,19,19,18,18,18,17,17,18,16,16,16,21,17,16,15,16,16,16,16,16,15,16,17,16,15,16,16,16,16,15,16,16,16,16,17,16,17,18,17,18,18,18,18,18,18,19,18,20,20,20,20,20,20,20,16
0.9,0.5,180,11,14,16,16,18,19,18,20,19,20,20,21,20,21,21,21,21,21,20,21,21,20,20,21,22,22,20,19,18,19,20,19,19,19,18,18,19,19,18,18,18,18,17,18,17,17,17,17,18,18,17,17,18,21,18,20,18,18,17,18,19,18,19,19,18,17,17,18,19,17,17,17,16,17,17,16,16,15,15,15,16,16,17,17,17,17,18,17,18,17,18,18,18,18,19,18,17,18,19,19,20,19,21,19,21,20,20,18,14
0.95,0.5,180,6,12,15,16,16,16,18,19,19,19,20,20,20,21,21,22,21,21,21,20,21,20,20,20,20,20,19,20,19,20,20,20,19,19,18,18,19,21,20,20,19,19,19,18,18,18,18,18,18,18,18,18,18,17,16,17,15,16,17,17,19,17,18,17,16,17,17,17,17,17,16,15,15,14,18,20,18,20,21,21,24,22,20,20,18,19,22,25,23,21,18,17,17,17,17,17,22,16,18,19,20,21,22,22,23,22,24,23,21
1,0.5,180,6,12,14,16,16,18,17,18,19,19,19,20,19,20,19,19,20,21,20,20,20,20,19,19,19,20,19,20,19,19,19,18,18,19,19,18,17,18,18,17,18,19,18,19,17,17,18,17,17,17,16,17,17,18,18,18,18,19,19,18,19,19,19,20,20,20,20,19,20,21,20,20,19,18,17,19,18,19,20,24,26,30,27,26,26,25,23,21,18,18,17,18,18,19,19,19,19,20,20,20,20,21,22,21,21,21,20,22,18
1.05,0.5,180,9,13,15,17,18,18,18,19,19,21,21,22,22,22,22,22,22,22,22,23,22,22,21,21,21,22,21,20,20,20,20,21,20,20,21,21,20,19,21,20,20,20,20,19,19,19,19,19,20,19,19,19,19,19,19,20,19,19,21,21,19,20,20,19,19,18,18,18,18,18,18,19,18,19,18,18,19,19,19,18,18,18,19,18,17,18,17,18,18,20,18,20,19,21,20,21,20,20,20,20,22,22,22,23,23,23,23,22,22
1.1,0.5,180,0,12,14,16,18,20,19,20,20,20,21,21,21,22,22,25,27,25,24,29,27,25,22,23,23,22,22,21,22,22,22,22,21,20,20,20,20,20,18,19,20,20,20,19,20,19,19,19,19,20,20,20,20,20,19,20,20,20,21,24,19,20,20,21,20,20,20,19,19,19,18,19,19,18,19,19,19,20,20,20,19,19,18,18,18,18,19,18,18,18,19,18,20,20,20,20,22,22,21,22,23,23,22,22,23,23,25,24,23
1.15,0.5,180,2,10,13,16,17,17,19,19,19,20,20,20,21,20,20,21,20,20,20,20,21,21,21,20,19,20,18,18,19,19,18,18,18,19,19,19,19,18,19,19,19,19,19,19,19,20,21,20,20,19,19,19,19,23,25,27,28,26,25,23,24,20,20,20,19,20,20,19,20,19,19,18,18,19,20,20,19,19,19,19,18,19,19,18,18,18,18,18,19,19,20,21,22,23,24,26,28,28,27,28,30,31,32,34,34,32,32,33,28
1.2,0.5,180,10,12,16,17,18,19,18,19,20,20,21,21,21,22,22,21,21,20,21,20,21,20,21,21,21,21,21,20,21,20,19,20,20,19,20,20,19,20,20,20,20,20,20,20,20,19,20,20,19,18,18,19,19,19,19,18,17,18,17,18,19,18,18,16,17,16,15,15,15,16,16,15,16,16,17,15,16,15,16,17,18,18,17,19,21,21,21,22,23,23,21,22,22,24,23,23,24,25,26,27,28,28,29,29,31,32,33,33,33
1.25,0.5,180,10,14,16,17,19,19,20,20,20,21,22,22,22,22,23,22,23,23,22,21,21,21,21,21,22,21,21,21,20,20,21,20,21,21,22,21,20,21,21,20,21,20,19,20,19,19,19,20,20,20,19,20,20,19,19,19,19,19,19,19,20,19,19,20,20,20,21,20,19,19,19,19,19,20,19,18,19,19,20,20,21,22,22,20,20,20,23,24,26,26,26,24,26,26,25,28,28,30,33,34,36,33,32,29,30,32,32,32,30
1.3,0.5,180,6,13,15,18,19,20,21,21,20,22,22,21,21,23,23,24,24,23,23,23,22,22,22,22,22,22,21,22,21,21,21,21,21,20,21,20,21,20,20,20,21,21,21,20,20,21,20,21,19,20,22,18,18,19,18,19,19,18,18,19,20,20,21,21,20,20,20,19,21,21,21,22,24,23,20,23,24,24,25,25,24,24,20,19,22,20,21,19,19,20,20,21,25,26,27,25,22,24,25,28,28,29,29,30,30,29,30,30,29
1.35,0.5,180,11,14,17,18,19,20,19,20,22,22,21,21,21,21,22,20,21,22,22,21,22,22,21,21,21,21,20,21,21,21,22,22,22,23,23,21,22,22,21,21,20,20,21,21,22,20,20,20,20,20,20,20,20,20,20,19,21,21,20,20,22,22,22,22,22,21,21,21,21,21,22,21,21,21,21,22,23,24,24,24,25,26,27,27,28,28,28,30,28,26,23,23,25,32,26,26,25,26,28,29,30,29,29,30,29,30,30,31,28
1.4,0.5,180,11,14,17,19,18,20,20,21,21,21,21,22,22,23,23,23,22,22,22,22,22,23,23,23,23,22,23,23,24,23,22,23,20,21,22,21,22,22,23,22,22,22,22,22,23,22,21,20,22,21,19,20,20,20,21,22,24,23,22,22,21,22,22,23,25,22,22,21,21,22,21,20,20,20,20,20,20,20,21,21,20,21,21,23,24,27,29,30,31,32,31,33,33,34,34,35,36,35,29,29,28,28,28,29,29,31,29,28,25
1.45,0.5,180,5,13,16,17,17,19,20,20,22,22,22,22,23,23,24,24,24,23,23,23,23,23,22,22,21,22,23,20,21,21,20,20,21,21,21,21,21,20,21,20,21,20,21,21,22,22,22,22,22,20,22,21,21,21,21,22,22,23,23,21,22,29,25,26,26,27,26,26,25,25,25,24,22,22,24,21,21,23,18,20,23,23,22,20,21,24,23,24,25,25,24,26,26,24,25,26,26,27,27,28,29,29,29,28,29,30,30,31,31
1.5,0.5,180,8,14,16,18,19,20,20,20,21,21,21,21,21,22,22,23,24,23,23,24,24,24,24,23,22,22,22,22,22,21,21,21,21,21,21,21,21,21,21,21,21,21,21,20,21,20,20,21,20,20,19,19,20,20,20,20,20,20,20,22,22,23,21,19,19,19,19,19,19,20,22,23,20,18,18,18,19,21,22,24,25,30,28,22,19,19,19,19,19,22,23,24,24,26,24,24,23,21,24,24,24,25,25,25,25,23,27,29,26
1.55,0.5,180,10,14,15,19,25,25,27,30,29,29,35,34,27,22,23,22,22,22,22,22,21,22,22,22,23,22,21,21,21,20,21,21,21,22,21,22,21,20,20,20,20,21,20,20,20,20,21,21,25,26,21,23,22,22,22,22,22,22,21,20,20,20,20,19,20,19,19,18,18,18,19,20,18,19,19,19,19,21,21,23,24,24,26,28,32,35,34,27,27,27,29,29,29,29,29,29,30,30,27,28,28,27,27,26,28,29,28,29,20
1.6,0.5,180,13,15,18,19,21,22,23,22,23,23,22,23,23,25,23,23,23,23,22,22,22,23,23,21,21,21,21,21,20,20,21,20,21,19,19,20,21,21,21,19,19,19,18,20,19,19,18,18,18,24,24,22,20,19,19,19,19,20,18,17,18,19,19,18,18,18,17,17,17,17,17,17,17,17,17,17,17,17,17,17,17,17,17,17,18,17,17,18,18,18,18,20,21,20,19,19,18,18,18,19,22,27,28,28,29,29,31,31,30
1.65,0.5,180,7,18,21,27,18,19,19,21,20,20,21,22,22,22,23,23,23,23,23,22,22,22,22,22,20,21,20,20,20,21,20,19,20,20,20,19,19,19,19,20,18,18,19,18,19,19,19,19,18,18,17,19,18,20,21,20,20,21,23,21,20,19,20,20,20,19,18,18,17,17,16,16,16,16,15,17,18,17,18,17,17,17,17,18,19,18,19,19,18,18,18,18,18,19,19,19,19,19,21,22,21,22,23,23,23,21,24,24,22
1.7,0.5,180,10,15,15,17,17,18,19,20,20,20,21,21,21,21,21,22,22,21,21,21,21,21,21,21,20,20,20,20,20,20,19,18,19,18,18,18,18,19,18,18,18,19,21,23,22,23,19,19,18,19,18,18,18,18,18,18,18,18,17,18,18,18,18,18,17,17,17,17,17,17,17,20,22,18,18,18,18,18,18,17,18,17,17,18,17,18,18,18,19,19,18,19,19,20,20,20,20,20,20,21,21,22,23,23,23,24,24,24,21
1.75,0.5,180,10,13,15,17,17,18,19,19,19,20,21,22,20,21,20,22,22,21,21,21,21,21,21,21,20,20,19,19,19,19,19,19,21,23,25,19,20,18,18,18,19,24,18,21,19,18,18,19,17,17,18,17,17,17,17,17,17,17,17,18,18,18,18,17,17,17,17,17,18,17,17,17,17,17,17,17,17,17,17,17,17,17,16,16,17,17,17,16,17,17,17,18,18,17,18,19,19,19,19,20,21,21,22,22,22,23,23,23,20
1.8,0.5,180,1,11,15,16,17,18,19,19,19,19,20,20,20,21,20,20,21,20,21,20,20,20,19,20,19,19,19,18,19,18,19,18,17,21,23,21,18,18,18,16,17,17,17,17,17,17,18,17,17,18,17,17,17,17,18,17,16,16,16,17,17,18,17,16,16,16,17,17,17,16,16,17,16,16,16,16,16,16,17,17,16,18,22,21,20,21,20,23,23,24,21,19,18,17,18,18,19,18,19,18,19,21,21,21,21,21,22,22,22
1.85,0.5,180,7,12,14,16,16,17,18,19,19,20,20,20,20,20,21,21,20,20,21,20,21,21,20,20,20,20,20,19,20,19,19,19,18,19,18,17,17,17,17,18,17,18,19,18,18,17,17,18,18,18,17,17,17,17,17,17,17,17,17,16,16,16,17,18,18,21,22,20,19,18,21,20,20,21,21,19,18,16,15,16,16,17,17,17,17,17,18,17,17,17,17,17,19,18,19,19,20,21,25,22,22,22,22,21,22,23,25,23,21
1.9,0.5,180,7,12,15,16,18,19,20,19,20,19,20,20,20,21,21,21,21,21,21,21,21,20,21,20,21,21,21,20,20,20,19,19,19,19,19,19,19,19,19,18,19,18,18,18,18,18,18,18,17,17,17,16,17,18,19,18,18,18,18,18,18,17,17,17,18,18,18,18,19,18,18,17,18,18,18,17,18,18,18,18,18,18,17,17,17,17,17,17,17,17,18,17,18,18,19,19,19,19,19,19,20,21,20,20,20,20,19,21,14
1.95,0.5,180,12,14,16,17,18,19,19,20,20,21,21,22,22,22,22,22,22,22,22,21,22,22,22,22,21,21,22,22,21,20,20,19,20,19,20,19,20,20,19,19,19,19,19,19,18,18,18,17,17,17,17,17,19,17,17,17,17,19,18,17,17,15,17,18,18,18,17,16,17,17,18,18,18,18,18,18,18,18,18,18,18,17,18,18,18,17,16,17,16,15,15,16,15,15,16,21,22,21,17,18,18,19,20,22,23,19,20,19,14
2,0.5,180,6,12,17,17,18,19,20,20,20,20,21,22,21,22,22,22,21,22,21,22,21,22,22,22,21,21,21,21,21,21,20,20,20,20,20,20,20,20,19,20,19,19,19,19,19,19,20,20,19,18,18,18,18,19,18,19,19,20,19,18,17,18,19,20,18,18,18,18,18,25,21,18,19,24,21,20,19,23,25,29,33,29,25,25,26,27,30,28,26,20,20,19,19,20,20,20,21,21,22,22,22,24,23,23,24,24,26,32,33
2.05,0.5,180,8,13,15,16,18,20,19,20,19,20,20,20,21,21,22,22,21,21,21,21,21,21,22,21,22,22,22,22,21,22,21,22,21,20,20,20,20,20,21,20,20,19,19,18,19,24,19,19,19,20,21,21,22,22,21,21,22,21,21,22,21,21,21,21,21,20,19,20,21,19,21,22,21,21,21,21,19,19,19,19,19,20,20,19,20,21,20,23,25,27,26,25,26,26,25,24,22,23,24,23,22,23,25,25,26,25,27,28,26
2.1,0.5,180,11,14,17,18,19,20,20,21,21,22,22,22,22,23,24,23,22,23,22,22,23,24,23,23,23,22,23,23,23,23,22,23,22,22,23,22,22,22,23,23,23,22,23,22,22,22,24,23,22,23,22,20,20,20,20,20,20,21,21,21,19,20,20,19,20,20,21,20,21,21,23,24,23,24,23,24,24,23,24,24,24,25,25,26,26,29,31,34,33,34,34,34,34,37,37,32,32,29,28,29,34,36,39,36,34,29,30,29,22
2.15,0.5,180,0,12,15,16,18,18,19,21,21,20,20,21,20,20,20,21,21,21,21,21,21,20,20,21,21,22,20,20,21,21,21,21,21,21,21,21,20,20,20,20,20,20,20,19,19,19,20,19,20,22,21,22,21,22,25,22,23,22,21,22,22,21,22,22,23,23,22,22,24,24,24,25,25,25,24,24,24,25,24,25,25,24,25,26,27,28,30,30,31,33,33,32,33,33,35,35,35,34,37,31,32,29,28,30,30,29,29,30,28
2.2,0.5,180,9,17,18,18,20,21,20,20,20,21,23,23,24,24,24,25,24,23,24,25,25,24,25,25,24,22,22,25,27,27,26,23,24,22,24,22,21,23,23,23,23,22,22,23,21,20,20,20,21,20,21,21,21,21,21,21,22,21,22,23,25,25,22,21,20,20,20,20,26,21,20,21,22,23,27,29,26,29,27,27,29,31,30,30,30,30,30,32,32,33,33,33,33,34,34,32,33,33,29,29,30,29,28,28,28,29,31,31,29
2.25,0.5,180,10,15,17,18,20,20,20,20,20,21,21,22,22,23,24,24,24,25,25,25,25,25,25,25,23,23,23,23,23,23,23,23,22,22,22,21,21,22,24,25,25,26,28,25,26,21,21,20,20,20,20,20,20,21,22,20,23,22,23,25,22,22,21,20,20,20,19,19,20,21,21,22,22,25,20,22,23,21,20,21,21,25,22,22,23,23,21,21,21,20,21,24,28,26,25,25,25,26,26,27,26,27,28,28,29,32,34,34,31
2.3,0.5,180,13,17,19,19,20,20,21,21,21,21,22,22,21,21,21,22,22,22,22,22,23,23,22,20,21,22,22,20,21,21,21,20,21,20,20,21,21,22,22,21,21,22,21,21,20,20,20,20,19,20,20,20,20,20,20,20,19,20,19,19,20,19,19,20,19,20,20,20,21,23,22,25,26,27,26,27,26,24,23,23,20,22,20,23,22,24,27,27,29,30,29,29,30,32,35,33,34,35,35,32,30,30,30,31,30,30,30,29,22
2.35,0.5,180,8,15,17,19,20,20,21,22,24,24,23,22,24,25,24,23,23,23,22,22,23,24,26,22,22,22,22,21,22,22,22,21,21,21,21,21,21,21,21,21,20,20,20,21,22,21,21,21,20,21,19,19,19,20,19,19,19,20,20,19,19,19,19,19,19,19,19,18,19,19,20,20,20,19,19,19,20,21,21,21,20,21,21,21,21,21,20,19,20,20,20,21,21,23,24,24,24,23,25,25,27,27,27,28,28,27,28,29,26
2.4,0.5,180,11,14,16,18,18,18,19,19,20,21,20,20,21,21,21,21,22,21,20,20,20,20,19,19,20,19,19,18,18,18,18,18,18,19,18,18,18,17,17,17,16,17,17,17,18,17,16,17,17,17,17,17,18,18,17,18,17,17,17,17,17,17,17,19,18,17,17,17,16,17,16,17,17,17,17,17,18,17,17,18,18,19,22,22,22,22,23,23,21,21,19,18,19,20,20,21,21,22,23,23,24,25,25,24,24,26,24,26,21
2.45,0.5,180,13,15,17,17,18,18,19,19,19,19,19,20,19,19,19,20,20,20,20,22,23,23,23,26,27,26,19,19,18,18,18,18,18,18,18,17,17,17,17,17,17,17,17,18,17,17,17,17,17,17,17,17,17,16,16,16,17,17,16,16,17,16,16,17,17,17,17,17,16,15,17,15,16,15,16,15,15,15,15,15,15,16,15,16,16,16,16,17,17,17,16,16,17,17,18,19,20,19,21,22,22,25,25,25,23,22,23,24,19
2.5,0.5,180,0,12,14,16,18,17,19,19,19,20,19,19,20,20,20,20,20,20,19,21,20,19,19,19,19,18,18,18,18,19,18,18,18,18,17,17,18,18,18,17,17,17,17,17,17,17,17,17,16,16,17,17,17,17,17,17,16,16,18,17,16,17,17,16,16,16,16,16,16,15,16,15,16,16,16,16,16,15,16,16,16,16,16,15,16,17,15,15,15,17,17,18,19,19,21,21,18,18,19,19,19,21,22,22,23,23,23,23,22
2.55,0.5,180,6,14,16,17,18,19,19,18,19,22,20,20,21,21,21,20,20,20,20,20,20,20,19,19,19,19,18,18,24,25,18,18,18,17,17,17,18,17,17,17,17,16,16,17,17,16,17,17,17,17,17,17,17,17,17,16,16,17,17,17,17,18,17,17,16,16,17,15,15,16,17,16,16,16,16,15,15,15,15,15,15,16,17,16,17,18,19,18,18,18,17,17,18,18,19,19,19,19,20,21,21,22,22,22,22,23,23,24,22
2.6,0.5,180,8,14,16,18,19,19,19,20,21,20,19,22,21,21,23,22,23,22,21,21,20,21,21,21,20,20,20,20,19,19,19,19,18,19,18,18,19,18,18,17,17,18,18,17,18,17,17,17,18,17,18,17,18,17,17,18,17,18,18,18,18,17,18,15,16,17,16,16,16,15,16,16,16,16,17,17,17,17,17,18,18,18,18,17,18,18,18,18,18,18,18,19,19,20,20,21,21,21,21,22,21,22,22,22,21,21,21,21,18
2.65,0.5,180,9,13,15,17,18,20,19,21,21,21,21,22,22,23,23,23,27,28,24,22,22,22,22,20,21,21,20,20,20,20,20,20,19,19,19,19,19,19,19,19,19,18,19,19,18,19,17,18,18,17,18,18,19,18,19,19,18,18,19,19,19,19,18,19,19,19,20,20,20,20,19,19,18,18,18,18,19,19,19,18,17,20,22,22,22,22,18,19,18,18,19,19,19,20,21,20,21,23,23,24,26,29,33,35,37,38,36,34,27
2.7,0.5,180,0,11,14,16,17,18,19,21,21,20,21,21,22,21,22,22,21,21,22,21,22,22,21,22,22,21,22,21,21,21,21,21,21,20,21,20,20,20,20,21,21,20,20,20,21,19,20,21,20,20,20,21,21,21,21,21,19,19,21,23,22,20,20,20,20,20,20,20,19,19,19,19,19,18,19,19,18,18,19,20,19,21,23,23,22,21,22,21,19,20,18,19,19,20,21,22,21,22,21,24,23,23,24,25,26,27,27,28,27
2.75,0.5,180,7,12,15,17,18,19,20,20,20,20,21,23,23,23,23,23,23,23,23,23,23,24,23,24,22,22,22,22,22,22,21,21,22,21,21,21,21,21,22,20,21,21,21,22,22,21,22,20,21,21,20,20,19,18,18,18,19,18,19,19,20,22,24,28,26,23,19,20,19,18,21,23,27,30,32,32,30,31,31,29,31,34,37,31,23,23,23,23,23,23,24,22,21,22,22,23,24,23,23,24,23,23,24,25,26,27,29,27,24
2.8,0.5,180,12,15,17,19,19,20,20,20,21,22,22,23,23,24,24,25,25,23,24,25,24,24,23,23,24,23,23,23,23,23,22,21,22,21,21,21,20,21,20,19,19,19,20,20,20,19,21,20,20,20,21,19,20,24,26,28,32,29,28,22,22,23,23,21,21,21,21,21,19,20,21,20,20,20,20,21,21,22,23,22,24,24,26,26,25,25,24,25,24,25,25,26,23,23,24,25,25,24,24,26,25,25,27,29,29,29,30,30,28
2.85,0.5,180,0,13,17,17,19,21,22,23,23,24,24,23,24,24,25,25,25,24,24,25,24,24,24,24,24,24,25,25,25,25,25,24,25,24,25,25,23,23,23,21,22,22,22,23,23,24,24,25,25,22,25,27,22,21,22,22,21,20,20,21,22,22,22,21,21,20,20,22,20,20,21,21,20,20,20,21,21,21,20,21,20,21,21,21,22,24,29,37,26,23,23,23,23,24,25,25,25,25,25,26,26,25,27,28,29,32,32,31,28
2.9,0.5,180,7,14,16,19,19,20,21,21,23,23,22,22,24,23,23,23,24,24,26,26,26,25,25,26,24,24,24,24,23,23,23,23,22,22,21,22,21,21,21,21,23,21,21,21,20,21,21,22,21,21,22,22,21,21,21,22,20,21,20,27,23,24,24,26,26,22,22,22,24,25,27,27,27,26,26,26,26,25,26,25,24,23,22,23,24,23,23,23,24,33,32,30,29,28,28,28,29,29,29,29,29,27,29,27,28,28,30,28,27
2.95,0.5,180,8,14,17,20,21,21,20,22,22,22,23,23,23,24,23,24,25,25,24,25,26,24,24,24,24,23,23,24,24,25,27,23,23,26,29,28,29,27,26,26,25,23,23,22,22,21,22,20,20,22,21,20,20,21,20,20,21,23,21,20,21,23,22,21,21,21,20,20,20,21,21,21,20,20,21,20,20,20,19,18,17,18,17,17,19,21,22,21,22,23,29,30,24,25,25,25,24,23,25,24,25,25,26,26,28,28,24,25,23
3,0.5,180,0,11,15,18,20,20,23,22,20,21,21,22,21,22,22,22,22,22,22,23,22,23,21,22,23,23,21,21,23,24,25,25,25,25,23,23,22,22,22,21,21,20,20,20,20,21,21,20,21,20,21,21,22,22,21,20,20,20,19,20,19,19,18,19,18,18,17,17,17,18,18,17,17,17,18,18,18,19,19,20,20,19,18,20,23,19,18,18,19,21,21,24,24,23,23,23,22,23,24,25,24,27,25,25,26,27,27,30,29
3.05,0.5,180,5,13,15,17,18,19,19,20,20,20,21,21,21,22,22,22,22,21,22,21,22,22,22,21,21,20,21,20,21,20,20,20,21,21,21,20,20,20,19,19,19,19,19,18,18,18,19,19,19,18,18,19,19,18,18,18,18,18,18,18,19,19,19,19,19,19,19,19,19,19,18,18,17,18,18,20,20,20,19,20,21,21,20,20,21,22,22,22,22,22,22,24,27,28,27,24,23,23,24,23,24,25,26,26,25,26,26,27,25
3.1,0.5,180,8,13,15,16,18,18,18,19,20,21,22,23,26,25,23,23,23,23,23,22,23,22,23,22,22,21,21,20,20,20,20,20,20,19,19,19,19,18,18,19,18,18,18,19,18,17,18,19,18,17,18,17,18,19,19,19,19,18,19,18,18,18,18,18,19,19,19,18,19,20,19,18,17,18,18,17,19,20,19,19,18,18,18,19,20,20,20,21,23,23,25,24,24,25,26,27,26,26,24,26,25,26,27,29,29,30,30,30,28
3.15,0.5,180,10,14,16,17,17,18,18,19,19,19,19,21,21,20,20,21,20,20,19,20,19,19,19,19,19,19,18,18,18,18,18,18,18,18,18,18,18,18,17,18,18,17,18,18,18,17,17,17,17,18,18,17,18,18,18,18,18,19,19,19,19,19,18,19,19,19,19,19,19,20,19,19,19,19,18,20,19,19,19,20,19,19,20,19,19,20,20,21,21,21,23,22,21,21,21,22,23,23,24,26,25,23,24,25,25,25,24,25,21
3.2,0.5,180,0,10,14,15,17,17,17,18,18,18,19,19,19,19,20,19,19,19,20,19,19,19,19,18,18,18,19,19,19,19,24,25,22,18,18,18,18,18,17,17,17,17,17,17,18,18,17,18,17,17,17,18,17,18,17,17,16,16,17,16,17,16,16,16,17,18,18,18,18,18,19,20,19,18,17,18,18,18,20,19,20,22,23,24,26,26,28,28,30,31,33,32,27,27,26,24,23,26,23,23,25,26,26,26,26,26,27,26,25
3.25,0.5,180,7,12,15,16,17,18,19,19,20,21,21,21,22,22,22,22,23,23,23,23,22,23,23,24,23,22,23,21,20,21,20,20,20,20,20,20,19,20,20,20,19,20,20,19,20,20,19,20,20,19,20,19,20,19,19,20,19,19,20,19,19,19,19,19,19,20,19,20,19,19,18,18,18,19,19,19,19,20,19,21,21,20,21,20,21,21,21,21,21,21,22,23,22,23,23,24,24,25,25,25,26,26,27,28,28,28,27,28,27
3.3,0.5,180,8,13,16,18,19,20,20,21,22,22,22,23,24,24,26,25,25,26,25,26,26,26,24,26,24,25,24,25,24,23,22,23,22,21,21,21,21,20,21,22,21,22,22,21,22,21,22,20,21,21,22,21,22,21,20,22,21,22,21,21,21,21,21,21,21,20,19,19,21,20,21,21,20,21,19,19,19,19,20,20,21,22,22,22,22,25,26,26,26,27,28,27,27,27,28,28,29,29,29,27,28,29,28,30,30,29,29,28,28
3.35,0.5,180,0,12,17,19,19,21,21,22,22,23,24,23,24,30,24,25,26,27,26,27,26,26,26,27,27,27,27,28,27,27,27,26,24,23,23,24,24,23,22,23,22,23,22,23,23,23,21,22,21,21,20,21,20,21,20,21,19,20,19,21,20,20,19,19,19,19,19,19,20,20,20,21,22,21,22,26,27,27,28,29,29,30,30,30,30,30,30,31,29,28,29,30,30,30,29,29,31,33,39,39,39,34,33,34,31,32,31,29,29
3.4,0.5,180,1,15,18,19,20,21,22,23,22,23,25,25,24,25,26,26,27,28,28,28,28,29,28,29,28,27,27,27,28,27,27,27,28,28,28,26,26,24,26,26,26,28,28,28,25,26,25,24,26,27,25,25,26,27,32,34,31,31,29,30,23,24,25,24,0,0,0,0,0,0,0,0,0,0,0,0,0,0,0,0,0,0,0,0,0,0,0,0,0,0,0,0,0,0,0,0,0,0,0,0,0,0,0,0,0,0,0,0,0
0.05,0.55,180,11,14,13,19,20,20,21,23,21,21,22,22,21,21,20,19,20,21,23,26,29,27,23,22,24,23,23,23,24,23,23,24,23,23,20,20,19,19,19,19,18,21,21,17,17,18,18,18,20,18,19,17,17,20,21,25,26,28,22,18,19,20,20,21,22,22,22,21,23,18,20,20,20,19,19,18,16,16,18,16,18,18,18,20,22,24,25,26,27,25,22,19,20,21,21,22,25,26,26,24,24,22,22,24,24,24,27,26,21
0.1,0.55,180,5,9,12,13,15,16,17,23,26,27,20,19,19,20,20,20,20,20,21,21,23,25,25,27,26,28,26,24,22,23,24,21,20,19,20,19,20,19,17,18,18,17,17,24,16,16,16,16,19,20,21,18,18,19,19,20,20,18,18,17,20,21,20,22,24,22,21,19,18,18,16,16,16,16,16,17,18,17,17,17,17,19,20,20,20,17,18,19,19,18,19,19,20,22,21,21,23,23,23,24,23,24,25,25,25,24,24,30,26
0.15,0.55,180,9,13,15,16,17,18,18,19,19,20,20,21,21,22,21,21,22,22,21,22,21,21,21,21,20,20,20,20,21,21,20,20,20,20,24,24,20,19,18,19,19,19,19,18,19,19,21,23,18,17,17,19,17,17,17,17,17,16,17,19,21,19,19,19,18,19,20,19,20,18,19,19,19,17,17,17,17,17,17,19,20,20,20,19,19,19,20,20,20,20,19,19,20,22,21,24,23,24,24,24,24,23,24,24,26,25,26,25,21
0.2,0.55,180,0,11,15,16,17,18,19,20,20,21,21,21,21,21,21,22,21,21,20,21,21,21,21,21,21,21,23,22,24,24,24,25,26,28,26,27,27,26,26,25,25,25,24,23,23,23,22,26,25,31,23,23,23,23,25,24,24,24,23,23,23,23,23,23,22,22,22,21,22,21,20,19,20,19,22,23,20,22,21,19,18,19,19,19,19,19,19,20,20,20,22,22,22,23,23,23,25,27,30,33,34,34,32,33,29,27,25,26,24
0.25,0.55,180,0,8,12,14,16,18,19,22,22,24,25,25,25,27,27,27,25,26,27,25,23,24,22,22,21,21,21,19,19,20,19,20,20,20,20,19,20,19,19,19,19,19,18,18,18,18,18,18,19,18,18,18,18,17,19,19,18,18,19,18,18,18,18,19,18,19,18,19,19,19,19,19,20,19,19,20,19,19,19,19,19,19,19,19,20,21,21,21,22,22,22,23,23,23,24,24,23,24,24,24,24,22,23,24,25,26,25,26,24
0.3,0.55,180,3,12,16,18,19,20,20,19,21,21,23,22,21,21,21,21,21,22,22,22,21,22,21,21,21,21,21,21,21,21,21,20,20,19,20,20,19,20,19,19,19,19,19,19,19,19,19,18,19,19,19,19,19,20,20,19,19,19,19,20,20,19,19,18,18,21,21,20,20,19,19,20,19,19,19,20,18,19,18,18,19,21,20,19,19,19,19,20,21,21,21,21,22,21,22,21,21,21,22,22,23,23,23,23,23,24,25,25,22
0.35,0.55,180,0,8,11,13,15,16,17,18,18,19,20,20,20,21,21,21,21,22,22,22,21,21,21,21,20,20,21,21,21,21,20,20,20,20,20,20,20,20,20,20,20,20,20,20,19,19,20,20,19,19,19,18,18,20,19,19,18,19,19,19,19,19,19,19,19,19,19,19,18,18,20,20,23,21,21,20,20,19,19,19,20,20,20,19,21,21,21,21,22,23,21,21,23,23,21,24,25,24,24,25,26,27,25,25,25,26,26,25,25
0.4,0.55,180,3,12,13,16,17,18,20,20,19,20,20,21,22,21,21,21,21,21,22,22,21,21,21,21,21,21,21,21,22,22,21,20,21,21,20,20,19,19,19,20,20,19,19,19,20,18,19,19,19,19,24,27,28,19,21,23,19,20,20,20,20,20,22,22,24,25,24,23,21,21,22,22,22,21,21,20,19,19,23,25,24,25,23,23,26,27,28,29,30,29,30,30,33,34,36,37,35,34,33,32,32,32,33,32,31,31,32,31,29
0.45,0.55,180,7,13,14,17,17,18,18,20,18,19,21,21,22,22,22,22,22,23,23,22,21,23,21,21,21,21,22,21,20,20,20,20,20,20,20,21,21,20,20,20,20,20,20,20,21,21,22,21,22,22,22,23,21,21,21,24,22,23,25,25,21,21,22,21,21,23,21,22,22,24,20,27,21,21,21,25,22,22,29,33,33,34,31,29,34,36,32,28,27,29,27,27,29,30,30,31,32,31,30,31,33,33,31,29,30,31,36,30,24
0.5,0.55,180,0,8,14,15,16,18,21,20,21,21,22,22,21,22,22,22,22,21,22,23,22,22,22,22,22,21,21,22,21,22,23,21,22,21,21,20,21,21,21,21,21,21,20,21,20,20,20,21,20,20,20,22,22,23,23,21,21,22,26,27,25,27,27,25,24,24,22,22,26,29,30,29,28,27,27,29,29,29,30,29,29,28,27,29,26,29,30,30,28,27,27,27,29,30,31,32,30,30,29,29,28,29,30,31,35,34,33,35,33
1.1,0.55,180,11,11,13,14,16,18,20,19,17,15,18,20,20,19,20,20,19,19,20,19,19,20,19,20,23,19,18,18,20,18,19,20,21,21,23,24,25,27,29,28,31,30,32,31,30,28,29,31,32,32,31,29,26,24,24,21,19,21,21,23,22,21,19,20,20,18,18,18,17,17,18,21,21,24,22,26,26,24,21,21,24,21,21,20,21,17,17,21,22,23,24,25,25,26,19,20,18,18,20,22,24,25,25,25,27,29,31,32,29
1.15,0.55,180,6,13,15,17,18,18,18,20,21,20,20,21,21,21,21,21,21,22,22,22,22,21,20,21,19,17,19,19,18,18,18,18,19,19,19,20,19,21,22,19,21,21,19,20,21,21,21,21,24,24,22,21,20,20,20,19,20,22,24,27,25,22,21,17,17,15,14,18,17,20,18,19,16,16,19,21,23,22,18,16,16,16,16,16,17,18,19,20,19,18,20,20,20,20,22,23,22,23,24,24,25,26,24,23,22,22,24,24,21
1.2,0.55,180,7,14,15,17,18,18,21,23,24,24,22,22,21,21,21,20,20,20,20,20,20,20,19,19,19,19,19,19,19,20,21,21,21,21,21,21,20,20,20,20,20,20,20,20,19,18,18,19,19,18,21,23,20,19,20,21,23,21,20,22,22,23,20,23,24,23,23,23,23,25,24,24,24,25,27,29,29,25,23,22,20,23,23,23,24,24,24,25,25,25,25,20,21,22,21,23,25,24,28,30,28,28,27,27,28,29,29,27,25
1.25,0.55,180,0,11,12,16,17,18,18,21,19,19,20,20,20,20,20,20,20,20,21,21,21,21,22,21,21,20,21,20,20,19,20,20,20,20,21,20,21,21,21,19,19,19,19,20,20,20,21,22,22,23,24,25,23,24,24,25,25,25,23,26,26,27,25,25,25,24,22,22,22,22,22,21,23,24,21,21,25,26,27,28,30,30,32,33,35,30,33,33,35,34,36,35,37,37,36,35,36,37,39,39,39,35,36,32,30,28,29,29,27
1.3,0.55,180,6,12,14,16,18,18,19,20,19,19,20,20,20,22,22,23,21,21,21,21,21,21,21,21,21,20,20,20,20,20,19,19,19,19,19,20,20,20,20,20,21,20,21,23,22,21,21,21,20,20,20,22,22,26,27,21,20,21,20,22,21,22,19,18,20,20,25,25,21,24,22,23,21,20,20,19,19,21,24,23,22,21,22,23,22,21,20,20,20,19,20,20,20,20,22,27,23,24,24,25,25,26,26,26,26,28,28,27,22
1.8,0.55,180,11,15,16,16,17,20,23,28,25,26,26,25,20,19,19,19,20,20,20,20,21,20,19,18,18,18,18,18,18,18,18,18,18,19,18,18,18,18,20,19,17,18,18,17,18,18,18,19,20,19,17,16,16,19,17,17,19,17,18,18,19,15,15,14,12,13,14,19,20,20,20,20,20,19,19,18,16,18,19,19,22,21,22,22,20,19,19,18,19,18,17,19,21,22,23,21,19,18,21,22,25,29,31,35,33,31,28,29,27
1.85,0.55,180,8,12,15,16,17,18,17,18,18,19,20,19,19,20,20,19,19,19,19,19,19,19,20,19,20,18,18,19,18,18,19,19,19,19,20,21,24,20,21,20,24,27,28,27,25,21,22,21,23,23,22,23,23,24,24,21,21,23,23,27,29,34,30,26,25,23,24,25,24,24,25,26,25,27,25,25,25,25,25,24,24,24,24,24,24,25,22,23,24,23,25,27,27,27,27,28,28,28,28,28,28,28,29,28,29,29,29,27,23
1.9,0.55,180,10,13,16,17,18,19,19,18,19,19,19,21,21,23,24,20,20,21,21,21,21,21,21,21,21,20,20,19,20,20,20,20,20,20,19,20,20,20,20,25,22,20,19,22,20,22,23,21,20,20,21,21,20,22,21,21,21,21,21,20,20,25,26,26,26,25,22,21,21,21,20,22,22,23,24,22,23,23,24,25,24,26,25,25,24,26,27,29,29,29,30,31,32,32,34,35,34,35,35,36,35,37,38,38,39,38,38,37,35
2.15,0.55,180,13,14,16,17,17,17,17,17,18,19,20,20,19,20,20,20,20,19,20,19,21,22,19,20,22,21,22,23,24,22,22,21,25,28,29,28,28,25,25,25,30,32,34,35,33,36,39,40,34,33,33,31,27,26,26,30,31,26,28,29,27,26,27,24,22,21,19,21,20,17,19,18,19,13,14,15,18,21,22,22,21,22,20,20,15,16,18,18,18,18,20,19,21,21,21,21,23,22,22,22,23,23,23,24,24,27,25,24,24
2.2,0.55,180,14,15,16,18,20,19,20,21,21,22,21,22,21,22,21,21,28,31,26,22,21,21,22,20,21,24,22,23,22,22,22,26,20,20,20,24,24,23,23,24,24,26,25,23,24,24,24,21,21,22,25,22,25,28,27,30,27,25,25,24,24,25,24,25,30,34,34,32,25,24,28,25,25,24,20,22,22,23,22,22,20,22,20,22,24,21,21,23,24,25,23,26,26,29,30,31,32,33,33,29,30,30,30,34,33,34,32,29,27
2.25,0.55,180,15,16,17,18,19,19,19,19,21,22,21,22,21,21,21,21,21,21,22,21,22,21,20,24,24,24,24,25,24,23,23,22,21,22,21,21,21,22,21,22,21,20,19,21,20,20,19,19,21,21,23,23,23,23,25,27,29,29,29,30,29,28,28,28,24,24,23,23,20,20,24,24,25,24,25,24,23,23,24,25,25,24,23,24,23,23,24,25,27,29,29,24,28,29,29,29,30,31,31,26,29,32,28,28,31,33,31,25,22
2.3,0.55,180,14,17,18,19,19,19,20,20,19,19,19,19,20,20,20,21,21,22,22,22,22,21,21,21,21,19,20,21,21,23,22,23,22,22,20,20,21,19,19,19,20,19,19,19,21,23,23,27,26,22,22,21,22,23,23,22,22,23,24,22,21,19,19,20,20,19,19,20,19,19,19,21,23,24,23,21,23,22,25,23,24,24,24,23,24,22,23,25,25,27,27,28,29,29,29,28,29,28,29,29,28,30,29,30,30,30,28,24,20
2.35,0.55,180,13,17,17,18,18,20,19,21,21,22,21,22,22,22,22,22,21,20,20,20,20,21,20,20,20,21,20,18,20,19,20,21,20,19,19,20,19,19,19,22,25,27,28,30,29,29,29,29,28,28,27,26,26,21,19,18,20,17,17,18,18,18,20,20,19,20,20,21,24,22,22,22,22,20,20,19,19,19,20,20,21,22,19,18,18,17,19,19,26,23,24,25,26,29,28,27,28,29,31,30,27,26,30,32,30,29,28,24,22
2.4,0.55,180,15,17,18,19,19,19,20,20,20,20,22,21,22,22,22,21,21,21,21,21,21,20,20,19,20,19,19,19,19,20,20,21,21,19,20,22,21,20,19,19,19,20,19,20,19,19,19,20,20,20,19,20,19,20,19,19,19,18,18,18,20,19,20,20,18,19,18,19,20,19,19,19,19,18,18,18,17,18,18,17,18,18,18,19,19,18,19,19,20,22,23,23,24,24,24,25,25,26,27,28,27,26,25,28,28,29,25,19,15
2.45,0.55,180,16,17,18,18,19,19,20,20,20,20,20,20,20,20,21,19,20,20,20,20,19,20,19,19,19,19,19,19,18,18,18,18,18,18,18,17,19,18,16,17,17,18,18,17,17,17,17,18,18,18,20,16,17,17,17,18,18,17,17,17,17,17,18,17,16,17,17,17,17,17,17,17,17,17,17,17,18,18,18,18,18,19,19,19,19,20,20,19,19,21,21,22,22,24,23,23,23,23,23,23,23,23,23,27,24,24,21,16,12
2.5,0.55,180,13,15,15,16,17,18,17,19,19,19,20,21,20,20,19,19,19,20,20,19,19,19,18,17,18,18,17,17,17,17,17,17,16,17,17,17,16,16,17,16,16,17,16,16,20,22,24,22,22,21,19,17,16,16,16,16,15,15,16,15,15,15,16,16,16,16,17,16,16,15,15,16,17,16,17,16,16,16,16,16,16,17,17,16,16,17,17,17,18,18,18,19,19,19,19,19,21,20,21,22,22,22,23,23,24,24,25,21,18
2.55,0.55,180,14,15,17,18,18,20,20,20,20,21,22,24,22,21,20,20,20,20,20,19,19,18,18,18,18,19,19,20,17,17,18,18,18,18,18,18,18,17,17,17,17,17,16,17,17,17,17,17,17,16,17,16,16,16,16,15,15,15,16,17,18,19,20,20,19,18,17,17,16,17,17,17,17,18,19,19,19,19,18,18,18,18,18,18,18,17,18,19,18,19,19,20,19,20,20,21,21,21,22,22,21,22,23,23,23,23,24,20,16
2.6,0.55,180,14,15,17,17,18,19,19,19,18,19,19,19,20,21,20,21,21,21,20,20,19,19,19,19,19,18,19,18,18,17,18,18,18,17,17,17,17,17,17,17,17,18,18,18,18,18,18,18,17,18,18,17,18,18,18,18,18,19,18,19,18,18,18,18,18,18,18,17,17,18,18,18,18,18,18,17,17,17,17,17,15,16,16,18,16,17,19,19,20,19,19,20,20,20,21,21,20,21,21,21,23,23,23,24,23,24,23,18,16
2.65,0.55,180,15,15,17,19,19,21,20,21,20,21,21,21,21,21,21,25,26,23,28,27,27,26,27,25,26,26,25,24,20,20,19,19,19,19,17,19,17,18,19,19,18,18,18,18,18,22,25,25,23,20,18,18,18,18,18,17,18,18,19,21,24,25,19,18,18,18,18,18,18,17,16,15,15,16,16,16,16,18,19,19,21,19,20,21,20,21,21,23,23,21,22,21,22,21,22,22,23,23,23,24,23,23,24,26,28,31,31,24,20
2.7,0.55,180,14,16,18,18,20,20,21,21,21,21,22,22,22,22,21,22,22,22,22,21,21,21,21,21,20,20,21,20,20,20,20,20,20,19,19,19,19,18,18,19,18,18,18,18,18,18,18,18,17,18,18,17,18,18,19,19,19,19,19,19,19,19,20,20,20,19,20,18,19,18,19,19,18,19,19,19,19,19,19,18,18,18,17,17,18,20,19,20,21,21,21,21,21,22,22,25,22,23,22,22,23,22,22,21,22,23,23,22,22
2.75,0.55,180,15,17,18,19,20,20,20,19,22,21,20,23,22,22,23,22,21,22,22,22,22,21,20,20,20,20,20,20,19,20,20,19,19,20,19,18,18,18,18,18,17,18,17,18,18,19,19,19,19,20,20,19,19,19,18,20,19,18,19,19,19,19,19,19,19,20,19,19,18,19,18,19,21,21,22,22,21,21,21,23,24,25,24,24,24,24,24,24,25,26,26,29,30,28,30,29,28,29,30,31,31,32,32,32,33,34,33,28,24
2.8,0.55,180,12,16,18,19,20,20,21,21,22,23,23,23,24,23,23,23,23,23,23,23,23,23,23,24,23,23,22,23,23,24,22,22,22,22,21,21,20,21,22,22,23,22,23,23,22,22,23,23,22,24,22,22,22,21,21,24,26,25,21,21,19,20,20,20,20,19,20,20,20,20,22,23,24,25,24,25,24,24,26,26,26,26,25,25,28,30,30,31,30,30,30,32,33,35,34,36,38,39,41,45,46,47,48,48,51,48,46,39,34
2.85,0.55,180,12,15,17,19,21,21,21,22,24,23,23,24,24,25,26,26,25,26,26,26,25,25,26,24,24,24,23,23,23,22,22,21,22,21,22,22,22,22,23,23,22,23,25,23,24,23,23,23,22,22,21,20,20,21,20,21,22,24,24,23,22,22,24,23,23,21,20,21,21,21,20,20,20,19,20,19,18,19,20,22,23,23,22,23,23,21,21,20,21,20,21,21,23,22,20,21,22,23,24,26,26,25,26,27,28,29,28,24,20
2.9,0.55,180,15,17,21,23,21,21,21,22,21,21,23,23,23,24,24,23,23,24,24,24,24,24,23,22,24,23,22,22,23,23,22,22,22,21,21,22,22,21,22,23,21,20,22,23,23,23,24,20,20,21,20,20,21,20,22,21,20,19,17,18,19,18,19,20,20,20,20,20,20,19,20,20,19,25,26,29,29,19,19,20,20,21,24,23,22,22,22,21,22,22,22,21,22,22,22,25,27,24,24,24,25,24,26,26,26,26,26,23,21
2.95,0.55,180,12,18,18,20,21,21,21,22,22,23,22,24,25,25,26,25,25,24,24,24,25,25,26,26,28,27,25,27,27,27,29,31,31,27,23,23,21,22,21,20,21,21,22,21,22,23,22,21,21,21,20,20,19,18,18,18,18,18,19,19,19,19,19,19,19,19,18,20,18,18,19,17,18,18,18,19,19,20,20,19,19,20,26,29,29,24,30,30,30,23,21,22,22,25,29,28,29,30,31,31,31,33,33,33,34,35,35,35,33
3,0.55,180,13,15,16,18,19,19,20,20,21,21,21,21,22,22,22,22,23,23,23,22,22,22,22,22,22,22,22,21,21,21,21,21,21,20,21,21,20,20,20,20,20,20,20,20,20,20,20,19,19,19,20,19,20,20,20,19,19,20,19,19,18,19,19,19,19,18,18,18,18,19,20,21,21,21,21,20,20,20,19,19,19,22,22,20,21,21,21,21,21,21,21,21,22,22,23,24,24,24,24,26,27,26,29,29,30,28,29,26,22
3.05,0.55,180,13,15,16,18,18,18,20,20,21,21,21,21,22,22,21,22,21,21,22,21,21,21,22,21,20,20,21,21,21,21,21,21,21,19,20,20,20,20,20,20,19,19,18,18,18,19,18,21,20,20,18,19,19,18,19,19,18,19,19,19,19,19,18,18,19,19,19,19,20,18,18,19,18,19,19,18,19,18,19,19,18,18,18,18,18,19,18,19,20,20,20,22,19,19,20,20,22,23,25,24,26,26,25,26,26,27,26,22,18
3.1,0.55,180,10,13,15,17,17,18,19,19,19,19,19,20,19,20,20,20,20,20,20,20,19,19,20,20,20,19,18,18,18,18,18,19,18,18,18,18,18,19,18,18,18,17,17,17,17,17,17,17,17,17,17,16,16,15,16,17,17,17,18,17,17,18,18,18,19,18,19,18,19,19,17,17,16,16,17,18,18,19,19,19,19,19,20,20,19,19,20,20,20,20,20,18,19,19,20,21,22,25,24,23,23,22,22,23,23,23,23,20,15
3.15,0.55,180,13,15,16,17,18,18,19,20,20,20,20,20,20,20,20,19,20,20,20,20,19,19,19,19,19,18,18,18,18,18,18,17,18,17,17,18,17,17,18,17,17,18,17,17,18,19,18,18,18,18,17,17,17,17,17,18,17,17,19,19,19,18,18,18,18,18,18,18,18,18,19,17,17,19,19,18,18,17,18,20,19,18,18,17,17,17,17,17,16,15,14,16,17,19,20,23,26,28,29,31,32,34,31,28,26,27,25,23,16
3.2,0.55,180,13,16,17,18,16,17,17,18,18,19,19,19,20,18,20,19,20,19,19,20,19,19,20,19,20,19,19,18,19,18,18,18,19,18,18,18,17,18,17,17,18,18,17,18,18,18,18,19,18,18,19,19,19,19,18,18,19,18,18,18,19,20,18,18,20,19,19,19,19,20,18,18,19,20,19,19,19,21,20,20,20,20,20,21,21,21,23,22,23,23,24,23,24,23,23,23,23,23,23,24,25,25,25,25,26,26,26,23,17
3.25,0.55,180,12,15,17,19,19,19,21,20,21,22,22,21,22,22,21,21,22,22,22,22,22,22,21,22,22,22,21,21,21,21,21,21,20,20,20,20,20,20,21,21,21,19,20,20,20,20,20,20,20,19,19,20,19,20,19,18,19,19,19,19,18,18,18,18,18,19,18,19,21,21,20,19,20,20,20,21,22,23,23,23,21,22,21,21,21,20,23,21,22,20,22,22,22,21,21,23,23,26,26,26,26,28,28,29,29,28,29,28,24
3.3,0.55,180,11,15,17,18,19,21,21,22,22,22,22,23,23,24,22,24,23,23,23,24,23,21,22,21,23,23,22,21,22,21,22,22,22,21,21,21,22,22,20,21,21,22,21,28,28,22,21,21,20,20,20,22,22,22,21,21,21,20,20,21,21,21,21,21,21,21,20,18,20,21,21,20,22,22,24,24,22,24,23,24,25,25,25,25,24,21,21,22,21,22,24,25,26,27,27,26,30,32,29,28,32,28,29,29,30,31,32,32,26
3.35,0.55,180,13,17,18,20,20,22,22,22,23,22,23,23,24,26,28,26,27,28,26,26,26,25,26,25,25,24,25,26,26,24,24,25,24,24,24,23,23,23,24,23,23,23,23,23,22,21,22,22,23,23,23,23,22,21,21,22,23,22,23,22,22,24,28,28,28,28,29,32,32,34,34,36,35,37,40,39,39,38,38,43,42,43,47,50,48,40,40,38,36,36,35,36,35,33,31,32,35,35,33,31,32,32,31,32,30,29,32,29,28
3.4,0.55,180,10,15,17,20,20,22,22,23,22,22,21,23,23,24,25,25,26,27,27,26,26,25,25,26,26,28,27,26,27,26,26,26,26,25,25,24,24,23,25,24,26,25,23,22,23,23,24,24,24,24,22,22,23,25,25,26,22,21,23,26,29,29,30,0,0,0,0,0,0,0,0,0,0,0,0,0,0,0,0,0,0,0,0,0,0,0,0,0,0,0,0,0,0,0,0,0,0,0,0,0,0,0,0,0,0,0,0,0,0
0.05,0.6,180,13,14,15,17,16,19,19,19,21,21,20,18,20,20,22,22,25,26,24,23,20,21,22,22,21,18,19,17,21,23,23,21,20,20,20,21,20,19,19,21,22,23,24,23,20,24,22,20,19,20,21,23,24,31,22,22,20,19,19,18,16,17,15,16,17,18,20,21,21,22,20,19,17,19,19,18,17,18,17,20,24,25,23,21,17,17,18,21,23,23,24,22,22,22,21,22,22,23,20,22,21,22,21,23,24,24,24,21,17
0.1,0.6,180,9,12,14,16,17,17,18,20,21,20,21,22,22,22,23,22,21,22,22,22,23,21,21,21,20,21,22,21,21,19,19,19,19,19,19,19,18,19,19,20,19,20,19,19,20,20,20,21,21,21,21,21,22,22,21,21,20,20,20,20,20,20,24,28,27,25,21,20,20,20,19,20,19,19,18,19,20,18,20,20,19,29,21,22,22,20,21,22,25,31,33,31,31,27,24,25,27,29,29,30,30,29,29,32,31,30,30,31,25
0.15,0.6,180,10,15,16,18,20,19,19,21,21,21,21,21,22,22,21,21,22,22,22,22,22,21,22,21,21,21,21,20,19,20,22,25,23,23,25,23,24,29,27,30,29,26,24,23,21,19,19,19,23,22,22,21,20,20,20,19,19,19,19,20,21,22,21,21,21,22,22,22,23,22,21,22,21,21,20,20,20,24,24,22,21,21,21,19,22,23,21,21,21,21,21,21,22,21,22,24,24,22,24,23,23,24,25,25,25,25,26,25,21
0.2,0.6,180,0,11,15,17,18,18,19,20,21,20,22,22,22,22,22,22,22,22,23,22,22,22,23,22,22,22,22,20,20,20,20,20,20,20,20,20,20,19,19,19,19,19,19,19,19,20,19,19,18,19,19,19,19,19,19,19,19,19,19,19,19,19,19,19,19,19,18,19,19,18,19,18,18,19,19,19,20,19,19,19,19,19,20,19,19,18,20,19,19,20,20,20,21,22,22,21,21,22,22,24,22,24,25,24,25,23,24,25,21
0.25,0.6,180,6,15,20,23,22,21,20,21,22,23,22,23,23,23,23,23,23,23,23,23,23,22,22,22,27,23,21,21,22,21,20,20,20,19,19,19,20,20,20,19,20,20,19,19,20,20,19,18,19,19,20,19,19,19,19,20,19,19,18,19,19,19,19,19,19,19,19,20,19,20,20,20,19,19,20,19,20,20,19,18,18,18,18,19,18,19,18,18,19,19,19,19,21,23,21,23,21,21,20,21,23,24,25,23,26,26,25,25,23
0.3,0.6,180,9,13,14,16,18,18,19,19,20,20,21,21,21,21,21,21,21,21,21,21,21,21,21,21,24,27,21,24,19,19,20,20,20,20,20,20,20,20,20,20,20,20,20,20,19,20,20,21,20,20,20,20,20,21,20,20,20,19,20,18,17,20,20,19,18,18,18,19,18,17,18,18,19,19,19,19,19,19,19,19,18,19,18,19,20,20,20,20,20,20,20,20,19,21,20,20,20,21,23,24,24,25,27,27,27,26,27,27,23
0.35,0.6,180,0,11,15,17,18,19,19,19,20,20,20,22,22,22,22,22,22,22,21,22,22,21,21,22,22,27,32,21,21,21,20,21,20,19,19,19,19,19,19,19,19,19,20,21,20,19,19,19,19,20,20,20,20,21,21,19,20,19,20,19,19,20,19,19,19,20,19,19,19,20,20,19,19,20,21,21,18,19,19,18,18,19,19,19,18,18,18,18,19,18,18,18,19,19,19,20,21,20,21,21,22,23,22,21,26,28,34,34,31
0.4,0.6,180,9,13,15,18,18,19,19,19,20,20,21,21,21,21,22,22,23,23,22,23,23,23,22,23,22,21,22,21,21,22,22,22,21,21,21,21,20,21,21,21,21,21,21,21,22,21,21,21,21,20,21,20,20,20,20,20,20,21,20,21,20,19,20,19,20,20,19,20,21,20,21,20,20,20,19,19,19,19,17,17,16,15,15,17,19,19,19,20,19,21,21,21,21,22,22,23,23,23,23,24,25,25,25,24,24,25,24,25,23
0.45,0.6,180,12,16,17,19,18,19,20,20,20,21,21,22,23,24,24,24,24,23,23,24,23,22,22,22,21,21,21,22,22,22,23,23,23,23,24,22,23,23,22,20,20,20,20,19,20,20,20,19,23,22,21,20,20,21,20,21,21,20,19,20,21,21,20,20,22,22,22,20,21,21,21,24,20,19,19,19,21,20,21,21,19,17,19,19,19,20,21,20,19,18,20,20,19,19,20,20,21,22,23,22,23,23,23,22,24,21,23,23,21
0.5,0.6,180,0,11,16,17,19,21,21,21,25,21,22,22,22,22,23,23,24,23,24,24,23,23,24,29,33,27,28,26,25,26,26,24,23,24,24,22,22,22,22,21,20,21,23,23,24,21,23,24,27,26,26,27,26,25,26,26,25,25,26,25,25,21,21,22,23,22,20,19,19,19,20,21,20,22,27,25,25,24,24,24,25,25,26,27,28,28,29,30,25,24,24,25,26,26,28,29,28,28,30,30,29,30,30,30,29,29,31,32,33
1.1,0.6,180,8,14,13,15,16,18,19,19,19,20,20,21,21,21,21,21,20,19,20,20,21,21,20,21,21,21,21,20,21,20,19,21,21,21,27,23,20,19,18,19,21,22,22,21,21,21,20,21,19,18,18,19,20,20,19,20,19,17,17,16,16,16,16,15,15,16,17,17,21,26,27,21,19,18,17,17,19,18,21,23,22,20,20,18,18,20,21,21,23,22,18,25,28,26,22,24,24,25,26,25,22,26,28,28,29,29,28,27,21
1.15,0.6,180,9,16,16,15,17,18,18,19,19,20,19,19,20,20,21,20,21,20,22,22,28,26,27,30,33,33,34,34,33,33,31,31,30,28,26,25,26,25,27,28,29,27,26,26,22,21,21,20,19,19,18,20,22,22,20,20,20,20,20,19,20,20,19,19,20,19,18,20,23,21,19,19,19,19,19,19,20,19,18,20,20,20,19,19,19,23,23,22,25,30,32,23,20,21,22,23,25,26,27,29,30,30,29,27,28,28,29,26,21
1.2,0.6,180,11,13,15,16,16,18,20,20,21,21,21,20,20,20,21,21,22,21,20,20,21,21,21,21,21,20,20,19,21,19,20,19,20,19,22,21,21,20,21,22,21,21,20,20,22,21,21,20,21,21,21,20,21,20,20,19,20,20,20,21,22,23,23,24,24,21,21,20,21,21,21,22,20,19,18,20,22,21,22,24,22,22,23,23,23,23,24,26,26,27,26,25,25,26,28,28,29,30,31,32,35,34,33,34,34,34,39,31,25
1.25,0.6,180,10,13,15,16,17,18,18,19,20,21,21,22,22,22,22,22,22,23,23,23,21,22,23,22,22,23,23,22,24,32,29,21,21,21,23,24,24,25,24,22,22,21,22,22,22,23,23,24,24,25,26,27,25,24,23,27,28,30,28,26,25,24,22,22,21,22,22,22,22,21,21,22,25,21,28,29,25,26,22,23,22,21,20,20,21,20,21,22,23,25,24,25,24,27,27,27,27,25,26,28,28,29,29,32,33,34,33,30,28
1.3,0.6,180,7,12,15,16,17,18,19,19,19,19,20,20,21,22,23,23,22,22,23,24,24,24,24,26,25,25,26,27,24,23,23,23,23,26,29,23,22,22,22,22,22,23,27,26,26,27,24,22,22,22,22,21,21,21,21,20,19,19,19,19,19,21,19,20,22,23,27,27,27,27,28,26,24,28,28,24,25,26,28,29,31,32,32,30,30,31,32,34,35,37,34,33,35,32,35,33,39,37,35,35,33,33,36,37,37,38,38,37,33
1.8,0.6,180,9,13,16,18,18,19,22,19,19,19,19,19,21,20,22,22,21,20,20,24,25,26,26,19,21,21,24,27,20,19,19,19,20,22,22,20,19,19,19,17,16,19,20,22,24,24,25,26,26,27,28,27,27,28,27,24,23,23,24,22,21,20,21,22,22,22,20,17,15,15,19,19,19,19,19,16,16,18,20,20,22,22,20,19,17,20,21,20,22,22,22,24,25,24,25,25,23,25,21,21,23,23,24,25,29,30,34,28,20
1.85,0.6,180,9,13,15,18,17,19,20,19,19,19,19,19,19,24,24,21,22,22,21,21,20,20,21,21,20,21,21,20,19,19,20,19,20,21,20,20,19,19,19,20,19,20,18,18,19,19,19,19,19,20,22,22,19,18,19,19,19,19,19,20,20,21,21,20,21,25,28,29,31,29,22,22,22,26,26,25,24,25,27,26,25,32,32,27,28,27,27,24,22,22,21,22,21,22,22,26,26,27,28,26,23,24,24,24,24,25,26,24,23
1.9,0.6,180,12,14,16,17,18,20,21,22,23,23,23,25,24,24,24,24,25,25,25,23,23,23,23,22,22,22,21,22,22,21,20,20,20,20,19,20,19,19,20,22,22,24,21,21,27,25,26,30,27,29,27,26,25,26,26,25,23,21,20,20,22,24,25,23,25,24,22,23,25,26,24,26,25,22,29,32,34,34,31,29,27,26,26,25,24,27,24,24,26,28,29,28,26,25,25,24,25,24,25,28,29,28,30,29,29,30,30,28,25
2.15,0.6,180,15,17,16,18,19,20,19,19,20,19,20,20,20,19,20,20,20,21,21,19,19,18,19,18,23,25,20,17,17,16,16,15,16,17,18,21,22,24,23,23,24,26,23,19,20,20,21,22,24,25,24,21,19,15,14,14,15,18,16,17,17,19,21,20,20,20,22,20,22,23,21,19,19,21,20,18,17,19,20,22,18,18,18,18,19,20,20,20,20,19,20,21,19,19,20,20,20,22,24,25,25,24,25,27,28,28,29,27,26
2.2,0.6,180,14,16,18,19,19,20,20,21,21,20,20,21,21,20,18,20,20,20,20,21,20,22,21,21,20,21,21,20,19,19,20,20,19,20,21,21,21,22,23,24,23,22,23,25,28,30,31,34,32,30,27,24,24,27,25,26,27,28,26,24,24,25,25,26,26,25,23,24,23,24,25,23,25,23,22,21,25,25,26,28,30,30,33,34,36,45,44,37,33,30,30,28,28,28,28,29,30,30,30,31,31,31,29,28,28,26,24,24,21
2.25,0.6,180,16,18,18,21,22,21,22,25,24,23,23,25,24,23,24,24,23,23,24,23,23,22,22,23,23,23,23,23,23,22,23,23,21,20,19,21,22,22,24,25,27,25,25,25,24,24,24,22,22,22,24,24,24,24,23,23,23,24,24,24,24,25,25,26,24,25,27,26,22,23,24,26,24,25,26,27,26,28,28,30,31,31,33,32,33,32,32,30,30,28,28,28,29,29,26,27,29,30,32,31,34,36,38,37,42,39,38,36,35
2.3,0.6,180,17,17,17,19,20,19,20,21,21,22,24,22,23,23,23,24,23,24,23,23,22,21,22,21,21,21,21,21,22,22,22,22,23,21,21,21,23,28,23,19,19,22,27,26,26,26,26,26,24,23,24,23,22,23,22,25,24,24,26,29,28,28,28,32,35,33,23,24,24,20,20,22,26,28,33,24,24,25,27,28,30,23,22,24,29,32,22,22,23,23,24,27,27,28,28,28,29,29,29,30,31,31,35,31,34,34,32,30,28
2.35,0.6,180,15,17,19,19,21,21,22,22,23,23,23,23,23,24,23,23,22,22,22,21,21,20,20,19,20,19,20,19,20,20,21,21,21,21,20,23,23,23,22,21,21,22,21,20,22,23,23,23,22,22,23,21,23,24,23,23,22,22,22,23,22,23,23,21,23,23,23,23,25,24,25,24,24,23,23,23,24,24,22,21,21,24,29,32,29,28,24,22,20,19,19,21,23,29,26,28,30,28,30,30,31,32,31,33,33,35,31,25,21
2.4,0.6,180,18,17,19,20,19,21,21,22,22,22,21,22,21,21,22,22,22,21,21,21,22,19,18,20,20,19,19,20,21,20,20,21,21,21,22,22,22,22,21,20,21,21,21,22,22,21,22,21,20,20,21,19,19,20,20,21,22,24,24,24,24,27,26,29,25,25,26,26,26,27,27,29,30,31,31,31,30,31,30,27,26,27,26,25,30,32,34,34,34,35,35,37,35,35,34,28,28,29,32,31,32,32,34,34,34,34,33,26,20
2.45,0.6,180,16,17,18,20,19,20,21,21,22,22,21,21,21,22,23,23,23,23,22,22,20,18,19,20,21,22,23,30,31,32,31,30,28,28,26,25,23,21,20,19,19,19,19,20,20,19,20,20,19,19,19,19,19,20,21,20,19,19,19,19,18,18,19,19,20,19,19,20,20,20,20,20,21,20,20,19,19,20,21,21,21,21,21,21,22,22,22,21,21,21,23,20,22,22,21,20,23,24,21,22,23,25,26,26,28,26,23,19,17
2.5,0.6,180,15,17,18,19,21,21,24,24,24,24,24,24,23,24,23,24,23,23,23,24,24,23,23,23,22,22,21,22,22,22,21,21,21,20,20,20,20,19,21,21,21,20,20,19,19,19,20,19,20,20,20,19,19,18,19,18,18,18,18,18,18,18,18,18,18,18,19,18,17,17,17,18,18,19,20,20,20,19,20,19,18,19,19,18,18,19,20,19,20,20,20,21,22,22,23,23,24,24,26,26,25,25,25,27,28,29,27,23,19
2.55,0.6,180,14,16,16,18,19,20,21,21,23,23,24,23,22,23,23,23,24,23,23,22,22,22,21,21,21,21,21,21,21,20,21,21,21,20,21,20,20,19,19,19,19,19,19,19,19,19,19,19,19,19,18,19,19,19,20,19,18,19,19,18,19,19,19,19,19,19,20,18,19,18,18,19,19,19,18,18,18,18,18,17,18,18,18,19,19,19,19,19,20,23,23,20,20,22,21,22,24,23,24,24,25,24,25,26,27,27,25,21,19
2.6,0.6,180,15,16,17,18,19,19,19,19,20,20,21,21,20,21,20,21,20,20,20,20,19,19,18,18,19,18,18,18,18,18,18,18,17,17,17,17,17,17,17,17,17,18,17,17,17,18,18,18,18,18,17,17,17,17,17,18,19,17,17,16,18,17,17,18,18,16,17,17,17,17,17,16,16,17,18,18,18,18,17,18,18,17,18,18,17,18,18,18,18,20,19,21,22,23,24,22,21,22,23,23,24,23,25,24,24,24,21,17,16
2.65,0.6,180,15,18,18,19,19,21,22,22,22,22,21,22,21,22,21,21,21,21,21,21,19,21,20,20,19,19,20,19,19,19,18,19,18,19,17,18,18,17,17,17,17,19,18,17,17,18,19,19,18,18,19,18,19,19,19,18,19,19,18,18,18,18,18,17,17,17,17,17,18,18,16,18,18,19,19,18,20,21,21,20,19,19,19,19,20,20,19,20,19,19,19,19,20,19,20,21,20,21,22,22,22,23,23,24,24,24,24,17,16
2.7,0.6,180,14,16,18,17,18,19,19,21,20,22,21,21,21,21,21,21,22,21,21,21,21,21,20,20,19,19,20,22,21,22,21,20,20,19,18,18,18,18,18,18,18,18,18,17,17,17,17,17,17,17,17,18,18,19,17,18,18,18,18,18,17,17,18,17,17,18,18,18,18,18,19,18,18,18,18,18,18,18,18,18,18,19,19,19,18,20,20,19,21,22,22,23,26,29,27,28,29,30,28,25,25,25,25,25,25,25,24,18,15
2.75,0.6,180,17,18,20,20,21,21,21,21,22,22,22,22,23,22,23,23,22,22,22,22,22,21,21,22,20,21,20,20,20,20,20,20,20,20,19,19,18,19,19,19,19,20,18,18,18,17,18,17,19,18,18,19,18,18,17,18,17,18,18,19,19,19,19,19,18,18,17,16,16,15,15,15,15,16,18,17,17,16,18,18,19,21,21,19,19,20,19,20,21,22,22,23,24,26,29,28,26,27,28,26,29,28,27,27,28,28,23,23,24
2.8,0.6,180,16,16,19,18,19,20,20,21,22,23,23,22,22,22,23,22,23,22,23,23,23,24,23,22,21,22,21,21,21,21,22,21,22,21,21,20,20,19,20,20,22,23,24,24,22,23,21,20,20,19,19,20,21,21,21,22,20,20,20,20,20,22,22,21,20,19,19,17,17,18,19,20,19,18,19,17,19,18,17,17,16,16,17,16,17,18,18,19,19,20,20,20,22,23,22,23,23,27,25,24,25,24,24,23,25,25,25,22,19
2.85,0.6,180,17,18,19,19,19,21,21,22,22,24,23,24,24,24,24,25,25,25,24,25,24,23,24,24,24,23,24,22,22,22,22,22,28,24,25,25,25,25,24,23,23,22,21,21,21,24,22,22,21,20,21,20,20,20,21,21,21,21,21,22,22,22,22,23,20,21,20,20,20,20,19,20,20,21,22,22,22,22,22,22,22,21,22,22,25,25,29,23,23,23,22,22,21,21,21,22,23,25,25,25,24,24,24,25,25,25,26,23,19
2.9,0.6,180,15,18,20,21,23,22,21,22,22,22,23,24,23,23,23,25,26,25,26,26,27,26,24,24,23,21,22,23,25,24,23,23,23,25,25,24,25,24,22,22,22,22,26,25,25,24,24,22,22,20,20,21,21,22,21,22,22,23,23,22,22,22,22,22,20,20,21,20,21,21,21,22,22,20,19,20,18,18,18,19,19,18,19,19,19,19,20,22,22,23,22,23,22,22,23,22,23,23,24,25,25,25,26,26,25,25,26,23,20
2.95,0.6,180,13,16,16,18,19,21,22,23,22,23,24,24,23,23,24,23,23,23,24,24,24,23,23,23,23,22,21,22,21,21,22,22,22,22,22,21,23,23,22,23,23,24,23,23,23,25,25,25,25,24,23,22,22,21,21,20,20,20,20,19,20,20,20,20,20,21,21,22,22,19,20,22,20,21,20,18,18,18,19,19,19,20,22,23,22,22,22,22,22,22,23,24,25,25,26,27,28,28,29,31,34,33,33,30,27,28,28,25,21
3,0.6,180,15,17,19,21,21,23,19,21,21,22,26,28,26,25,24,24,25,23,25,25,25,25,25,25,25,25,25,24,22,22,21,22,22,23,24,24,25,24,23,24,22,22,22,22,21,21,21,20,20,20,19,20,21,20,20,20,20,22,22,21,21,22,23,21,18,18,17,18,19,19,19,19,18,20,20,20,20,19,19,20,20,20,20,20,19,19,19,19,20,19,20,21,21,22,20,21,22,21,23,24,24,24,25,25,24,25,25,19,16
3.05,0.6,180,15,16,18,18,19,19,19,19,21,20,20,21,20,21,21,21,21,21,21,21,21,21,21,20,21,21,21,20,20,20,19,19,19,20,19,19,19,19,19,19,18,19,18,19,19,19,19,18,19,18,18,18,18,18,18,18,17,17,18,18,18,18,18,18,18,18,18,18,18,18,17,18,18,19,18,17,18,18,18,18,18,17,17,16,17,17,17,17,18,18,18,18,19,20,21,20,21,21,23,23,22,24,24,25,25,24,24,18,15
3.1,0.6,180,12,13,16,17,17,18,19,19,19,19,19,20,21,20,21,21,21,21,21,20,21,20,20,20,19,19,19,19,19,19,18,18,18,19,18,18,19,17,17,17,17,17,17,17,19,25,23,17,18,17,17,17,18,18,17,17,16,18,18,16,17,16,16,17,18,18,18,17,17,17,17,18,18,18,17,17,16,16,16,16,16,17,15,16,18,18,19,19,18,18,17,16,17,16,18,18,18,19,19,20,20,22,20,22,23,23,23,22,17
3.15,0.6,180,12,15,15,16,17,18,18,18,19,20,20,19,20,19,19,19,19,19,19,19,19,19,19,18,18,19,18,18,18,19,17,17,17,17,17,18,17,17,18,18,18,17,17,16,16,17,17,17,17,18,17,18,17,17,17,17,17,17,17,17,17,17,17,18,18,17,18,18,17,17,17,17,17,18,17,17,16,17,17,17,17,17,16,17,16,16,17,17,18,18,17,18,18,18,19,19,21,21,23,22,23,23,23,23,23,23,24,21,18
3.2,0.6,180,15,17,18,19,19,19,20,20,20,21,21,21,22,21,21,21,21,21,20,21,20,20,19,20,19,19,20,18,19,19,18,18,19,19,19,18,18,18,18,18,18,18,17,18,18,18,18,18,18,18,18,18,18,17,18,18,18,18,18,17,17,17,18,19,19,19,18,17,19,19,19,19,18,18,19,18,18,18,18,18,19,20,18,19,18,18,18,19,19,21,21,21,20,20,20,22,22,23,22,23,24,24,24,24,25,29,26,20,16
3.25,0.6,180,13,15,17,17,18,19,20,20,20,22,22,23,23,22,23,23,23,24,23,23,23,22,22,22,22,22,21,22,22,24,28,30,29,28,24,20,20,20,20,20,20,20,19,20,19,20,20,19,20,20,20,20,21,19,20,19,19,19,17,20,21,20,21,20,19,20,19,19,20,20,20,20,22,25,27,28,31,27,25,24,22,20,20,20,20,21,21,22,22,21,22,22,21,22,22,22,21,22,23,23,23,24,25,25,27,27,27,28,23
3.3,0.6,180,15,15,17,19,21,21,21,21,22,22,22,21,21,21,21,22,23,23,23,22,23,24,23,23,23,23,23,23,23,23,23,22,22,22,22,22,21,22,22,21,21,21,21,21,20,20,20,19,20,20,19,20,20,19,20,20,20,23,25,27,26,26,26,26,23,21,20,21,22,22,22,23,23,24,23,23,22,21,20,21,21,21,23,22,22,22,23,23,23,23,24,25,25,25,26,26,27,29,30,32,35,35,36,38,36,37,39,38,38
3.35,0.6,180,13,16,17,20,22,22,23,24,25,26,25,25,26,24,25,25,26,24,25,24,26,25,25,25,25,26,25,25,25,24,25,25,24,24,25,24,23,23,23,24,23,22,21,22,22,23,21,21,22,23,21,21,23,21,21,22,21,21,22,21,21,22,22,22,22,22,21,21,21,22,22,24,24,24,24,24,23,24,23,25,25,26,26,28,30,32,34,31,30,30,31,30,32,33,34,35,35,36,38,39,40,41,42,43,45,45,45,45,44
3.4,0.6,180,11,16,19,21,22,24,24,25,24,25,26,26,26,26,26,28,27,28,29,29,29,31,30,30,30,27,27,35,27,27,29,29,29,28,28,28,27,26,24,25,25,26,25,24,24,23,24,24,24,25,25,25,25,26,26,26,27,29,29,31,29,29,28,0,0,0,0,0,0,0,0,0,0,0,0,0,0,0,0,0,0,0,0,0,0,0,0,0,0,0,0,0,0,0,0,0,0,0,0,0,0,0,0,0,0,0,0,0,0
0.05,0.65,180,9,12,13,15,17,18,18,19,21,21,20,19,22,20,21,19,20,19,21,21,20,19,18,15,16,18,20,21,21,24,24,23,23,24,23,22,24,22,21,19,22,27,27,28,28,30,32,31,31,31,28,28,27,21,21,21,21,21,19,18,16,19,20,20,20,19,19,19,18,17,17,17,16,15,15,17,19,21,19,21,22,20,18,17,20,19,18,19,20,21,21,17,17,16,17,18,20,19,20,24,26,26,26,25,24,24,24,24,22
0.1,0.65,180,0,10,14,14,16,16,18,18,20,20,22,24,26,26,25,24,24,23,23,22,22,22,21,21,23,23,23,23,26,27,27,26,26,25,25,25,25,24,25,26,28,27,21,20,24,23,21,22,19,19,19,19,22,31,31,29,27,25,26,26,27,26,27,25,24,20,20,24,27,26,26,21,22,21,22,22,22,21,21,21,20,22,24,26,29,25,25,22,22,23,23,23,23,24,24,24,25,25,25,25,27,26,26,24,23,24,25,28,24
0.15,0.65,180,4,14,14,19,19,19,19,19,21,22,22,22,23,22,23,22,23,23,23,21,21,22,22,22,21,22,20,20,20,20,19,19,19,19,19,20,19,18,18,19,19,19,19,19,19,19,19,19,20,19,19,18,19,19,20,20,21,19,19,19,20,20,20,19,21,24,23,24,22,19,22,31,19,21,20,20,20,23,23,22,23,20,18,18,18,19,19,19,19,19,19,20,20,21,23,23,24,24,26,25,26,26,26,26,26,25,26,27,27
0.2,0.65,180,0,6,13,15,16,18,18,20,20,20,20,21,21,21,22,22,21,21,21,21,21,22,22,22,22,22,22,21,21,20,21,20,20,20,20,20,19,19,19,19,19,19,18,19,19,19,20,19,19,20,21,19,20,19,18,19,19,19,19,18,20,19,19,19,19,20,19,18,18,16,15,15,19,21,18,19,19,18,19,23,25,24,23,25,24,26,27,24,24,24,22,25,28,29,30,30,29,29,29,29,28,29,31,30,30,29,28,28,27
0.25,0.65,180,8,10,15,17,17,19,20,20,21,21,21,21,21,22,22,23,23,22,22,22,22,22,22,22,22,21,22,21,21,20,20,20,20,20,20,22,23,23,24,24,24,25,26,26,26,26,26,26,26,25,25,24,24,24,24,24,24,22,19,19,19,19,19,19,20,19,19,19,19,18,19,19,18,18,18,18,18,19,19,19,21,21,22,22,22,22,22,21,21,20,21,22,21,21,21,21,21,22,22,22,23,23,23,24,24,23,24,26,24
0.3,0.65,180,1,12,15,16,17,18,21,20,20,21,21,22,22,21,21,22,22,22,22,22,22,22,23,21,21,21,21,20,21,20,19,20,19,19,19,19,19,19,19,19,18,19,20,20,20,19,18,18,19,18,19,18,18,18,18,18,18,18,18,18,18,17,17,17,17,18,19,18,18,18,18,18,17,17,17,19,17,17,17,17,18,18,18,17,18,18,17,18,17,19,19,19,21,21,19,20,20,21,21,22,22,23,23,23,23,23,24,25,23
0.35,0.65,180,0,6,14,21,17,16,17,19,20,21,20,21,22,22,22,22,22,22,21,21,21,21,21,21,21,21,21,21,21,20,20,20,20,20,20,20,20,19,19,19,19,19,19,19,19,19,19,19,20,19,19,19,18,18,19,19,21,20,19,19,19,18,18,18,18,18,18,18,18,19,18,18,18,18,18,17,17,17,17,17,18,18,18,17,17,17,18,17,17,17,17,17,18,19,20,19,20,21,21,20,21,21,22,23,24,23,25,24,23
0.4,0.65,180,0,9,14,16,17,18,19,19,20,20,22,22,22,22,23,23,24,23,23,23,23,24,23,23,23,23,23,22,22,21,21,21,22,21,21,21,21,21,21,21,21,21,20,20,20,20,20,20,20,21,22,21,21,20,21,19,19,20,21,22,20,20,21,22,21,21,21,20,20,20,20,20,20,19,19,19,18,20,22,17,19,19,19,20,19,20,20,21,21,23,24,24,25,26,26,24,24,26,24,23,25,25,24,25,26,26,26,26,27
0.45,0.65,180,0,10,14,17,19,20,20,21,21,21,22,22,23,24,24,24,24,23,23,24,26,26,26,25,25,25,25,25,25,23,22,22,23,23,22,22,22,23,22,22,22,23,23,23,23,23,23,23,22,21,21,22,23,21,22,21,21,21,21,21,20,20,20,19,20,19,20,20,20,19,19,19,18,21,19,19,20,21,20,20,22,22,24,24,26,24,24,24,23,23,23,23,22,23,24,23,24,25,27,25,24,24,25,25,25,26,26,25,25
0.5,0.65,180,0,9,15,17,19,21,20,22,23,22,22,22,21,21,22,24,25,25,26,25,25,25,25,24,23,22,23,25,24,24,25,24,24,24,24,22,25,25,25,23,24,24,23,24,23,22,23,24,23,22,21,21,21,23,22,21,22,22,22,21,22,23,23,28,28,27,26,21,24,23,23,23,20,21,20,22,24,25,25,24,24,25,27,26,26,23,24,25,25,25,25,26,27,28,25,25,24,24,24,27,27,30,29,32,31,30,31,30,32
1.1,0.65,180,0,10,13,15,16,17,19,19,18,20,20,18,20,21,22,21,20,20,21,22,22,22,22,22,22,21,20,20,19,20,20,21,21,21,21,21,19,17,17,16,16,23,23,28,23,22,20,19,17,18,18,14,15,14,15,14,15,15,16,17,16,15,14,14,15,14,14,12,14,15,15,15,17,19,19,21,23,23,24,26,26,27,27,23,23,22,24,21,19,20,21,22,23,24,25,25,24,24,24,23,26,25,24,24,24,26,27,30,30
1.15,0.65,180,6,12,14,15,17,19,19,19,19,19,20,21,20,19,19,21,20,20,21,22,21,22,21,21,23,23,23,24,25,25,28,29,25,25,25,24,22,21,21,19,19,19,17,17,17,18,16,17,17,21,22,19,18,16,17,16,15,16,16,18,21,22,24,24,25,23,19,17,18,18,18,19,22,22,19,18,18,18,18,18,18,17,17,19,20,18,16,16,22,24,25,25,26,26,24,22,22,21,21,21,21,20,20,21,22,20,24,24,20
1.2,0.65,180,7,15,19,16,17,18,19,20,20,21,22,22,22,23,24,23,22,24,24,25,22,23,24,24,23,22,22,21,21,21,21,21,23,26,26,25,25,25,25,22,19,19,19,19,18,17,19,20,20,22,26,28,29,22,19,20,22,20,21,19,24,27,26,26,23,22,21,19,18,20,20,21,19,21,21,19,21,20,19,19,19,18,17,18,18,19,20,20,20,21,19,19,19,19,20,21,20,21,20,21,22,22,23,25,24,25,24,24,20
1.25,0.65,180,0,10,17,19,19,21,20,22,22,23,22,23,24,25,24,23,24,21,22,22,21,21,22,22,22,20,21,21,21,21,22,22,22,22,22,22,23,22,21,21,21,21,21,21,22,22,21,22,22,22,21,21,22,22,21,23,23,21,20,21,20,21,20,20,20,20,20,20,20,21,22,21,22,22,22,24,25,25,25,25,25,26,26,30,27,27,26,27,26,28,27,27,28,28,27,28,28,29,30,30,31,31,31,32,33,29,31,29,29
1.3,0.65,180,0,12,15,17,18,19,20,22,22,22,22,22,25,24,24,25,26,27,29,29,29,32,36,32,27,26,27,25,25,25,24,24,23,23,23,24,25,23,22,22,24,24,23,24,25,24,23,22,22,23,24,22,22,23,22,22,22,22,21,22,22,26,24,24,19,20,21,21,22,23,20,22,24,23,24,25,26,27,27,28,30,31,32,31,29,28,27,27,28,30,32,33,35,37,38,36,35,30,28,30,31,28,28,29,30,30,32,32,33
1.8,0.65,180,4,12,15,18,16,18,17,18,19,21,23,26,26,26,27,26,27,32,27,22,20,21,23,24,25,26,25,24,24,22,24,26,27,26,25,25,24,24,24,20,21,22,21,16,17,19,18,15,14,17,19,19,16,16,17,19,21,24,24,25,22,20,20,18,19,15,16,16,14,16,15,18,21,21,15,17,18,18,18,16,18,19,21,23,19,18,17,18,19,20,23,24,26,21,22,23,22,24,24,23,23,23,22,22,21,21,21,22,20
1.85,0.65,180,6,12,16,15,16,17,17,19,19,20,22,22,22,21,22,21,22,22,21,22,21,20,21,20,18,19,20,19,19,19,19,19,20,19,17,18,19,20,21,22,20,19,20,21,20,20,19,19,21,18,18,19,21,23,23,23,23,24,24,22,21,20,21,19,19,19,18,20,19,22,22,23,23,25,24,22,20,21,21,20,20,19,20,23,23,27,31,27,20,21,21,22,22,22,22,22,24,24,25,24,23,24,25,24,24,26,26,26,24
1.9,0.65,180,11,14,16,19,19,18,20,20,20,22,21,21,23,24,26,26,26,24,25,26,24,24,23,24,23,23,22,23,22,22,22,23,26,26,27,27,31,24,23,23,22,23,22,22,22,23,22,23,22,21,21,20,21,20,20,24,24,25,26,27,28,27,28,28,27,25,25,24,23,23,22,23,22,22,22,25,24,22,21,21,21,23,22,21,23,23,23,25,23,22,22,23,24,24,25,23,24,23,25,25,24,24,25,27,27,27,27,26,22
2.15,0.65,180,14,16,18,18,21,24,24,26,25,25,24,24,24,24,24,23,23,23,26,25,25,26,23,24,23,27,27,27,28,28,30,31,29,27,18,17,26,16,21,19,17,16,17,16,19,19,21,24,23,22,21,20,23,21,23,22,20,22,25,23,18,16,17,18,16,13,16,19,23,23,25,27,24,24,25,24,24,23,23,23,21,20,18,18,20,19,19,20,20,19,20,20,19,21,21,21,22,22,23,25,25,27,25,26,27,28,24,23,20
2.2,0.65,180,13,17,17,17,19,20,21,21,20,22,21,23,22,21,22,22,23,22,21,21,22,20,21,19,19,19,19,19,19,19,18,18,21,22,19,19,18,18,18,19,19,19,20,22,24,25,27,27,26,24,23,22,20,18,17,17,17,20,19,21,19,20,19,19,21,20,23,21,20,18,18,20,22,23,24,25,26,27,22,21,22,22,23,23,22,24,25,22,23,22,22,22,23,24,24,26,25,25,24,25,25,25,25,25,27,28,29,27,27
2.25,0.65,180,13,15,16,16,17,19,20,20,18,19,20,20,20,21,22,21,21,22,22,21,22,21,22,21,24,23,24,25,26,27,27,26,27,24,23,23,22,20,21,22,21,22,21,20,21,22,21,20,20,20,22,21,22,22,21,20,20,19,18,20,20,22,21,24,21,20,20,20,19,20,24,25,24,26,26,26,29,30,30,29,30,31,30,32,29,25,22,22,22,23,25,24,23,23,24,24,24,26,24,25,25,25,26,28,28,28,27,26,22
2.3,0.65,180,14,17,18,18,18,20,21,20,20,20,21,21,22,21,21,20,21,23,22,22,22,22,22,21,21,21,21,21,22,21,21,21,21,20,20,22,22,20,21,20,21,21,22,22,21,22,23,23,23,24,25,26,28,31,29,26,26,25,25,23,23,20,28,28,29,30,28,28,28,28,29,27,31,35,32,34,38,38,38,37,37,34,31,28,25,24,24,24,23,24,23,23,26,27,29,29,28,29,30,30,31,31,30,31,32,32,30,28,25
2.35,0.65,180,14,17,17,17,20,21,23,22,22,22,23,24,24,25,26,24,25,25,25,26,24,25,24,24,23,24,23,23,24,23,24,23,22,22,22,23,23,22,22,24,27,26,27,28,28,28,27,25,27,31,34,28,29,30,32,31,29,31,31,34,34,34,35,34,33,34,34,34,34,34,35,35,36,34,33,33,32,30,27,29,29,28,24,26,22,28,29,32,32,33,32,33,33,33,34,33,34,33,33,33,33,33,33,34,34,36,34,33,30
2.4,0.65,180,16,17,17,19,21,20,19,20,22,21,23,23,23,24,23,23,23,23,22,23,23,24,24,23,23,23,23,23,22,22,22,22,22,21,22,21,22,21,22,22,21,22,22,22,22,23,22,24,26,28,29,29,32,36,38,39,39,38,39,38,40,39,40,29,27,24,22,22,21,25,32,31,22,22,26,24,25,25,28,27,28,32,35,36,34,35,35,35,36,37,34,31,30,31,29,28,30,31,32,33,34,32,34,36,36,38,35,30,22
2.45,0.65,180,13,15,18,22,25,26,25,25,24,25,25,24,25,24,25,24,24,25,26,25,25,25,24,24,24,23,25,25,23,23,25,25,26,26,26,23,21,21,22,22,22,29,22,21,21,21,20,21,21,21,20,20,20,21,24,25,26,28,28,29,29,25,25,24,23,23,23,22,19,20,24,24,23,23,24,24,24,25,23,22,21,21,22,21,21,27,27,27,26,26,26,28,31,28,29,28,28,26,27,30,28,29,28,28,29,30,27,21,20
2.5,0.65,180,15,17,19,20,21,20,25,21,22,21,22,23,22,23,23,23,23,22,23,22,23,22,22,22,22,22,21,20,20,21,21,20,20,21,22,21,21,21,20,19,20,20,20,20,19,20,20,19,22,26,28,19,19,19,19,19,18,18,18,17,18,19,23,27,28,27,28,35,35,36,35,35,32,28,27,26,26,21,22,23,22,19,19,19,20,22,24,27,27,28,28,30,31,33,29,25,24,25,26,27,31,32,31,30,33,31,32,26,23
2.55,0.65,180,14,16,18,19,19,19,20,20,20,21,20,21,21,21,21,21,21,21,21,21,21,21,22,23,25,24,24,21,20,19,20,19,20,20,20,20,20,19,19,19,19,20,22,21,22,19,19,19,18,18,18,18,18,18,18,21,19,24,19,18,18,17,18,17,18,17,17,17,17,18,18,18,19,19,19,18,19,19,19,20,21,20,20,19,19,19,19,20,21,21,22,23,22,23,24,24,25,25,27,26,29,29,26,28,30,32,30,24,20
2.6,0.65,180,14,16,18,18,18,19,20,19,21,21,21,20,21,21,20,20,21,20,20,20,20,20,19,19,19,19,19,19,18,18,19,19,19,19,19,18,18,18,18,17,17,18,18,17,18,17,18,18,18,18,18,18,18,17,17,17,16,17,18,18,17,18,18,18,18,18,18,18,17,18,17,17,17,17,17,17,17,18,18,18,18,18,19,19,19,19,19,19,20,20,19,20,22,22,20,19,23,25,25,25,24,23,24,24,24,26,26,22,17
2.65,0.65,180,10,14,15,17,17,18,18,19,19,20,20,21,21,21,21,21,20,21,21,21,21,20,20,19,19,19,18,18,18,18,18,18,18,18,18,18,17,18,17,17,17,17,18,16,17,17,16,17,17,17,17,16,17,17,17,17,17,16,16,16,17,16,16,16,16,17,18,16,17,17,17,17,17,18,17,17,16,15,15,16,17,17,17,18,17,18,18,17,18,18,18,18,18,18,17,19,19,19,20,20,21,23,23,23,23,23,23,20,17
2.7,0.65,180,12,14,16,17,17,18,19,20,20,20,20,21,21,20,21,20,21,20,20,20,19,19,20,19,19,19,19,19,18,19,19,19,18,18,17,17,17,17,18,18,18,18,18,18,17,15,16,16,17,18,16,17,16,15,16,16,18,18,17,17,18,17,17,17,17,18,18,17,17,17,19,18,17,17,16,16,16,17,17,16,16,16,17,17,18,18,19,19,19,19,20,21,21,20,21,22,22,22,23,23,24,24,23,24,25,26,24,22,19
2.75,0.65,180,14,15,17,17,18,19,20,20,20,20,21,21,21,21,22,21,22,21,21,21,20,21,21,20,21,21,20,20,20,20,26,29,27,25,27,19,19,18,18,18,17,18,18,18,18,18,19,18,17,18,18,17,18,19,18,19,19,18,18,18,18,18,18,18,18,18,18,18,18,18,17,17,17,17,17,17,16,18,17,17,17,17,17,17,18,19,19,25,28,24,20,20,19,20,19,23,22,22,21,21,22,21,22,22,23,23,24,21,16
2.8,0.65,180,12,15,16,18,19,19,20,19,21,22,21,22,23,24,22,22,23,22,23,22,23,22,22,21,21,20,20,20,20,20,20,20,19,19,19,19,19,20,20,20,20,19,19,19,19,20,20,19,20,20,20,20,21,20,19,20,20,20,19,19,19,19,19,19,18,18,19,19,19,19,20,19,20,20,20,20,20,21,21,21,20,20,20,20,20,18,17,18,20,22,23,23,22,23,23,23,25,25,25,26,26,28,23,24,27,27,28,27,21
2.85,0.65,180,14,18,19,19,19,20,21,23,23,23,23,24,23,24,23,24,24,25,25,25,24,23,23,23,23,22,22,21,22,22,20,21,21,20,21,21,21,21,20,21,21,20,20,20,20,25,27,27,29,31,29,29,29,30,35,20,18,20,18,18,20,18,19,19,18,18,17,18,21,20,20,21,21,23,23,24,25,30,34,38,37,34,31,31,31,30,31,32,32,28,25,26,26,25,24,24,25,26,25,25,25,25,26,26,27,27,28,26,21
2.9,0.65,180,15,17,18,19,19,21,22,22,22,24,25,25,25,25,25,26,25,26,25,26,25,23,24,24,24,23,24,23,24,23,24,24,24,24,26,24,23,23,22,23,24,26,27,27,29,27,25,29,25,31,31,31,32,30,29,29,29,29,27,27,25,25,25,25,23,22,21,21,20,21,21,20,22,20,20,21,21,21,23,21,22,21,22,22,23,24,24,23,23,24,25,25,27,27,28,27,30,33,31,31,28,30,29,27,27,29,29,26,23
2.95,0.65,180,11,17,18,21,19,20,22,22,22,25,25,25,26,28,26,26,27,30,32,32,31,32,32,32,32,32,31,29,29,29,26,30,32,30,28,24,23,23,23,27,27,28,28,27,28,27,25,26,25,23,24,26,29,22,21,21,22,23,21,23,23,22,22,21,23,21,19,21,20,20,21,21,22,22,20,20,20,20,21,22,23,23,24,22,22,23,23,23,22,23,24,25,28,27,29,30,31,30,30,28,29,30,29,29,28,29,28,28,22
3,0.65,180,13,16,18,21,22,21,23,23,25,25,26,26,27,27,26,27,27,28,27,27,28,27,27,27,28,28,28,27,27,27,27,27,27,26,27,24,24,25,25,25,26,26,26,26,25,27,26,27,25,27,27,22,22,22,21,21,22,23,22,21,21,21,22,21,21,21,21,20,20,21,21,22,22,22,23,24,24,26,24,24,24,23,22,23,24,23,25,25,25,25,25,25,24,22,25,26,24,23,24,25,25,26,27,29,30,31,30,28,22
3.05,0.65,180,12,14,15,16,18,19,19,20,20,21,21,20,22,21,21,21,21,21,21,21,21,22,21,21,21,21,21,22,22,21,22,21,22,21,21,20,20,20,20,19,20,20,19,19,19,19,19,20,18,20,19,18,19,18,18,18,19,19,18,18,17,18,18,20,18,18,18,17,17,17,17,17,17,17,17,18,19,19,19,18,17,18,17,18,18,19,19,19,18,19,18,18,18,18,20,20,20,20,21,21,22,23,23,23,24,25,26,22,17
3.1,0.65,180,7,12,14,16,17,18,19,20,20,21,22,21,21,21,20,20,20,20,20,20,20,20,20,20,20,20,19,19,18,18,18,18,18,19,18,18,18,17,18,18,18,17,18,18,18,19,19,18,18,17,17,17,16,17,16,17,16,16,16,17,17,17,17,16,16,17,16,17,18,16,16,16,16,16,16,16,15,16,17,16,17,17,18,18,18,18,18,17,19,19,18,18,18,18,18,18,19,19,19,20,20,21,22,22,22,22,21,21,17
3.15,0.65,180,13,16,17,17,18,20,19,19,19,20,20,20,21,21,21,21,21,20,20,20,19,20,19,19,19,18,18,18,19,18,18,18,18,18,18,18,18,18,17,17,17,23,23,23,22,19,17,17,17,17,17,16,16,16,16,16,17,18,17,17,16,17,18,17,17,17,17,16,17,17,18,18,18,17,22,24,24,26,26,24,21,17,16,17,17,17,17,17,17,17,17,17,17,17,17,17,18,18,18,18,19,19,19,20,21,22,22,21,17
3.2,0.65,180,13,15,17,17,18,18,18,18,18,19,19,20,20,20,20,20,19,19,19,19,19,19,19,18,18,18,18,18,18,18,18,18,17,17,18,18,18,17,17,17,17,17,17,17,17,16,17,17,24,20,17,17,17,17,17,17,17,17,17,18,17,17,17,18,17,18,17,17,17,18,17,18,17,18,17,18,18,18,19,18,17,17,16,17,17,18,18,19,18,19,18,18,18,19,20,19,20,21,20,21,22,22,23,23,23,24,25,23,18
3.25,0.65,180,10,14,16,16,19,19,21,21,22,22,22,22,22,22,22,23,21,21,21,22,22,22,22,22,21,20,21,21,20,20,20,20,20,20,20,20,20,21,22,23,24,25,25,27,24,22,22,22,23,20,23,20,20,20,20,19,19,19,18,17,17,18,20,19,19,20,21,20,19,18,19,18,18,18,18,19,18,19,19,20,20,20,20,19,19,19,20,20,20,20,19,19,20,20,21,21,21,22,22,22,23,24,23,23,24,24,24,22,19
3.3,0.65,180,11,15,17,19,19,20,21,21,21,21,21,21,22,23,23,22,24,24,23,24,24,24,24,24,23,22,23,23,22,22,22,22,22,22,21,22,22,21,20,21,21,21,21,21,21,21,21,21,21,21,19,18,19,19,19,20,19,20,20,19,20,20,21,20,21,21,21,18,18,20,19,21,21,22,21,21,23,22,24,24,25,26,28,29,23,23,24,24,25,25,26,26,23,23,22,22,22,21,22,22,23,23,23,24,24,25,27,27,23
3.35,0.65,180,13,17,17,18,19,21,21,22,21,22,21,22,23,22,25,24,22,22,22,22,22,22,22,22,21,22,21,22,23,23,24,23,23,23,30,31,31,25,23,24,23,23,22,24,22,23,22,22,23,20,21,21,22,22,21,21,22,23,23,21,22,21,20,21,19,19,20,21,22,21,22,22,24,24,23,24,25,26,26,28,29,30,30,30,30,30,30,31,32,27,28,26,24,26,26,25,25,31,33,34,32,28,29,30,28,29,30,28,26
3.4,0.65,180,12,16,18,20,21,22,24,36,35,31,30,29,29,29,28,28,27,28,29,29,29,30,29,28,30,29,30,28,28,27,27,27,28,28,28,27,26,25,26,27,26,26,25,25,25,25,26,25,27,28,27,28,27,23,22,23,24,24,25,26,23,22,24,18,0,0,0,0,0,0,0,0,0,0,0,0,0,0,0,0,0,0,0,0,0,0,0,0,0,0,0,0,0,0,0,0,0,0,0,0,0,0,0,0,0,0,0,0,0
0.05,0.7,180,11,13,16,17,18,20,21,21,22,21,20,21,20,20,20,20,20,19,18,21,18,20,21,22,23,23,24,21,20,22,22,20,20,21,21,20,20,19,19,18,20,20,21,18,18,19,20,19,20,20,19,18,20,18,21,21,19,19,16,16,15,15,17,21,23,23,21,17,20,23,20,17,17,19,18,19,19,20,20,17,17,18,19,18,18,17,20,19,17,18,20,21,22,22,23,24,24,23,24,24,24,24,22,23,27,27,28,20,18
0.1,0.7,180,8,15,20,22,21,21,19,19,22,22,21,22,21,22,22,21,21,21,22,21,21,21,22,25,21,21,24,23,19,19,19,19,20,20,21,22,23,24,24,24,24,26,25,25,25,26,25,23,24,25,28,25,22,21,23,27,29,23,21,21,22,26,24,22,22,22,22,26,22,19,20,20,23,19,19,20,20,19,20,20,21,24,25,23,23,22,22,21,23,24,23,27,24,23,23,22,23,24,23,24,25,27,26,25,26,24,25,23,19
0.15,0.7,180,7,11,14,14,17,19,20,20,21,21,21,21,21,22,22,22,23,23,22,23,23,21,21,22,22,22,22,21,21,21,21,21,20,20,20,20,21,20,20,20,21,20,26,27,21,21,21,21,20,21,21,22,21,20,20,20,21,21,21,20,19,20,19,19,24,26,24,26,26,27,21,23,23,22,25,27,28,28,28,28,27,28,28,28,27,26,27,26,27,29,29,28,25,26,25,30,28,25,27,32,32,32,32,33,36,39,43,39,32
0.2,0.7,180,0,11,17,16,19,20,20,20,21,22,21,21,22,22,23,22,21,23,29,23,22,22,22,22,22,21,21,22,22,24,24,25,25,25,26,26,25,25,25,25,24,23,20,21,20,20,20,20,20,20,21,21,21,20,20,20,20,19,19,19,19,18,21,19,19,20,20,19,24,25,25,23,23,23,22,23,23,23,20,22,23,27,25,23,21,22,22,22,25,23,27,28,29,30,30,32,32,33,33,35,35,37,35,34,34,30,31,25,24
0.25,0.7,180,8,12,14,15,17,18,20,21,22,24,24,23,22,22,22,22,22,22,22,22,22,21,22,21,21,21,21,20,21,20,20,20,20,20,20,21,20,20,20,20,19,19,20,19,20,19,19,20,19,19,19,20,19,19,19,19,19,19,19,19,20,19,20,20,20,21,21,19,19,20,20,20,20,20,21,20,19,25,25,26,27,27,25,20,19,19,21,23,23,23,24,25,26,27,27,28,29,30,29,30,31,31,33,33,34,36,36,36,35
0.3,0.7,180,8,14,16,16,17,18,20,19,20,21,21,21,22,22,21,22,22,22,21,21,21,21,21,21,21,21,20,20,20,20,20,20,20,20,20,19,19,20,20,20,19,19,19,20,19,18,18,18,19,18,18,18,18,18,18,18,18,18,18,18,18,18,18,17,18,18,19,18,18,18,19,19,17,20,17,19,20,19,19,19,19,19,18,18,20,19,18,19,23,23,23,26,26,23,26,25,26,25,25,26,26,25,27,27,28,28,30,30,33
0.35,0.7,180,0,11,14,16,17,19,19,19,19,20,20,20,21,21,20,21,20,21,21,21,21,21,20,20,20,20,20,20,19,20,19,19,19,19,19,19,19,19,19,19,19,18,19,19,18,18,18,19,19,18,18,19,18,18,18,18,18,19,19,19,19,17,18,18,17,17,18,18,17,17,16,16,18,17,20,17,18,19,20,20,22,20,18,19,19,17,18,18,19,19,20,20,20,29,28,28,27,27,23,23,22,23,24,24,24,25,24,25,23
0.4,0.7,180,3,11,15,15,17,18,18,19,19,20,20,20,21,21,20,20,22,21,22,21,22,21,21,21,21,21,21,21,20,20,20,20,20,19,19,19,20,19,19,19,19,19,18,18,18,18,18,18,19,19,19,19,19,19,20,19,20,19,19,19,18,18,18,19,19,19,19,20,20,19,20,20,18,18,19,19,19,18,18,18,18,17,16,17,18,18,17,17,18,19,20,19,20,21,23,24,23,23,23,23,23,23,24,24,23,24,25,25,22
0.45,0.7,180,9,15,17,19,19,19,20,21,21,21,22,22,23,23,23,23,24,24,24,24,23,23,23,22,22,21,21,20,19,19,21,21,21,21,21,22,21,21,21,20,20,20,21,22,22,22,21,22,21,22,21,22,22,23,22,22,22,23,21,21,20,20,22,21,21,20,20,19,20,21,20,19,20,19,19,19,20,18,18,18,19,20,20,20,21,21,20,21,23,23,25,24,25,26,27,27,25,22,22,22,23,23,23,24,25,24,25,24,21
0.5,0.7,180,0,8,13,15,17,18,19,18,18,19,21,21,21,21,23,22,24,24,23,26,25,25,23,23,24,23,21,21,22,26,30,27,23,22,26,29,28,27,28,22,20,27,21,20,21,20,20,19,20,18,20,20,21,21,21,21,21,20,22,20,18,18,19,21,21,21,20,20,22,21,20,20,20,20,21,20,21,20,19,18,17,19,19,21,21,21,19,20,22,24,25,28,26,26,27,27,29,27,27,27,26,28,28,29,29,31,33,35,35
1.1,0.7,180,7,9,15,18,19,19,19,19,20,20,19,20,22,23,23,23,24,23,23,22,22,23,24,25,23,22,20,20,20,21,24,24,26,25,23,24,27,29,29,24,19,19,22,21,21,22,23,23,21,19,19,15,15,18,18,17,17,17,19,21,22,23,23,22,19,18,21,23,24,23,15,15,14,16,15,14,16,17,18,17,17,18,19,19,19,20,21,21,22,25,26,26,24,24,22,22,21,22,23,23,24,24,24,25,22,22,21,21,17
1.15,0.7,180,7,8,11,12,14,16,16,15,17,16,17,18,18,17,18,18,18,18,18,18,17,18,18,17,17,17,17,17,17,17,17,18,23,29,20,17,18,18,19,17,16,16,16,19,21,21,23,20,18,16,16,16,15,15,16,17,17,17,17,17,17,18,18,18,18,19,18,19,18,17,18,17,18,17,18,17,18,17,18,18,19,17,17,18,18,17,18,18,19,17,18,20,19,22,22,25,26,21,21,21,22,21,21,22,22,23,25,27,29
1.2,0.7,180,0,9,13,16,17,17,20,20,20,18,19,19,19,21,21,21,21,20,20,21,21,20,20,20,20,19,19,19,19,18,18,18,18,18,18,17,17,17,17,17,18,17,17,17,17,17,17,17,17,17,18,17,17,18,18,18,17,18,18,19,19,19,19,19,19,20,20,20,19,21,20,21,22,22,21,21,21,21,21,22,22,21,20,20,21,22,21,21,22,21,22,22,22,23,23,23,22,23,24,24,23,22,22,23,24,26,27,27,24
1.25,0.7,180,3,12,15,17,17,18,18,19,20,21,22,23,22,24,24,24,24,24,24,24,24,22,22,23,22,21,22,22,20,21,22,21,21,21,21,20,21,20,20,19,19,20,19,22,28,30,25,21,22,20,20,22,24,20,20,20,20,20,21,21,21,21,20,20,21,23,22,22,21,21,21,21,22,22,22,21,23,23,23,22,22,22,24,26,25,24,23,24,24,24,24,22,23,28,23,22,24,25,25,24,24,24,24,25,28,26,27,27,24
1.3,0.7,180,5,12,16,17,18,19,19,19,21,20,21,22,22,22,21,21,21,22,23,23,23,24,23,24,23,23,22,22,24,23,23,22,26,23,22,21,23,22,21,22,22,22,22,22,22,23,21,20,21,21,21,21,21,21,20,20,22,22,20,20,20,21,23,23,25,24,24,24,22,22,21,21,22,21,22,21,21,21,20,20,21,22,23,23,22,25,24,24,25,25,25,24,23,25,25,24,25,29,32,24,27,27,28,28,29,30,31,32,27
1.8,0.7,180,9,14,16,16,16,17,19,17,17,20,21,21,20,21,26,23,20,20,23,23,26,28,24,23,17,15,18,16,15,15,16,17,16,16,15,16,14,15,15,17,16,16,16,16,17,16,17,20,15,15,14,14,14,16,17,16,17,19,18,19,18,21,21,21,23,22,22,24,20,18,18,18,15,14,14,16,14,16,18,18,18,19,20,21,21,22,21,18,16,20,18,20,19,19,18,17,16,18,21,23,22,22,22,20,21,24,24,23,16
1.85,0.7,180,10,14,16,16,17,18,19,21,21,20,21,21,21,21,22,22,21,20,20,21,20,19,19,20,19,19,19,19,19,18,18,19,18,18,18,17,18,19,18,18,18,17,18,18,17,17,18,18,19,19,19,19,19,20,20,20,21,23,21,19,19,18,20,21,20,19,20,20,21,21,21,21,19,19,18,18,22,22,23,25,22,21,19,21,28,32,30,30,31,30,30,28,28,30,29,27,26,26,26,26,26,26,26,26,27,24,24,22,19
1.9,0.7,180,6,13,16,17,19,20,21,22,22,22,23,23,23,23,24,24,23,23,24,25,24,24,23,23,22,21,22,22,21,22,22,20,20,21,20,20,20,19,20,21,20,21,20,20,22,23,23,24,23,23,23,23,24,24,23,23,23,22,23,22,23,22,22,24,24,26,25,23,24,23,24,24,23,22,23,22,23,25,26,28,30,28,24,25,23,24,24,23,24,22,23,22,22,21,21,21,21,21,21,22,21,23,22,23,25,30,28,29,22
2.15,0.7,180,15,16,18,22,22,22,22,23,23,23,24,24,24,27,29,26,26,22,22,21,24,24,22,24,26,25,25,25,24,25,26,26,25,24,24,24,23,20,21,22,21,19,17,20,17,21,20,16,17,18,18,16,20,20,19,18,15,13,12,14,15,15,15,15,15,16,18,20,19,19,23,21,18,21,21,23,23,19,21,23,25,24,26,25,24,25,25,25,24,26,26,20,20,21,19,19,20,22,24,23,22,23,25,25,24,26,28,24,19
2.2,0.7,180,13,14,16,18,17,18,18,18,19,19,20,19,19,19,19,19,20,20,20,20,20,20,20,20,19,19,18,19,21,23,25,26,26,25,28,21,17,17,17,17,16,16,17,17,17,19,20,21,21,20,17,14,15,14,15,15,16,15,16,16,17,17,17,17,18,18,18,17,19,19,18,17,17,17,20,21,22,22,22,22,21,23,25,24,24,23,21,20,21,21,21,21,22,22,21,22,23,23,22,26,25,25,25,25,24,25,24,19,16
2.25,0.7,180,14,14,16,15,17,17,17,18,19,21,22,21,21,21,21,20,21,20,21,21,21,21,21,21,21,21,20,20,20,19,19,19,19,18,19,19,19,19,18,18,19,19,19,20,19,21,22,21,19,19,19,19,19,19,18,18,18,17,18,20,22,22,20,21,24,20,20,20,20,21,21,20,21,22,21,21,21,21,22,22,21,21,21,21,21,22,22,21,21,22,25,28,29,28,28,28,27,22,23,23,23,24,23,23,24,25,23,20,18
2.3,0.7,180,13,15,16,17,18,19,19,19,20,21,21,20,22,21,22,22,22,21,22,21,21,20,21,21,20,20,20,20,20,20,20,20,18,19,18,19,19,19,20,19,19,18,19,19,19,20,20,19,18,18,18,19,21,23,23,24,22,20,20,20,22,22,21,20,21,21,21,21,22,23,22,21,23,26,23,23,21,21,19,20,20,20,22,23,24,24,25,24,24,25,25,24,27,27,27,29,29,29,29,30,29,29,27,29,27,30,31,26,24
2.35,0.7,180,13,15,16,18,18,19,20,19,21,22,21,22,21,23,22,22,23,22,23,22,23,24,23,24,23,23,23,22,23,22,23,24,24,25,24,25,27,30,31,28,22,25,26,23,23,23,23,22,23,22,22,22,23,21,20,21,20,20,20,19,19,19,19,17,18,20,20,19,20,20,20,21,21,23,24,26,22,22,28,25,25,24,25,26,24,23,23,25,26,26,24,24,25,26,27,26,26,26,28,32,26,27,27,27,27,28,27,23,22
2.4,0.7,180,14,16,17,17,19,19,19,20,21,22,22,22,23,22,22,22,23,23,23,22,22,22,22,23,21,20,21,20,22,22,21,22,21,21,20,20,21,21,21,25,26,25,23,20,20,19,20,20,20,21,19,19,20,21,20,21,21,21,25,24,25,27,28,27,26,27,29,31,31,32,28,23,27,27,28,30,28,26,29,29,29,30,28,32,31,32,32,31,30,31,25,25,24,24,22,24,23,24,25,24,24,26,26,27,26,26,24,19,19
2.45,0.7,180,14,17,20,21,21,20,22,24,25,25,24,25,26,26,25,25,25,25,25,25,25,25,25,25,25,24,23,24,24,24,23,23,23,22,22,21,21,20,21,24,26,24,21,21,22,23,22,24,26,24,24,23,23,25,23,26,28,26,28,23,23,22,23,24,27,23,22,23,23,23,23,24,25,21,19,21,24,25,24,25,24,21,22,22,23,27,28,21,27,28,30,33,33,29,27,26,28,29,28,27,26,28,27,28,28,30,34,26,24
2.5,0.7,180,14,17,17,19,20,21,23,23,23,24,24,24,24,24,24,24,24,24,23,23,23,23,23,23,31,32,26,23,24,24,27,30,28,29,29,26,25,26,26,26,25,24,25,24,21,25,23,22,23,24,21,21,20,20,21,21,20,20,20,19,19,19,20,27,26,20,21,21,22,22,23,23,24,24,26,26,28,29,31,30,31,30,30,30,30,27,26,27,31,30,30,29,30,30,26,32,30,29,29,28,29,31,32,32,32,31,31,27,26
2.55,0.7,180,12,15,16,17,17,19,19,20,20,21,21,21,22,22,22,22,22,22,23,22,22,21,23,22,22,21,21,21,21,21,20,19,21,21,21,20,21,20,19,20,19,18,18,25,24,18,20,24,24,26,27,27,28,31,30,28,28,26,25,28,28,26,26,23,23,23,32,30,29,29,27,32,29,25,24,28,24,21,20,21,19,19,20,19,18,20,19,19,18,19,19,19,19,19,20,22,21,21,21,22,23,23,23,26,26,26,26,24,18
2.6,0.7,180,13,15,17,18,19,19,20,20,19,21,21,21,22,23,23,23,23,22,22,21,22,21,21,21,22,20,20,20,20,21,21,21,22,21,20,21,24,26,25,25,26,24,23,22,22,22,22,23,24,23,22,23,22,22,23,22,23,21,19,19,19,19,21,19,19,20,20,20,21,19,20,23,28,31,29,28,28,24,24,25,24,21,22,21,22,27,26,28,24,23,21,22,21,22,23,23,24,29,28,25,25,25,24,25,25,26,28,24,18
2.65,0.7,180,14,16,17,18,20,20,20,21,20,21,21,21,21,21,22,21,22,22,22,21,22,21,20,21,20,20,19,20,19,19,19,20,19,18,19,18,18,18,18,19,19,18,19,18,19,19,19,19,21,22,24,24,24,25,26,27,26,27,29,28,29,29,27,26,20,20,19,17,18,17,17,18,17,18,18,18,19,19,18,18,18,18,18,19,19,21,20,20,20,21,21,21,21,21,22,22,22,23,23,22,23,24,25,25,25,27,29,31,18
2.7,0.7,180,11,15,16,18,18,18,19,20,20,19,20,20,20,20,21,21,21,21,21,21,20,20,20,20,19,19,19,19,19,19,18,19,19,18,18,17,17,17,17,18,16,17,18,17,17,17,17,18,18,17,17,16,16,16,17,17,17,16,17,17,17,17,16,16,16,17,16,16,17,17,17,19,22,22,22,24,25,24,25,23,18,17,19,19,19,18,18,18,20,20,21,22,22,21,22,23,22,23,23,23,24,23,24,25,24,25,25,25,21
2.75,0.7,180,13,15,17,18,18,19,19,19,21,20,21,21,20,21,21,21,20,21,20,21,20,20,20,19,19,19,19,18,18,18,18,18,18,18,18,18,18,17,17,17,17,17,17,17,17,16,17,17,16,16,16,15,16,16,17,17,16,17,17,17,17,17,18,18,17,17,17,17,17,17,17,17,18,19,18,18,18,18,18,16,16,16,16,16,17,16,17,17,18,19,19,20,22,22,22,21,21,21,21,21,21,23,22,23,24,26,22,22,19
2.8,0.7,180,14,16,17,17,18,18,19,21,21,21,23,23,23,23,23,22,23,23,23,25,28,32,26,26,22,21,21,21,20,20,20,20,19,19,19,18,18,18,19,19,18,19,19,19,19,19,19,19,19,19,19,18,17,17,18,18,16,16,16,17,17,18,17,18,18,19,20,21,20,17,19,20,21,22,24,21,22,20,22,21,22,22,22,22,22,22,23,23,25,25,25,26,23,23,24,25,26,25,25,26,27,28,28,30,29,28,27,24,21
2.85,0.7,180,10,14,15,17,18,19,20,20,19,19,19,20,21,20,21,22,22,22,21,21,22,22,22,22,22,22,22,20,21,21,21,20,20,20,19,19,19,19,19,19,19,19,18,18,19,19,19,20,19,19,19,21,19,19,21,22,23,22,21,21,20,20,20,20,19,20,19,20,21,20,20,19,22,21,21,20,21,21,20,21,22,22,23,23,21,22,21,21,21,22,21,21,23,23,23,23,24,25,23,23,25,25,27,30,30,30,31,30,27
2.9,0.7,180,11,14,17,19,21,22,20,21,22,23,24,23,23,24,24,24,24,25,25,24,23,24,24,23,25,27,29,31,30,29,28,29,29,35,30,30,24,21,21,22,22,23,23,23,23,21,23,22,21,21,20,20,20,19,17,18,19,19,21,22,21,22,22,20,20,20,19,19,19,20,22,22,22,22,22,22,22,21,23,25,24,24,25,25,25,27,26,26,26,27,27,27,31,29,28,27,28,29,29,30,30,32,31,32,32,33,30,28,24
2.95,0.7,180,12,15,17,19,19,22,21,22,22,22,22,22,23,25,24,24,24,24,24,24,23,28,30,28,27,27,26,25,24,25,25,24,24,23,22,25,23,25,24,24,29,32,25,27,25,25,25,26,24,24,26,26,30,29,26,23,24,29,28,22,25,25,22,23,24,24,21,20,20,20,21,22,20,21,20,20,21,20,19,19,18,19,20,23,21,20,19,21,23,23,22,23,23,23,23,24,24,25,24,25,25,26,26,27,25,27,28,26,22
3,0.7,180,10,14,17,20,22,21,22,21,23,22,23,23,23,23,24,24,23,24,23,24,25,25,24,22,23,23,23,23,24,23,23,23,23,22,22,23,24,25,24,25,25,26,26,25,28,29,28,28,28,27,27,28,27,27,26,24,24,24,23,23,23,23,23,23,23,23,24,24,22,22,22,22,21,20,20,19,19,20,20,21,20,20,20,21,21,21,22,22,24,25,28,30,33,31,31,26,26,27,26,27,27,25,26,28,27,28,29,29,26
3.05,0.7,180,10,14,17,18,18,18,19,19,20,21,22,22,23,22,23,23,22,22,23,22,21,21,22,21,20,24,23,23,23,22,21,21,20,20,21,20,20,20,23,23,24,23,21,20,22,22,21,22,23,21,22,21,22,20,20,20,19,19,21,25,25,24,26,25,30,30,25,22,19,20,21,22,21,21,21,19,20,19,20,20,20,19,20,20,21,21,21,20,21,22,22,22,22,23,23,24,24,24,25,25,25,27,26,27,27,27,27,27,25
3.1,0.7,180,2,12,18,19,18,19,18,18,19,19,19,19,19,19,20,20,20,21,20,20,20,20,19,20,20,19,20,19,18,19,18,19,18,19,18,18,18,18,19,19,19,18,18,17,18,18,18,17,17,17,17,17,17,17,18,18,18,17,16,17,17,17,17,17,16,16,17,16,16,18,18,17,18,16,16,16,16,17,16,16,16,16,16,17,16,16,16,15,16,17,17,18,20,22,22,23,23,24,24,25,23,24,24,24,25,24,24,25,26
3.15,0.7,180,4,11,13,14,16,16,17,18,18,18,18,18,18,18,19,19,18,18,19,18,18,18,18,18,18,19,18,18,17,17,17,16,16,15,15,15,16,16,16,16,16,16,16,15,16,15,16,15,16,16,16,16,16,16,16,16,16,16,16,17,17,16,15,16,16,16,16,16,16,16,16,16,16,16,15,20,20,21,20,19,20,21,18,19,17,18,17,18,18,18,18,18,18,18,18,19,19,20,21,21,20,21,22,23,23,22,22,23,22
3.2,0.7,180,9,13,14,16,17,17,17,17,18,18,18,19,19,18,18,18,18,19,18,18,18,18,18,18,17,18,18,17,18,18,18,18,18,18,17,17,17,16,16,16,17,16,16,17,17,17,17,17,16,17,16,16,17,17,17,16,16,16,17,17,16,18,17,17,16,17,16,17,18,17,17,17,16,17,16,17,16,16,17,17,17,16,16,16,16,17,16,17,18,18,19,18,18,18,18,19,21,22,22,22,22,22,23,24,24,26,26,24,20
3.25,0.7,180,0,11,14,15,17,16,17,18,18,19,20,20,20,19,19,19,20,20,21,20,20,21,20,20,20,19,19,19,19,19,18,17,18,18,17,18,17,17,17,17,17,17,18,17,18,17,18,18,18,17,18,17,17,17,18,18,18,17,18,17,17,18,17,18,18,18,19,18,19,18,18,18,18,17,17,18,18,18,17,17,17,18,23,19,18,19,18,18,18,19,19,19,19,18,19,20,20,21,21,21,22,22,22,23,24,23,23,21,18
3.3,0.7,180,9,14,17,17,17,18,19,21,22,22,22,22,23,24,23,22,23,23,22,23,23,23,22,21,23,22,22,22,26,21,20,21,22,21,20,20,20,20,20,20,20,21,21,21,20,20,20,19,20,21,20,20,19,19,20,20,20,18,18,18,18,18,18,17,18,19,19,19,19,19,19,19,19,19,18,18,19,18,18,19,17,22,24,25,26,26,28,29,29,31,32,35,35,31,26,22,22,22,23,24,24,24,25,24,24,24,24,25,24
3.35,0.7,180,10,14,17,18,20,20,20,21,22,22,23,24,24,23,24,23,24,24,24,23,24,25,24,24,24,24,25,25,24,24,24,23,23,24,23,22,22,21,21,22,20,21,19,20,20,21,21,20,19,20,19,19,19,19,20,19,21,21,20,19,19,20,20,21,20,21,20,20,25,21,21,21,20,21,22,22,23,24,25,24,25,27,23,23,23,22,25,26,26,26,27,27,28,27,25,24,24,25,27,30,30,31,33,33,34,35,38,38,32
3.4,0.7,180,0,13,16,19,21,22,23,24,23,23,24,24,25,24,24,25,25,24,26,25,25,26,25,26,27,26,26,25,26,25,25,26,26,25,25,25,25,25,24,25,25,24,24,24,23,22,22,22,22,23,23,23,23,24,25,25,24,24,23,24,23,23,22,21,0,0,0,0,0,0,0,0,0,0,0,0,0,0,0,0,0,0,0,0,0,0,0,0,0,0,0,0,0,0,0,0,0,0,0,0,0,0,0,0,0,0,0,0,0
0.05,0.75,180,11,13,15,16,17,18,18,18,20,19,20,20,22,23,23,25,27,26,26,25,25,20,20,18,19,19,18,19,19,18,19,20,19,19,17,17,16,16,16,17,17,18,15,18,17,19,21,24,24,25,22,25,27,25,21,20,21,21,21,20,20,20,18,17,14,16,16,17,18,19,20,19,19,17,17,16,16,16,20,21,24,24,24,23,22,21,20,19,21,24,23,21,23,22,23,23,21,22,22,22,24,26,28,27,28,29,27,24,21
0.1,0.75,180,6,11,16,19,15,17,18,19,19,19,19,20,21,24,21,23,24,25,25,25,25,22,20,19,19,19,19,19,20,23,25,26,26,29,29,25,26,22,23,23,25,23,23,23,24,25,23,24,23,22,19,19,19,17,17,19,18,18,17,18,17,19,18,21,18,19,18,20,23,19,17,19,22,19,21,27,30,31,32,27,28,26,28,24,21,21,22,23,23,23,21,22,23,24,24,23,23,24,25,23,22,22,23,26,27,27,28,28,27
0.15,0.75,180,9,11,13,16,18,18,20,19,20,22,20,21,21,21,21,21,21,21,21,21,21,21,21,21,21,20,20,20,19,19,20,23,25,24,25,27,19,22,28,18,17,18,18,17,18,17,17,17,16,19,18,19,18,18,18,18,18,19,19,20,22,23,21,21,21,22,23,23,27,27,26,28,30,27,23,23,26,23,22,20,19,20,21,20,22,21,21,21,20,21,23,24,23,24,23,23,25,26,25,27,26,26,27,27,26,28,30,30,24
0.2,0.75,180,0,9,14,17,17,17,18,20,20,21,21,21,21,21,22,23,23,24,23,22,21,22,24,26,28,29,31,31,31,27,23,21,21,21,21,22,21,22,20,21,21,20,20,20,20,19,19,19,20,19,20,19,19,18,19,19,19,24,22,22,23,24,24,23,22,21,21,23,23,21,21,20,19,21,21,21,20,21,20,20,19,19,20,20,19,21,21,21,22,24,25,23,24,25,26,27,30,29,29,30,32,32,31,31,31,33,33,31,30
0.25,0.75,180,4,11,13,17,19,19,20,21,21,21,23,22,22,22,23,21,22,21,21,21,21,21,20,20,21,21,20,20,20,20,20,19,20,20,19,19,20,19,18,19,18,18,19,19,19,19,20,20,19,18,18,18,19,19,18,19,20,18,19,20,20,19,18,18,18,17,19,20,20,19,19,23,20,20,20,22,23,24,23,22,23,28,30,31,33,29,30,26,26,24,24,25,27,25,26,25,24,26,29,26,25,24,24,24,24,27,25,26,25
0.3,0.75,180,0,10,13,14,15,15,16,17,19,21,22,29,28,25,22,22,21,21,21,21,20,21,21,20,21,21,20,20,20,19,19,19,18,19,19,19,19,19,19,19,18,19,19,19,19,18,19,18,19,19,19,18,19,19,18,19,17,18,17,17,18,18,19,19,19,18,18,19,19,19,19,19,20,21,22,24,26,24,18,18,18,21,22,24,25,24,23,23,22,24,25,22,24,22,23,21,21,22,22,22,23,22,22,23,23,22,23,25,23
0.35,0.75,180,0,6,13,14,15,17,17,18,18,19,19,20,21,21,21,22,21,21,21,21,21,21,20,20,20,19,20,20,20,20,20,19,20,20,21,19,19,18,18,18,18,18,20,18,18,18,18,18,18,18,18,19,18,19,19,19,19,18,18,19,19,19,19,19,19,18,19,19,18,20,20,20,20,20,20,19,19,18,19,19,19,18,18,18,19,19,19,19,21,22,21,20,22,21,21,20,22,21,23,25,27,29,32,30,29,30,29,30,26
0.4,0.75,180,0,10,13,15,16,18,18,19,21,21,21,21,22,22,22,22,22,22,23,22,22,22,21,21,21,22,22,22,22,22,23,24,20,20,20,21,21,21,20,20,20,20,20,20,20,20,20,19,21,19,21,20,20,21,21,19,20,20,20,20,20,20,20,21,20,20,20,20,19,19,19,21,20,19,19,19,19,19,19,20,21,19,21,26,22,20,19,22,21,21,22,21,23,26,26,25,25,24,25,26,26,24,24,25,26,25,25,26,26
0.45,0.75,180,6,13,16,17,19,19,20,21,20,22,22,23,23,23,22,23,24,24,24,24,22,22,22,22,22,23,22,22,22,22,21,22,22,22,22,23,22,22,21,21,21,22,22,21,21,21,22,21,20,23,22,23,22,20,20,20,20,20,19,19,19,20,21,20,20,21,20,20,20,20,20,20,19,18,18,20,19,20,21,22,23,25,26,28,28,25,24,25,26,28,26,27,28,28,27,27,27,29,28,27,28,29,28,28,29,29,30,33,30
0.5,0.75,180,0,11,15,18,19,20,20,20,22,23,23,24,25,26,26,25,24,23,25,24,25,25,25,26,26,25,25,26,25,23,22,22,23,24,24,25,27,27,28,28,28,28,27,29,27,26,25,25,23,24,23,23,25,25,26,26,23,22,23,24,24,24,23,23,24,23,24,24,22,24,23,23,24,25,26,26,24,28,27,28,27,25,24,25,28,27,25,25,28,27,26,26,26,27,27,27,28,29,32,34,35,34,35,31,31,32,33,33,32
1.1,0.75,180,8,11,14,16,17,17,18,17,16,16,17,17,19,19,18,18,17,15,17,17,17,16,19,24,20,16,19,18,17,21,16,17,17,18,18,20,21,23,23,22,20,20,21,21,21,21,21,23,23,24,25,25,25,24,22,24,22,17,18,18,18,19,19,19,20,20,21,21,20,16,15,13,14,13,14,13,16,16,16,15,15,15,16,17,17,18,16,14,15,16,17,18,18,21,23,22,23,25,26,23,21,24,23,24,25,24,24,25,23
1.15,0.75,180,7,12,13,14,16,15,17,18,19,19,19,19,19,21,25,26,26,24,23,22,22,20,20,20,21,20,18,17,18,17,19,20,21,22,19,19,19,18,18,18,20,19,21,22,21,20,18,18,18,17,15,17,16,15,15,14,15,14,14,19,23,25,24,22,16,17,18,23,24,21,20,18,17,18,18,19,19,19,18,19,22,24,21,23,21,22,20,20,19,20,20,20,20,19,20,20,19,20,20,21,21,23,24,24,26,25,27,26,22
1.2,0.75,180,8,11,15,16,17,18,19,19,19,21,21,20,20,20,20,19,19,19,19,18,18,16,16,16,17,17,17,17,18,18,18,18,18,18,18,18,17,18,17,17,17,17,17,17,17,18,17,17,18,18,17,18,18,19,19,20,20,18,17,18,18,18,19,18,18,19,20,18,19,19,20,19,19,20,20,18,31,21,21,20,21,23,21,26,31,23,23,23,22,21,21,20,20,24,21,21,21,22,22,23,24,23,23,29,32,32,29,25,21
1.25,0.75,180,0,15,15,16,18,19,20,21,21,22,23,23,22,23,23,22,23,22,22,22,22,21,21,21,20,20,20,21,24,25,26,25,25,25,24,21,20,21,20,21,21,26,30,20,20,21,20,20,21,23,21,21,23,20,20,21,21,21,21,21,22,20,20,22,22,23,23,23,24,23,26,27,28,28,28,27,27,25,25,26,24,24,26,25,24,25,24,25,26,28,29,30,30,31,33,35,33,31,31,32,31,30,34,28,29,29,29,29,26
1.3,0.75,180,9,14,16,16,17,19,20,19,21,21,22,22,23,24,25,25,31,27,26,25,26,26,30,27,27,27,27,26,25,24,24,24,25,25,24,23,22,21,21,22,22,21,24,27,26,28,26,24,25,25,25,23,23,22,22,23,23,23,25,24,24,25,24,24,24,25,25,27,25,25,24,24,23,28,30,30,31,28,30,35,31,36,34,32,29,29,30,30,31,31,32,32,33,35,35,35,37,37,39,40,41,42,42,42,42,40,39,38,34
1.8,0.75,180,6,13,16,19,23,20,24,33,28,29,27,29,33,33,31,32,32,31,32,32,33,29,27,29,28,28,27,26,25,25,22,24,25,26,26,24,24,25,24,26,26,26,26,27,26,24,20,23,25,25,24,24,28,29,31,33,36,35,27,20,18,16,17,16,16,17,16,17,18,18,18,17,18,18,19,19,21,17,14,16,18,21,19,19,20,23,22,22,23,19,22,22,22,25,26,25,27,25,24,23,30,34,36,33,30,29,30,33,31
1.85,0.75,180,6,13,14,16,18,17,19,20,19,22,22,21,20,21,21,21,21,22,22,21,22,21,20,20,21,21,20,19,18,19,19,19,20,19,19,20,21,19,25,19,19,20,19,19,20,20,21,20,21,21,20,21,21,22,23,24,27,30,29,29,29,24,21,19,18,18,19,18,19,20,20,19,19,18,17,17,19,18,20,23,22,22,24,22,19,18,20,19,19,18,18,20,18,18,17,18,19,19,19,19,20,21,20,22,21,23,24,21,16
1.9,0.75,180,16,21,19,21,20,20,19,20,21,21,23,24,23,25,24,25,24,23,24,24,24,24,23,24,23,22,23,23,22,22,23,23,22,22,23,23,23,23,23,23,24,23,23,23,24,22,24,23,22,22,22,21,21,21,22,29,21,21,21,21,20,22,22,26,26,21,26,23,23,26,26,27,27,25,24,24,24,24,23,23,23,22,21,22,21,23,23,23,23,22,23,23,23,22,24,24,21,20,21,22,22,23,24,27,31,32,34,32,31
2.15,0.75,180,19,21,21,21,24,22,23,23,24,23,24,23,22,24,23,23,22,22,22,25,26,26,26,26,26,25,26,26,26,27,27,25,23,22,26,26,27,27,27,26,26,28,30,30,28,27,28,27,26,26,27,27,26,26,24,25,25,27,28,28,29,29,30,30,27,26,27,24,21,20,19,18,19,18,18,20,20,24,22,21,21,19,22,24,25,24,26,29,28,29,29,30,27,25,24,22,23,24,28,30,28,29,31,32,32,32,27,24,21
2.2,0.75,180,11,14,15,17,18,19,19,19,19,21,21,21,22,21,21,22,22,22,22,22,22,21,22,22,21,20,20,20,19,20,20,22,23,22,20,22,23,23,23,23,22,22,22,21,19,19,17,16,17,17,16,15,18,18,16,16,17,17,15,15,15,16,18,18,17,17,16,17,16,17,17,18,17,18,18,18,18,19,18,18,20,18,19,19,20,20,20,21,21,20,20,20,21,22,23,23,23,22,23,25,25,24,26,25,25,26,26,22,19
2.25,0.75,180,13,14,16,17,18,19,19,20,20,19,21,21,21,21,21,22,21,22,22,20,21,22,21,20,20,20,19,20,20,18,19,19,19,18,17,18,18,17,17,16,16,16,17,17,16,17,16,16,17,17,17,16,16,16,16,18,18,17,17,17,17,18,18,18,19,18,18,19,18,18,18,17,17,17,17,18,18,19,19,19,19,19,20,20,21,21,24,25,25,21,21,22,21,22,25,28,25,23,22,24,26,26,25,25,26,27,25,21,20
2.3,0.75,180,15,17,18,19,20,20,21,22,21,22,22,22,22,22,22,22,23,22,21,22,22,22,22,22,21,22,21,20,21,20,20,20,20,20,20,20,20,19,19,19,18,18,18,18,18,18,18,18,18,18,18,18,17,18,16,16,16,16,17,18,18,19,19,19,19,19,19,20,20,21,20,22,22,22,22,22,22,22,22,22,22,21,21,21,20,19,19,18,18,19,20,23,23,23,22,23,21,23,23,25,27,25,26,26,27,27,24,22,22
2.35,0.75,180,14,16,17,18,19,21,21,21,22,21,23,23,23,23,22,23,22,22,21,22,22,21,22,21,21,21,21,21,21,21,21,20,20,19,19,19,19,19,19,21,20,20,20,19,19,19,19,19,18,19,18,19,20,20,19,19,21,21,21,21,22,22,22,21,21,22,21,20,20,20,20,21,19,20,23,24,22,21,22,21,21,23,23,25,23,24,23,22,23,24,24,23,25,29,32,26,24,23,23,24,25,25,25,26,25,27,26,23,19
2.4,0.75,180,14,16,17,18,19,18,19,21,21,21,22,23,22,22,22,22,23,22,23,23,22,21,21,21,21,20,21,20,20,20,20,23,27,28,28,27,27,27,25,26,24,24,23,21,21,20,21,21,22,22,22,22,22,21,22,22,21,21,23,26,26,26,25,25,23,23,23,22,23,22,21,22,21,20,23,23,22,21,20,21,20,19,21,22,23,24,25,26,27,27,28,28,28,32,37,37,38,38,39,37,35,36,38,39,40,41,31,23,19
2.45,0.75,180,17,18,19,20,21,23,23,23,24,25,25,25,24,25,25,25,23,23,23,24,24,24,24,24,23,23,22,23,22,22,22,22,22,22,22,25,27,30,28,28,28,23,26,25,25,26,27,28,28,29,29,30,30,31,31,31,33,33,29,26,25,25,22,24,23,20,21,24,27,28,25,23,21,21,36,35,31,26,25,24,24,24,23,23,24,24,30,32,31,30,33,31,32,29,29,30,30,30,30,32,32,33,32,32,32,32,30,27,25
2.5,0.75,180,12,14,17,20,20,22,23,22,22,23,23,22,23,23,23,23,23,23,23,25,25,26,26,26,26,25,23,22,22,22,21,21,21,21,21,24,25,25,24,27,25,25,23,27,24,25,25,25,25,30,33,32,30,23,22,24,28,28,28,31,40,36,37,35,36,40,38,40,37,37,33,32,35,33,32,32,37,30,29,29,27,22,23,22,26,27,30,30,31,32,32,34,32,32,33,34,34,35,35,34,36,39,41,41,36,34,33,28,22
2.55,0.75,180,15,17,19,20,21,22,24,22,22,23,23,23,23,24,23,23,24,24,24,23,22,23,22,21,21,21,21,23,21,22,22,22,21,21,24,25,25,23,21,21,26,29,31,30,27,24,25,22,23,23,21,21,21,21,20,21,20,20,20,20,20,22,25,24,24,29,33,30,32,31,30,28,28,28,30,29,29,28,29,30,31,32,31,30,30,30,30,29,28,29,28,27,27,26,26,28,27,26,28,28,29,29,30,29,30,31,32,24,21
2.6,0.75,180,14,17,18,18,19,18,19,19,20,20,20,19,20,20,20,20,20,21,21,21,20,20,20,19,19,19,19,19,19,18,19,20,20,18,19,19,20,19,19,18,18,18,18,19,19,18,19,19,19,18,19,21,23,24,25,26,26,28,30,30,29,27,26,24,22,23,21,21,21,21,20,21,19,20,20,20,20,20,20,19,19,20,21,21,20,20,20,20,22,22,24,23,21,19,20,20,22,22,20,21,21,23,23,23,23,24,21,15,14
2.65,0.75,180,13,14,15,17,17,19,20,19,18,19,21,21,21,22,21,21,21,21,21,21,20,20,20,19,20,20,19,20,19,19,19,19,18,19,19,19,18,19,18,18,18,18,18,19,18,18,18,18,18,18,17,17,17,18,17,17,17,16,16,16,16,15,16,17,17,17,16,16,18,18,19,18,18,18,17,16,16,16,15,16,16,15,16,17,16,16,17,18,18,18,18,17,18,18,19,19,19,20,20,20,22,21,22,22,24,24,26,20,16
2.7,0.75,180,12,16,18,19,18,19,19,20,20,20,20,21,20,20,21,21,21,20,20,20,20,19,20,19,19,19,19,18,19,18,18,18,18,18,17,18,18,17,17,18,17,17,17,18,18,18,18,18,17,17,17,17,17,17,16,17,16,17,17,17,16,17,16,17,17,16,17,18,17,17,17,17,17,17,17,16,16,16,17,16,17,17,19,19,19,19,19,19,17,18,17,18,19,19,21,20,21,22,22,23,23,22,23,24,26,25,25,20,17
2.75,0.75,180,13,15,17,18,18,19,19,19,18,20,21,21,19,20,19,20,20,20,19,19,19,19,19,19,19,17,18,18,18,18,17,18,17,17,17,18,17,16,17,17,15,16,16,16,16,15,16,15,16,15,16,16,15,17,17,17,17,17,16,16,17,17,18,17,17,16,17,16,16,15,17,17,17,17,17,17,16,17,17,17,17,17,17,18,18,18,18,17,17,17,18,19,19,19,19,20,20,20,20,20,21,22,22,23,25,25,24,16,14
2.8,0.75,180,13,15,15,17,19,19,18,19,19,19,19,19,20,20,19,19,20,20,20,20,20,20,20,20,20,20,19,19,19,19,19,19,19,19,19,19,18,19,19,17,18,18,17,17,17,17,17,16,17,16,16,16,16,17,17,17,18,19,17,18,18,18,17,17,17,17,17,17,17,17,18,17,18,18,17,18,18,17,18,17,18,19,21,19,19,20,22,24,25,26,27,29,29,29,30,27,30,27,26,27,28,28,22,24,24,24,24,23,20
2.85,0.75,180,13,16,18,18,19,20,21,20,20,21,20,21,21,21,21,21,21,21,21,21,21,20,21,21,20,20,20,19,19,19,19,19,19,18,18,19,18,17,17,17,17,17,17,17,17,18,19,17,17,17,17,17,18,17,17,18,18,18,19,19,19,18,19,19,19,18,18,18,18,18,18,19,18,19,19,19,19,18,19,19,19,20,18,18,20,21,21,21,22,21,21,22,22,21,23,23,22,23,24,23,25,24,26,26,26,27,28,24,19
2.9,0.75,180,13,15,17,17,19,19,19,20,21,20,20,20,20,20,19,20,20,20,21,21,21,21,20,19,20,19,19,18,22,22,23,22,22,22,20,20,21,19,20,18,18,18,18,18,19,19,20,19,20,19,19,19,19,19,20,18,19,20,19,20,19,19,20,20,20,19,19,20,21,21,20,19,20,20,19,19,19,19,20,21,23,24,23,22,21,23,24,23,23,24,24,24,23,24,24,24,23,24,25,25,24,24,24,26,27,29,29,23,18
2.95,0.75,180,7,12,16,17,18,18,18,20,21,21,22,22,22,22,22,21,21,21,21,21,22,21,22,21,21,20,20,22,21,21,21,20,21,20,19,20,19,20,20,21,19,19,18,17,19,19,18,18,19,20,19,19,20,19,21,23,22,22,23,23,26,28,26,28,26,22,20,20,20,20,20,18,19,19,20,20,19,21,21,20,20,20,21,22,21,22,22,28,28,30,32,30,28,26,23,24,24,24,25,24,25,26,26,27,26,26,26,26,19
3,0.75,180,12,16,19,19,19,20,20,20,20,21,22,22,22,22,22,22,22,23,23,22,23,22,22,22,22,23,21,23,21,20,20,20,21,20,22,23,19,19,19,19,20,21,20,20,21,21,21,22,21,21,19,20,21,22,21,20,21,21,19,21,29,24,20,18,19,20,20,19,19,20,20,20,21,19,19,20,21,21,21,21,20,20,22,22,21,24,23,21,22,22,24,25,27,27,27,27,26,25,24,26,27,26,27,28,27,27,28,26,21
3.05,0.75,180,12,15,18,21,23,24,21,21,21,22,22,22,22,22,22,22,21,21,22,23,21,23,23,22,23,23,23,23,24,23,24,23,21,21,21,20,20,21,21,20,18,18,18,19,18,18,20,19,21,23,22,23,21,20,20,19,20,20,19,19,21,19,19,20,19,19,19,20,20,20,19,19,19,19,20,18,17,19,19,21,22,23,22,23,22,23,19,20,19,20,19,20,19,19,19,20,20,20,21,22,23,23,24,24,23,25,25,22,17
3.1,0.75,180,11,15,16,17,18,17,18,18,18,18,18,19,19,19,20,19,19,20,19,19,18,18,19,19,19,19,19,19,19,19,19,19,19,19,18,18,18,19,18,19,18,19,18,18,17,17,17,17,17,18,17,17,17,17,17,18,17,16,18,18,17,16,17,18,17,16,16,17,17,17,17,17,16,17,16,16,17,16,17,18,19,21,22,25,27,26,25,22,20,17,18,18,18,19,19,19,20,20,20,20,22,21,20,21,22,22,23,22,16
3.15,0.75,180,12,14,15,16,18,18,18,18,19,19,19,19,19,20,19,20,19,19,18,19,19,18,19,19,18,18,18,18,17,18,18,17,18,17,17,17,17,17,17,18,18,18,18,18,18,18,17,17,17,17,17,17,17,17,17,17,18,18,18,18,18,16,16,17,17,17,16,16,15,15,16,17,17,17,16,17,17,17,17,18,17,17,18,18,18,19,19,19,19,19,19,18,18,18,18,19,19,19,19,22,20,21,21,22,23,23,24,22,17
3.2,0.75,180,13,15,15,17,18,19,18,18,19,19,19,19,19,20,19,19,19,19,19,18,18,18,18,18,19,18,18,18,18,17,19,18,17,18,17,16,18,17,16,17,17,18,17,17,17,17,18,17,17,17,17,17,16,16,16,16,17,17,17,17,18,17,17,18,17,18,18,18,18,17,19,20,18,18,17,18,19,19,18,18,17,19,19,19,20,19,21,20,20,21,21,21,23,24,24,25,23,23,26,27,27,28,29,30,31,33,34,30,24
3.25,0.75,180,10,13,15,16,19,18,18,19,19,19,20,20,20,21,21,21,20,20,19,20,20,19,19,19,19,18,18,18,19,19,19,18,18,18,18,18,18,18,18,18,18,18,18,17,17,18,17,17,18,19,19,19,18,19,19,19,19,18,17,17,17,18,18,18,19,17,17,18,18,19,19,19,20,19,18,18,19,17,17,17,18,19,19,20,21,23,23,19,19,19,20,19,20,20,20,20,20,20,21,21,23,22,23,25,24,23,24,23,21
3.3,0.75,180,11,15,17,17,18,19,18,19,19,19,20,20,20,21,22,22,21,21,21,21,21,21,20,21,21,20,21,20,19,20,19,20,19,19,19,19,20,23,24,20,19,19,19,19,19,18,18,18,18,18,20,19,19,19,20,19,19,18,18,20,21,20,18,18,16,15,16,18,19,19,19,19,19,18,18,19,19,19,19,20,19,20,19,19,19,20,20,21,23,24,23,23,23,23,24,27,28,26,25,26,26,26,26,27,27,27,27,26,24
3.35,0.75,180,13,17,20,20,20,21,22,22,23,23,24,24,23,24,24,24,24,24,24,23,23,23,23,23,23,23,23,23,23,22,22,22,22,22,22,23,23,22,21,21,21,22,21,22,25,29,33,32,26,20,19,20,19,19,20,20,19,20,21,21,20,20,20,20,21,20,20,20,21,20,21,20,19,20,20,21,22,20,21,21,22,23,25,24,24,25,25,26,27,29,29,29,27,25,26,26,25,25,25,26,25,26,26,26,26,29,32,32,26
3.4,0.75,180,13,16,18,21,21,22,22,24,23,24,24,25,25,26,28,29,30,29,29,29,29,28,29,27,28,27,27,26,26,26,25,25,25,25,25,25,26,25,26,26,25,26,25,26,27,28,29,29,29,29,28,27,28,29,29,29,29,29,28,27,28,27,23,0,0,0,0,0,0,0,0,0,0,0,0,0,0,0,0,0,0,0,0,0,0,0,0,0,0,0,0,0,0,0,0,0,0,0,0,0,0,0,0,0,0,0,0,0,0
0.05,0.8,180,12,14,17,18,19,21,18,19,19,18,19,19,19,20,20,20,21,19,19,20,21,20,20,20,19,18,17,19,19,18,18,17,19,19,19,17,17,20,19,20,19,19,22,23,25,25,25,22,21,21,23,23,23,24,24,20,19,20,21,21,20,20,19,18,18,21,21,20,19,19,19,18,19,19,17,19,18,17,17,18,17,18,19,19,20,18,18,19,20,19,22,23,22,21,19,21,22,23,21,22,22,23,22,21,23,25,25,23,17
0.1,0.8,180,7,11,15,17,18,18,19,20,18,19,19,20,20,21,20,21,20,20,19,19,19,19,19,20,20,19,20,20,19,19,19,18,18,18,18,17,18,24,24,18,18,18,18,17,17,16,17,18,19,20,18,19,19,21,20,20,17,17,19,17,18,18,19,19,19,19,19,19,18,19,19,19,20,19,21,22,20,22,22,23,22,22,20,20,19,19,19,19,20,21,21,21,22,24,23,24,26,28,25,25,27,26,24,24,25,24,25,25,21
0.15,0.8,180,9,12,15,19,19,20,24,26,25,26,28,27,23,22,21,22,22,23,23,22,22,22,23,27,22,21,21,21,21,20,21,20,20,20,20,21,20,20,19,20,19,19,20,20,20,19,19,19,18,19,18,19,19,18,20,19,18,22,21,22,22,22,22,21,21,19,19,21,21,20,22,21,22,23,23,22,24,22,21,21,22,20,20,21,22,22,23,22,24,23,24,23,27,27,28,28,28,27,28,28,29,27,28,28,27,28,27,28,23
0.2,0.8,180,3,13,17,18,20,20,20,20,22,22,22,22,22,23,23,25,22,22,23,22,22,22,22,22,22,22,22,22,22,21,21,21,21,20,20,20,20,20,20,20,20,20,20,20,19,20,20,20,20,20,20,19,20,19,19,19,18,19,18,18,19,19,18,18,20,20,21,20,20,21,22,25,25,25,24,23,22,23,25,25,23,22,22,23,22,25,24,22,23,24,22,19,21,20,21,21,22,21,24,24,25,26,27,28,27,26,27,27,26
0.25,0.8,180,5,11,14,15,17,18,19,20,20,20,20,20,20,21,21,21,21,21,21,21,21,21,21,21,21,20,19,20,19,19,19,19,20,20,20,19,20,19,19,19,19,19,19,19,19,19,19,19,19,19,19,20,19,19,19,19,19,20,21,20,21,19,19,19,20,20,20,20,21,19,18,19,19,19,18,18,18,19,20,19,19,18,20,19,19,19,19,20,19,20,20,21,21,22,22,21,21,21,22,22,22,22,23,23,22,23,25,25,20
0.3,0.8,180,4,14,17,16,17,18,19,20,20,20,20,20,21,21,20,21,21,20,21,21,20,21,21,21,20,21,20,20,20,20,20,19,19,19,19,20,20,20,19,19,19,19,19,19,19,20,19,19,19,19,18,19,19,19,19,19,19,19,20,20,19,21,20,20,19,19,19,19,19,19,18,18,18,17,17,17,17,17,18,18,17,18,18,18,18,19,18,20,20,19,20,21,21,21,21,21,21,21,22,22,22,22,23,22,23,23,23,23,18
0.35,0.8,180,0,9,12,14,15,17,18,19,20,21,21,20,20,21,22,21,21,22,22,21,22,22,21,21,21,21,21,21,21,21,20,19,20,20,20,20,20,20,19,19,19,19,20,20,19,20,19,19,19,20,19,19,19,19,19,19,20,19,18,17,18,20,18,18,18,19,20,20,19,18,19,19,19,19,18,18,19,18,18,18,18,17,18,18,17,18,17,17,18,19,19,21,21,21,20,20,21,21,21,21,21,21,23,22,22,22,24,25,22
0.4,0.8,180,2,9,13,15,17,17,18,18,20,20,19,20,21,21,21,21,25,22,21,22,21,22,22,22,21,21,22,20,20,21,21,20,20,20,20,20,20,20,20,21,20,20,20,21,20,19,20,20,20,20,20,19,19,19,18,19,19,19,19,19,19,18,19,18,18,18,18,19,19,19,18,17,17,18,18,18,18,20,21,21,22,19,18,24,21,20,20,22,22,20,19,20,20,20,21,21,21,21,21,21,22,22,23,22,23,23,23,23,22
0.45,0.8,180,7,13,14,17,19,20,19,20,21,21,21,21,21,21,21,22,22,23,24,24,23,22,23,22,22,20,21,22,24,31,30,23,22,22,21,20,22,22,21,21,21,20,21,20,20,20,19,19,19,19,18,19,19,19,19,21,21,21,20,18,19,18,18,17,18,18,17,18,16,17,18,19,19,19,20,20,20,19,20,20,20,21,23,25,24,24,18,20,22,22,23,22,22,24,24,24,25,24,25,25,26,26,26,26,27,26,27,27,25
0.5,0.8,180,0,10,13,15,17,17,17,18,19,20,19,20,20,20,21,22,21,21,21,22,23,23,24,24,24,24,23,24,24,24,24,24,23,23,22,22,22,22,24,27,27,25,26,27,27,29,27,28,27,26,24,25,24,23,24,24,23,23,23,22,23,22,21,20,18,20,23,24,25,24,23,23,24,23,23,22,21,22,23,24,24,27,30,31,33,33,33,34,31,30,31,31,29,24,27,26,30,32,34,32,30,31,31,28,28,29,29,30,29
1.1,0.8,180,9,12,13,14,13,14,14,16,15,15,15,14,15,14,14,13,13,16,19,20,22,24,14,13,15,15,15,13,13,13,16,18,18,19,20,20,22,22,23,23,22,21,17,12,14,12,11,18,19,18,17,18,15,16,15,17,15,16,17,18,19,18,17,16,16,15,14,20,16,15,14,15,14,16,15,16,17,15,15,13,17,22,24,25,22,16,16,17,16,16,15,19,19,19,18,19,19,20,21,22,24,24,26,26,26,24,23,23,17
1.15,0.8,180,7,10,13,13,15,16,16,17,17,18,17,17,18,17,17,17,16,17,16,16,16,16,16,16,15,16,15,15,15,15,14,15,14,15,15,14,15,16,20,24,22,23,21,19,16,16,16,16,16,16,16,17,17,16,16,16,16,17,16,16,16,16,16,16,15,16,14,14,13,13,13,13,14,16,16,16,16,15,18,19,19,20,20,19,19,19,19,19,20,20,20,20,22,20,21,21,22,22,22,22,21,22,22,22,23,23,25,25,20
1.2,0.8,180,12,14,16,18,19,19,20,20,19,20,21,21,21,21,21,22,21,22,21,21,20,20,20,20,20,19,19,18,18,18,18,18,17,19,18,17,18,18,18,18,18,18,18,18,18,18,18,19,19,19,19,19,19,20,19,19,19,18,18,20,18,18,18,19,19,19,19,20,20,20,21,19,21,19,19,19,19,19,19,21,21,25,26,22,23,23,23,23,23,23,24,23,23,24,23,22,21,21,23,23,23,24,23,24,24,25,26,24,20
1.25,0.8,180,3,10,14,16,18,19,19,19,20,20,21,21,23,22,22,24,25,27,29,29,25,24,24,22,21,21,21,21,21,21,21,20,20,21,20,21,20,20,20,20,21,21,20,21,20,20,20,20,20,21,21,21,21,21,22,25,23,23,23,23,23,22,23,23,21,21,22,21,22,22,23,21,22,22,21,20,19,18,20,21,21,19,21,27,28,23,25,25,26,26,30,30,30,31,34,31,31,32,31,31,32,31,29,27,29,27,29,28,25
1.3,0.8,180,3,14,16,18,18,20,20,20,21,20,21,22,21,23,22,23,25,24,25,24,24,25,25,25,26,25,24,25,24,22,22,23,23,21,22,23,25,24,23,23,24,23,22,23,23,24,24,23,22,22,22,23,23,23,24,23,22,22,23,23,23,24,23,22,23,23,23,23,23,23,22,22,23,23,25,26,31,33,35,31,29,30,29,29,31,22,23,25,24,25,26,25,23,24,25,25,25,24,26,27,26,27,30,30,29,27,26,27,23
1.8,0.8,180,9,22,16,15,18,18,18,17,20,23,25,27,30,28,29,26,27,29,27,31,31,27,24,26,24,21,18,20,21,22,23,21,21,21,18,17,17,18,16,16,16,15,15,15,15,18,15,14,14,14,15,15,13,17,16,18,17,19,21,23,24,27,28,29,29,27,24,26,25,23,24,24,22,22,23,25,27,27,28,27,28,26,28,28,28,24,23,21,23,22,22,25,23,24,25,25,25,25,28,27,28,30,32,32,30,30,30,29,27
1.85,0.8,180,9,16,16,17,18,19,18,20,20,20,20,20,21,22,22,21,21,21,21,21,20,20,21,21,21,20,20,19,18,19,19,19,19,19,18,19,19,18,19,19,18,18,18,18,18,17,18,17,17,17,17,18,19,18,18,19,18,18,18,18,18,20,19,18,19,19,19,20,20,26,29,31,28,27,27,24,23,22,23,22,21,21,20,21,22,20,23,28,22,20,19,18,18,18,20,20,21,22,21,21,22,23,24,24,24,25,26,24,22
1.9,0.8,180,13,15,16,18,18,18,21,23,24,23,24,24,24,25,25,24,23,23,24,24,23,26,29,29,27,24,23,24,24,24,23,21,21,23,22,21,20,20,21,21,21,21,21,21,23,22,22,22,22,21,21,21,22,22,21,21,20,20,21,20,21,21,19,21,21,21,20,20,20,20,19,21,22,22,20,20,21,22,25,26,27,26,26,26,27,28,27,27,27,26,25,24,24,27,26,26,25,25,27,27,30,31,29,27,29,30,31,27,21
2.15,0.8,180,0,0,2,8,11,12,15,17,27,16,17,17,17,19,24,26,25,24,20,17,18,19,19,21,21,24,23,23,20,24,18,16,17,22,23,24,25,26,25,25,24,25,22,20,16,24,25,26,26,28,29,28,25,25,25,21,19,19,19,21,22,23,20,23,23,25,24,20,17,14,14,17,16,17,18,22,22,23,21,22,21,18,17,19,19,18,18,17,19,20,21,22,21,21,21,22,23,23,23,22,24,24,22,23,23,23,19,19,18
2.2,0.8,180,14,17,17,19,19,19,20,20,21,21,21,21,21,21,21,20,21,20,20,19,20,20,19,19,19,19,19,18,18,19,18,19,19,19,17,17,17,16,14,17,19,21,22,26,21,20,20,20,19,20,18,18,17,15,15,15,14,15,15,15,14,15,15,15,17,15,15,16,19,20,18,16,16,17,17,17,18,17,17,18,17,19,19,19,19,20,19,20,20,21,21,21,21,22,22,22,24,24,24,26,28,27,26,27,28,28,24,21,22
2.25,0.8,180,16,17,18,19,20,20,20,20,20,21,20,20,20,20,20,21,20,20,20,20,19,19,19,19,19,19,19,18,18,18,18,18,19,18,19,19,17,18,17,17,17,16,16,16,15,16,15,15,14,15,15,16,16,15,16,16,17,16,18,18,17,17,18,17,17,18,18,18,18,18,18,18,18,19,19,20,19,20,20,20,21,22,21,21,21,21,21,25,24,25,23,22,21,22,22,22,23,23,23,25,27,25,26,27,27,27,23,20,20
2.3,0.8,180,15,17,18,19,19,19,19,20,19,20,21,21,22,22,21,21,21,21,20,21,21,21,20,21,20,20,20,20,19,19,19,20,19,19,19,19,19,18,18,18,18,17,17,17,17,17,17,18,17,17,17,17,17,17,17,16,17,18,19,19,18,19,18,18,19,19,20,19,19,20,19,20,20,20,20,22,20,20,20,20,20,20,19,24,28,28,29,28,28,27,25,25,25,23,27,27,26,27,29,29,28,28,28,28,29,30,23,19,19
2.35,0.8,180,15,16,19,20,20,19,20,20,21,22,22,22,21,21,21,21,22,22,22,22,22,21,21,21,21,21,24,21,21,20,20,19,19,20,20,19,19,19,19,19,20,20,19,20,21,29,20,21,20,21,21,21,19,19,19,21,25,21,20,20,20,21,20,21,20,20,21,20,20,21,21,21,23,24,23,24,22,22,23,22,21,21,22,23,25,25,25,24,25,22,21,21,22,23,23,24,22,22,26,27,27,26,26,26,26,24,23,20,19
2.4,0.8,180,13,17,18,18,20,20,22,22,22,23,23,23,22,25,25,23,23,22,22,22,22,21,21,21,21,20,20,20,21,21,20,20,20,21,19,19,21,21,20,21,20,20,20,19,19,20,20,21,20,20,20,20,21,22,21,21,20,21,20,21,21,19,21,21,21,21,21,21,20,20,22,22,20,21,21,22,22,22,22,22,22,22,21,21,21,21,20,22,22,21,22,22,22,22,22,22,23,23,23,25,23,24,24,25,24,25,22,20,19
2.45,0.8,180,17,18,19,20,21,21,22,22,22,21,22,23,23,24,27,28,28,27,26,25,23,23,22,22,22,23,25,24,25,23,24,25,25,28,31,31,31,30,27,22,22,22,22,23,24,23,23,23,20,21,21,21,20,20,20,20,18,19,19,20,24,23,20,21,20,22,21,21,21,21,20,20,22,22,24,22,21,20,20,22,20,22,20,23,22,22,23,24,24,25,26,26,26,26,26,27,28,30,30,30,31,31,32,33,31,33,31,23,22
2.5,0.8,180,13,15,18,19,21,23,22,22,22,23,24,25,24,26,26,24,24,24,23,23,22,22,23,21,22,22,22,22,21,22,20,20,20,23,22,21,22,22,22,22,21,22,21,22,21,22,23,25,28,25,28,22,21,24,20,21,21,21,21,20,19,19,18,19,19,18,20,20,27,25,22,22,23,21,22,23,23,22,21,21,21,24,24,23,23,23,23,24,28,28,28,27,28,28,26,27,28,26,29,31,31,31,31,31,33,32,31,24,22
2.55,0.8,180,16,17,18,19,20,20,20,21,22,22,23,23,23,23,23,24,24,24,26,25,26,24,24,24,24,24,24,26,24,24,24,24,24,22,22,25,28,24,22,29,28,26,22,22,29,32,24,23,24,27,28,28,28,29,30,34,34,31,30,34,32,32,32,32,28,26,31,32,33,35,34,35,32,32,32,30,29,28,25,24,24,27,33,31,27,24,25,27,28,29,33,32,34,35,33,33,28,25,26,26,26,25,29,32,34,29,26,20,18
2.6,0.8,180,15,17,18,19,20,20,21,22,22,21,22,23,21,21,21,22,23,22,23,22,22,22,21,23,23,23,23,22,24,23,23,22,23,21,23,23,24,22,22,22,20,23,24,23,22,22,20,20,21,28,29,23,21,21,23,24,25,25,25,24,19,20,19,18,18,18,20,21,24,21,20,19,19,19,19,19,19,19,21,21,21,21,18,21,23,21,22,21,18,18,19,22,25,27,26,27,28,29,28,29,30,27,27,29,29,29,30,24,23
2.65,0.8,180,13,16,17,18,19,20,21,20,20,21,21,22,22,22,23,22,22,23,23,22,23,23,23,22,22,21,21,21,21,21,21,21,20,22,20,21,21,21,21,21,21,21,20,20,19,20,19,20,20,19,19,20,19,19,19,19,18,19,19,20,21,21,22,21,20,19,19,18,18,18,18,18,19,20,19,19,19,19,20,19,21,20,20,20,21,21,21,21,19,19,20,20,21,20,20,20,20,20,20,20,22,22,22,24,25,26,27,20,17
2.7,0.8,180,14,16,18,19,19,19,20,20,21,21,21,21,20,21,22,21,21,21,21,21,21,20,25,26,22,20,21,20,20,20,20,19,19,19,19,19,18,18,19,19,18,19,19,19,18,19,19,19,19,19,20,20,20,18,18,18,18,18,18,18,18,19,18,18,18,18,17,17,18,18,20,21,20,20,20,20,19,20,21,21,21,21,21,20,21,19,20,19,19,19,19,19,19,20,20,20,20,21,21,22,24,25,25,26,25,27,26,21,19
2.75,0.8,180,16,18,19,19,20,20,21,21,21,20,20,21,22,22,22,22,23,21,21,21,20,20,21,20,19,20,19,20,20,21,22,19,19,19,19,18,18,19,18,18,18,18,18,19,18,18,19,19,18,18,19,20,19,18,18,17,17,17,18,18,18,19,19,18,18,18,17,17,17,17,17,17,17,18,18,16,17,22,23,22,24,22,24,24,22,22,23,22,22,20,19,19,20,19,19,19,20,20,23,23,24,25,27,26,26,27,25,22,19
2.8,0.8,180,12,14,16,18,19,20,21,20,21,21,21,22,21,21,22,22,22,21,22,22,22,21,21,20,20,20,20,20,20,20,20,22,25,27,27,30,27,27,23,21,21,20,19,19,19,18,19,20,19,19,20,19,19,19,19,18,18,18,18,18,19,19,19,19,19,19,19,19,19,19,19,19,19,18,18,18,17,17,18,18,18,17,18,19,20,19,19,19,20,20,22,21,21,23,23,23,24,24,25,26,26,27,28,28,28,26,26,23,20
2.85,0.8,180,15,16,18,18,18,18,20,20,21,22,22,22,22,23,23,22,21,22,22,22,21,21,21,21,21,22,21,20,21,21,21,21,20,20,20,20,20,20,20,19,19,19,22,25,27,27,27,30,30,28,25,24,21,20,20,20,20,21,20,19,20,19,19,19,18,18,19,19,19,21,21,21,21,21,26,31,26,23,23,25,25,20,21,21,22,22,22,23,22,23,23,23,23,24,25,25,25,26,26,26,27,27,27,27,28,29,28,23,21
2.9,0.8,180,15,18,19,20,20,20,20,20,19,21,22,22,24,23,23,23,24,23,23,23,23,22,22,22,23,23,22,23,22,23,22,22,21,21,21,22,22,22,21,20,21,20,20,21,21,21,22,21,22,26,20,19,19,20,19,19,19,18,17,18,18,18,18,19,19,19,19,19,20,20,21,21,21,21,22,21,21,24,22,23,24,24,24,24,24,25,22,23,23,24,26,24,23,25,26,26,27,27,26,27,28,27,28,30,31,31,30,26,22
2.95,0.8,180,15,19,19,19,20,21,21,22,22,21,22,23,23,23,23,23,23,23,22,21,21,22,22,22,23,23,24,23,21,22,22,21,21,22,22,22,23,22,23,22,22,23,23,23,23,23,22,22,22,23,23,22,22,21,22,23,24,24,22,22,23,24,23,21,21,21,21,21,20,19,20,22,23,25,27,27,26,28,25,26,26,25,23,23,23,23,24,27,23,23,23,22,23,24,23,24,25,25,25,25,27,29,29,29,29,30,30,29,23
3,0.8,180,16,18,20,21,21,22,22,23,23,23,23,25,25,27,26,24,24,25,23,24,23,23,24,24,25,24,24,24,23,25,26,28,29,28,27,28,28,26,26,27,27,25,25,26,26,27,24,26,25,25,27,26,28,26,30,30,28,28,28,29,26,28,27,26,26,27,27,32,27,28,29,29,29,32,33,34,33,33,33,32,29,30,30,27,25,24,23,22,23,24,27,25,25,26,24,26,26,28,25,27,31,26,24,26,28,28,29,25,21
3.05,0.8,180,16,17,19,19,19,19,19,21,21,21,21,22,21,21,19,20,20,20,21,21,22,22,23,23,22,22,23,21,21,21,22,20,20,20,22,23,23,23,23,24,22,22,21,21,20,20,21,20,20,21,21,21,21,21,20,21,20,21,20,20,20,21,21,20,19,20,19,18,18,18,19,19,19,19,19,19,20,21,20,20,20,21,21,22,21,22,21,21,21,19,19,18,19,19,21,21,23,21,23,23,25,26,25,25,26,26,27,20,18
3.1,0.8,180,13,16,17,19,20,20,21,20,20,20,22,20,21,22,21,21,21,21,21,20,20,19,20,19,19,19,19,19,20,19,19,19,19,19,18,18,19,19,20,18,18,19,20,20,19,18,19,19,19,18,18,18,18,19,18,18,18,18,18,19,19,20,20,19,20,18,18,18,19,19,18,18,19,18,17,18,19,19,19,20,20,20,20,19,19,20,19,18,18,18,19,19,21,20,20,20,20,21,23,23,23,24,24,25,25,25,25,25,19
3.15,0.8,180,14,16,17,18,19,19,20,20,19,20,20,20,21,21,19,20,20,19,19,19,20,20,19,19,18,19,18,19,18,17,17,17,18,17,17,17,17,17,17,17,17,16,17,17,17,18,18,18,18,17,18,18,17,16,17,20,17,18,18,17,17,19,19,18,18,18,18,19,19,18,17,18,18,18,18,17,18,18,18,18,18,17,18,17,18,17,17,18,18,18,18,18,18,19,19,19,19,19,22,21,22,22,22,22,23,23,22,21,16
3.2,0.8,180,13,16,17,17,18,18,18,19,19,19,20,20,21,20,21,21,20,21,20,19,19,18,18,18,18,18,17,18,17,17,17,17,18,18,18,17,18,18,17,17,17,17,17,17,18,17,17,17,17,16,17,17,17,20,24,17,16,16,17,18,18,18,18,18,19,18,18,18,19,18,17,18,18,18,18,18,18,19,19,19,19,20,22,19,22,22,22,21,19,19,19,20,20,21,21,22,22,24,23,24,25,23,25,25,25,26,26,23,21
3.25,0.8,180,13,16,17,18,18,18,19,20,20,21,20,21,22,22,21,22,22,21,22,22,21,21,20,20,20,20,20,19,20,20,19,19,19,18,19,18,18,19,18,18,19,18,20,19,18,18,19,18,18,19,18,18,18,18,18,18,18,18,18,18,18,18,19,18,19,18,18,19,18,19,19,19,20,20,19,20,19,20,20,20,20,20,20,20,20,19,19,18,18,19,20,19,20,20,20,20,20,22,25,28,29,32,31,31,27,29,32,34,29
3.3,0.8,180,13,16,18,19,19,21,22,22,22,23,23,23,24,23,24,23,23,24,23,24,24,23,23,23,22,22,21,22,22,22,21,21,21,21,21,21,21,22,22,22,22,21,21,20,20,19,19,20,22,20,20,21,21,20,20,20,20,20,20,19,18,17,17,18,19,26,26,24,21,24,21,21,22,21,20,21,22,21,22,22,23,22,22,23,23,23,23,22,21,21,22,22,23,24,25,26,25,26,25,26,27,27,28,29,30,30,29,27,25
3.35,0.8,180,15,17,19,20,20,21,22,22,22,23,23,23,24,24,24,25,24,24,24,24,24,23,23,23,23,24,23,23,24,23,24,23,23,23,23,23,23,24,23,22,21,21,21,20,20,19,20,20,19,20,19,20,20,20,19,19,19,19,20,20,20,20,19,20,20,19,18,19,19,19,20,20,21,20,20,20,19,19,20,21,21,22,23,23,23,23,23,23,23,28,31,30,30,30,30,30,29,28,28,26,27,27,28,29,30,29,30,28,24
3.4,0.8,180,13,17,18,21,21,23,24,23,24,25,26,26,27,27,27,27,26,27,27,27,26,25,25,26,26,25,25,25,25,25,25,25,24,25,24,24,25,25,24,23,24,23,23,21,24,26,26,25,25,26,26,25,24,24,25,22,22,23,23,23,22,23,20,0,0,0,0,0,0,0,0,0,0,0,0,0,0,0,0,0,0,0,0,0,0,0,0,0,0,0,0,0,0,0,0,0,0,0,0,0,0,0,0,0,0,0,0,0,0
0.05,0.85,180,12,15,16,17,16,17,19,19,21,24,28,22,20,20,21,21,20,21,21,23,25,26,27,28,26,24,20,20,19,19,19,18,18,18,18,17,17,17,17,17,18,18,17,18,19,18,16,15,17,15,17,20,19,23,22,24,22,23,23,22,22,25,24,19,15,14,13,14,15,14,14,18,17,18,18,17,18,21,22,18,16,17,17,16,18,19,18,19,20,22,22,20,18,20,18,19,21,22,24,22,24,23,23,23,22,23,22,18,15
0.1,0.85,180,9,12,15,15,17,17,18,19,19,19,19,19,19,19,20,21,21,20,20,21,21,22,21,21,22,22,21,24,25,25,24,23,20,19,20,19,20,18,18,18,18,18,17,18,22,19,20,19,15,15,16,16,16,16,18,19,18,18,16,19,19,19,20,20,19,17,17,18,17,17,18,16,17,17,18,20,17,18,19,18,20,20,22,25,25,21,21,22,22,22,22,22,25,23,23,24,24,22,23,25,26,29,29,30,30,31,32,32,30
0.15,0.85,180,11,18,18,18,18,20,22,20,21,21,22,21,21,21,21,22,22,22,22,21,21,20,21,21,21,21,21,21,20,19,20,20,19,20,19,19,19,19,19,19,19,18,19,18,18,18,19,18,18,18,18,20,19,18,17,19,20,20,19,19,20,19,19,18,19,19,19,19,19,20,22,26,26,28,29,28,24,24,22,20,20,19,20,22,20,22,23,22,24,21,23,23,23,24,27,29,29,30,30,32,33,35,35,37,37,38,38,36,30
0.2,0.85,180,2,11,15,17,18,19,20,20,21,21,21,21,22,24,22,21,21,21,21,21,21,21,21,21,21,20,20,20,20,20,20,18,20,20,20,20,20,20,20,18,18,18,18,18,19,19,18,18,19,19,18,18,18,18,19,22,19,20,20,20,20,21,20,19,21,22,23,23,23,25,25,26,26,25,23,26,25,26,27,27,26,22,21,21,22,22,21,25,26,27,27,24,26,27,26,27,26,26,27,28,28,30,28,27,28,27,27,27,25
0.25,0.85,180,7,13,14,15,18,17,19,19,20,20,20,21,21,21,21,22,22,22,22,22,22,22,23,24,24,25,26,28,26,26,25,25,25,23,22,19,19,19,19,19,19,19,19,19,19,19,19,19,19,19,19,19,19,19,19,19,19,19,19,19,18,20,22,22,20,18,19,19,21,21,23,24,25,25,24,24,24,19,20,20,19,20,20,20,20,20,20,20,20,20,20,22,23,23,24,24,24,26,28,29,25,25,25,26,26,27,27,25,19
0.3,0.85,180,9,13,15,17,19,18,20,20,20,21,21,21,22,22,22,22,22,22,22,21,22,21,21,20,21,21,21,20,20,19,19,20,19,18,19,19,19,19,19,19,19,19,18,18,19,19,20,18,18,18,19,19,18,19,19,18,18,18,18,18,18,17,18,18,17,18,18,17,18,18,18,18,20,20,18,18,18,17,17,18,18,19,18,18,18,18,19,19,19,19,19,18,20,20,19,21,21,21,21,21,20,20,21,21,21,22,22,20,16
0.35,0.85,180,3,11,13,15,16,17,18,18,20,20,20,21,21,20,21,21,21,22,22,27,29,26,22,21,21,21,20,21,20,21,21,20,19,20,20,20,20,20,20,20,19,20,20,19,19,19,19,19,20,19,19,20,19,18,19,19,19,19,20,20,19,18,19,19,18,19,18,18,18,17,17,19,18,17,18,18,18,19,18,17,17,16,17,17,17,17,18,17,18,18,18,19,18,19,19,19,19,20,19,19,19,20,18,18,18,20,21,21,18
0.4,0.85,180,7,12,15,17,18,19,20,21,22,22,21,23,22,22,21,21,23,22,23,23,23,22,23,22,23,23,22,22,21,21,21,20,21,20,20,20,20,20,21,20,21,20,19,19,19,20,20,19,20,22,20,19,19,19,19,20,20,20,20,22,22,19,18,20,19,19,20,20,19,18,19,20,22,23,25,26,28,29,27,24,23,24,24,22,20,17,17,18,19,19,20,21,20,20,20,19,19,20,20,21,20,21,21,22,24,26,25,25,25
0.45,0.85,180,10,12,15,18,19,20,22,22,23,23,24,24,23,24,24,24,24,24,24,24,24,23,24,23,23,22,25,24,25,24,25,26,26,25,24,28,24,24,24,24,26,27,29,31,31,32,30,31,34,24,23,24,22,21,22,21,20,22,21,21,22,22,22,21,21,19,19,19,19,22,22,22,21,20,21,19,19,20,20,20,20,21,19,19,20,20,20,19,18,18,19,20,20,24,28,29,28,26,26,25,24,24,26,27,27,27,28,28,24
0.5,0.85,180,0,10,14,17,19,21,22,22,25,25,23,23,24,25,25,23,26,24,26,27,26,26,25,26,27,29,27,25,27,24,24,26,24,24,24,25,25,25,25,25,25,25,25,25,25,24,25,25,25,24,25,24,24,23,23,22,22,22,22,21,22,21,22,22,22,21,19,19,21,20,19,19,21,21,21,20,21,20,21,20,21,20,22,22,21,22,22,22,20,21,23,25,24,26,24,25,26,24,26,26,27,29,29,28,30,33,31,31,29
1.1,0.85,180,11,12,16,17,15,18,19,19,20,20,19,21,22,20,18,19,19,20,19,19,20,19,19,17,17,19,20,17,16,15,16,18,19,19,18,18,18,17,16,17,17,15,14,14,15,15,14,14,16,15,16,17,17,17,17,17,16,16,15,16,17,18,18,19,18,18,22,20,19,19,18,18,21,21,23,24,26,27,28,29,27,25,25,18,19,19,17,18,16,18,17,18,18,19,19,20,22,21,24,25,22,22,22,23,22,24,25,23,19
1.15,0.85,180,9,11,14,16,17,18,19,19,20,20,19,20,20,21,21,20,20,20,20,19,19,19,19,19,19,18,18,17,17,17,16,17,16,17,17,17,16,17,16,16,16,17,17,16,16,16,15,16,17,17,15,16,16,16,16,15,16,16,17,17,16,16,16,16,16,16,15,16,16,16,15,16,15,16,16,17,18,16,18,17,17,18,18,18,19,20,19,20,22,22,20,20,20,20,21,19,19,20,21,21,21,21,23,23,25,24,24,23,20
1.2,0.85,180,13,17,16,17,19,19,21,22,22,22,23,22,23,23,25,23,22,22,22,23,21,21,21,21,20,20,19,20,18,19,19,18,19,18,17,17,18,17,18,17,17,18,17,18,17,18,18,18,18,18,18,18,18,19,19,19,20,22,23,25,27,28,29,27,27,24,19,20,20,19,21,22,22,21,20,21,21,21,21,19,17,20,21,21,21,23,22,23,23,23,23,22,24,25,23,23,24,25,27,25,27,27,30,30,31,32,33,32,30
1.25,0.85,180,9,12,17,18,18,20,19,20,20,21,21,20,22,22,22,23,27,31,32,33,30,25,23,24,23,23,22,22,22,21,22,20,21,21,21,20,21,21,21,21,21,20,21,20,21,21,21,20,21,21,20,20,20,21,20,20,21,21,21,20,20,20,19,18,19,20,20,20,21,20,19,20,18,19,19,20,20,22,27,22,24,24,22,21,23,23,23,25,23,25,25,24,23,22,23,25,26,26,26,27,26,26,28,27,27,27,29,30,25
1.3,0.85,180,13,16,18,20,20,22,21,21,22,23,24,26,25,25,24,26,25,25,24,25,25,25,23,24,25,25,25,23,22,22,24,23,23,23,23,24,31,31,24,23,23,22,22,21,23,23,22,23,22,23,22,21,23,22,22,23,22,23,23,22,23,25,24,24,24,24,24,24,25,25,24,23,23,22,23,22,23,24,24,24,23,23,27,26,25,24,26,26,30,27,25,25,24,25,25,23,25,24,30,30,32,32,33,35,34,34,33,35,31
1.8,0.85,180,11,13,14,17,15,17,16,18,20,20,20,20,21,20,21,20,19,19,19,19,19,19,20,20,19,18,17,16,18,20,22,18,14,20,20,20,20,16,13,13,13,16,13,17,18,18,16,15,14,15,16,17,13,17,19,21,22,18,19,20,17,18,17,16,18,18,14,15,15,14,16,16,18,20,17,17,19,19,21,21,20,18,16,17,18,17,18,18,17,19,20,18,19,21,21,23,25,25,23,22,23,26,24,25,23,23,25,24,19
1.85,0.85,180,12,14,19,22,24,24,19,20,21,21,20,21,21,21,22,22,22,22,21,21,20,21,22,20,20,20,20,20,19,19,18,17,17,17,17,17,17,17,23,27,22,18,18,18,18,18,18,19,18,18,18,18,18,17,17,16,17,16,16,16,17,20,22,21,19,21,17,18,18,18,18,18,16,17,17,20,23,24,24,25,24,18,21,19,19,21,24,25,25,26,25,23,23,24,24,25,25,23,22,21,21,22,23,24,24,24,24,21,18
1.9,0.85,180,15,27,30,34,35,25,24,24,22,22,22,23,23,23,22,23,23,28,36,24,24,24,23,24,23,24,24,23,21,22,24,24,24,24,23,24,23,21,21,20,22,23,21,22,23,22,21,21,22,21,20,21,20,20,19,19,21,21,22,21,19,20,19,20,20,19,20,25,27,27,26,27,25,22,21,22,21,22,20,21,25,23,24,25,27,26,25,26,26,26,26,23,22,22,23,23,25,25,24,24,23,22,23,23,25,24,23,20,17
2.15,0.85,180,22,21,19,22,21,22,21,22,24,24,24,28,27,26,27,26,26,24,21,23,20,21,20,20,19,19,17,18,18,17,17,17,25,26,25,28,26,19,18,25,24,19,19,24,22,20,25,25,25,26,25,26,24,25,24,20,21,24,24,26,26,24,24,30,30,18,17,20,18,20,26,28,25,26,24,24,23,20,17,17,18,18,20,18,18,18,19,19,19,19,19,20,21,22,23,23,23,23,22,24,25,26,25,23,24,23,18,12,8
2.2,0.85,180,15,16,16,18,20,19,19,19,19,20,19,20,20,20,20,19,20,19,20,20,20,20,20,20,20,19,20,20,20,20,19,20,21,20,21,19,19,20,19,19,18,18,17,17,16,16,16,15,13,14,15,14,15,16,18,18,17,14,14,14,14,15,15,14,15,14,15,15,15,15,15,20,22,18,25,21,23,21,20,19,17,18,17,19,19,19,19,20,20,20,20,20,21,21,21,21,24,25,25,24,25,23,24,25,23,25,22,18,17
2.25,0.85,180,15,17,18,18,19,20,22,21,20,20,21,21,21,21,21,21,21,21,21,20,20,20,20,20,20,19,19,18,18,19,19,19,19,19,19,18,18,18,18,18,18,17,17,18,20,21,20,20,17,16,15,15,15,15,15,15,18,21,23,24,15,22,23,23,28,32,32,30,21,17,16,15,17,17,17,18,18,19,19,18,20,19,19,18,18,19,20,20,20,21,20,21,21,23,23,23,23,24,22,22,23,24,26,27,25,30,29,25,23
2.3,0.85,180,15,19,19,19,20,21,21,21,20,21,21,22,21,22,21,21,21,21,21,21,21,20,21,20,20,20,20,19,21,24,28,28,28,27,25,23,21,18,18,18,17,17,17,17,17,17,17,17,17,16,17,16,16,17,17,17,17,17,16,17,16,16,16,15,15,16,19,19,19,17,17,18,18,17,18,17,18,18,19,19,19,18,18,18,20,22,21,22,22,24,24,24,28,29,30,31,32,34,35,32,33,34,31,31,29,27,22,20,17
2.35,0.85,180,15,17,19,22,25,27,27,24,21,21,22,21,22,22,22,22,22,22,22,20,20,21,21,21,22,22,24,22,22,22,22,22,21,23,24,29,30,29,30,31,27,23,21,21,21,21,19,19,19,19,18,19,19,18,18,17,19,19,18,18,19,19,20,20,20,19,19,19,20,18,20,18,17,20,21,21,21,22,22,21,22,22,22,21,21,23,23,23,23,25,24,23,25,27,26,27,28,29,29,28,28,29,29,30,32,33,33,32,28
2.4,0.85,180,15,17,19,20,19,21,20,22,22,22,21,22,20,22,22,22,23,22,22,23,23,22,21,21,22,21,21,21,20,20,20,20,20,21,20,19,20,21,20,20,20,20,20,18,19,19,19,19,20,20,20,20,20,20,20,20,19,19,18,19,18,20,19,20,20,21,20,20,21,22,26,27,29,32,33,29,27,25,22,21,22,23,24,28,31,31,27,29,28,23,24,25,26,26,27,30,29,29,31,32,33,34,33,32,30,31,28,26,25
2.45,0.85,180,15,18,19,20,20,22,22,22,22,23,23,22,23,23,22,22,22,23,22,22,22,22,22,21,22,21,22,21,22,21,21,21,20,21,21,20,21,20,20,21,21,21,20,20,21,21,21,21,21,21,21,20,19,20,20,20,20,20,21,21,21,21,21,21,21,21,20,20,21,21,21,21,21,21,22,23,22,23,22,21,21,23,22,22,23,21,24,21,24,25,26,26,25,26,26,27,28,28,28,27,27,28,30,29,30,30,26,22,18
2.5,0.85,180,14,16,20,20,19,21,21,21,22,23,23,24,24,24,24,23,23,23,23,23,23,23,23,22,21,21,21,22,22,21,21,21,21,21,24,23,23,21,20,21,25,23,27,27,28,32,30,25,21,22,22,25,24,28,31,26,27,29,28,29,29,28,30,30,30,30,30,28,25,23,22,21,22,21,21,20,22,24,25,24,26,28,29,31,31,32,31,31,33,35,33,31,32,36,41,45,39,38,39,36,38,37,38,38,41,43,43,38,31
2.55,0.85,180,16,18,18,20,20,22,22,22,23,22,22,23,22,22,22,23,22,22,24,24,25,25,26,25,25,25,26,24,23,24,23,23,23,23,23,22,21,21,21,20,20,21,27,24,21,22,24,28,28,27,26,29,24,23,23,23,23,22,22,27,24,32,29,21,24,29,30,31,32,30,30,30,32,33,34,33,33,34,36,36,36,36,34,30,27,25,25,26,25,25,25,26,26,27,26,22,25,23,24,24,25,25,25,28,27,28,23,18,16
2.6,0.85,180,17,19,19,21,21,20,20,22,23,24,24,24,24,24,24,24,24,24,24,23,23,23,23,22,22,24,23,23,23,22,23,23,21,21,21,21,21,22,23,22,23,23,23,23,21,21,22,24,25,24,24,22,19,20,25,27,24,22,19,19,19,22,21,23,20,19,19,19,20,19,20,19,18,19,19,19,19,19,19,19,19,20,20,20,19,19,19,20,23,21,21,21,21,21,22,22,23,22,23,23,24,24,25,25,25,25,23,19,16
2.65,0.85,180,13,16,18,19,20,21,21,21,21,22,23,23,23,23,23,23,24,24,23,23,23,23,22,21,22,22,22,21,21,23,22,22,21,22,21,22,21,22,22,20,19,20,20,20,20,20,21,20,20,21,20,21,20,23,22,21,21,21,20,20,20,19,19,19,20,20,20,20,20,19,20,19,19,19,19,19,18,18,17,18,18,18,19,18,22,23,24,25,25,26,27,26,28,28,27,25,25,26,27,26,27,26,25,24,25,24,24,20,16
2.7,0.85,180,14,15,18,19,19,18,20,19,21,21,21,20,20,20,20,21,22,21,21,21,21,21,21,22,20,21,19,20,20,20,20,20,19,19,19,19,19,18,18,18,18,19,18,18,18,18,17,17,17,18,18,18,18,17,18,18,18,19,20,24,19,18,17,16,17,16,16,17,17,17,17,16,16,16,15,16,17,17,16,16,16,16,16,16,16,17,16,16,16,17,17,17,17,18,18,19,19,20,24,20,22,20,22,21,20,21,20,17,14
2.75,0.85,180,15,18,19,19,20,19,20,20,21,21,21,21,21,21,22,22,22,21,21,22,21,20,20,21,20,19,19,19,19,19,18,19,19,19,19,19,18,18,18,18,18,17,18,18,17,17,18,17,17,18,17,18,17,18,19,18,17,17,17,18,17,18,17,18,17,16,16,16,16,15,16,15,16,15,17,16,16,16,17,16,17,17,17,17,17,18,18,19,19,19,18,17,17,17,17,17,18,18,20,20,21,21,23,26,24,25,24,21,18
2.8,0.85,180,13,15,18,19,20,19,20,20,20,22,21,21,22,23,22,23,22,22,22,21,21,21,21,20,21,21,21,20,20,19,19,20,20,19,19,19,19,18,18,18,18,19,18,19,18,17,16,18,17,18,17,18,18,18,17,17,17,18,18,18,18,19,18,18,18,17,17,17,17,16,16,16,15,16,16,18,18,18,19,19,17,19,19,20,19,19,19,20,21,21,22,23,24,23,23,23,23,24,24,26,26,25,26,27,28,28,28,25,24
2.85,0.85,180,13,17,18,18,18,19,20,21,21,20,22,21,22,22,22,22,22,22,21,21,20,21,21,20,20,20,20,20,20,19,20,20,20,20,19,19,19,18,20,19,19,19,19,19,19,20,20,19,20,19,20,20,20,20,20,19,19,19,20,20,20,20,20,20,20,21,19,20,21,19,20,19,20,20,20,21,20,19,19,20,19,20,20,21,20,20,21,21,21,21,21,23,23,22,24,24,26,26,25,26,25,25,26,27,28,30,28,22,20
2.9,0.85,180,14,16,16,18,20,19,20,21,20,20,20,20,20,20,20,21,21,21,21,22,21,21,21,22,22,21,21,20,19,18,19,18,19,19,18,19,19,19,21,21,21,21,21,21,21,22,21,21,19,19,20,20,20,20,21,20,20,21,21,21,21,19,18,18,18,18,19,19,20,20,20,20,20,21,21,21,21,21,22,23,22,23,22,22,22,23,24,24,22,23,22,21,21,23,23,24,24,25,25,27,24,25,25,27,27,28,26,23,19
2.95,0.85,180,12,14,16,17,18,19,20,21,21,21,22,23,24,24,22,23,24,23,22,23,23,23,23,22,22,22,22,25,25,27,29,31,34,32,26,25,25,25,23,24,24,23,21,20,21,22,21,22,22,21,21,20,19,20,20,20,20,21,21,21,20,19,20,22,21,22,22,21,21,25,25,26,25,25,24,26,25,28,28,28,29,28,27,29,24,27,28,25,26,27,27,26,25,26,28,30,29,30,31,32,34,34,36,36,36,36,33,25,19
3,0.85,180,13,15,16,17,19,20,20,21,21,21,22,22,22,23,22,22,22,23,23,23,22,23,22,22,22,22,22,23,23,22,21,23,22,22,22,26,27,27,28,27,26,25,25,25,20,20,22,25,26,27,28,26,25,25,23,23,24,25,24,25,29,31,31,28,28,29,30,30,31,30,28,28,26,25,27,28,28,31,31,32,32,32,28,25,25,26,26,26,27,26,26,24,23,23,23,23,23,23,23,24,24,25,27,28,28,28,29,26,20
3.05,0.85,180,15,21,20,19,19,20,21,22,22,22,22,22,23,22,23,22,22,22,21,22,22,22,22,21,22,22,23,24,24,21,23,21,24,24,26,26,27,26,25,23,23,24,24,24,24,23,23,24,24,24,24,23,22,21,21,20,20,21,20,20,21,21,21,21,19,21,23,22,23,21,21,22,22,22,24,24,24,24,25,25,26,27,24,23,21,21,20,20,22,23,23,23,23,24,24,25,26,26,25,26,25,25,25,25,26,25,25,20,19
3.1,0.85,180,13,16,18,18,19,19,19,20,20,20,21,21,21,21,21,21,21,21,21,21,21,21,21,21,20,21,20,20,20,20,19,20,20,19,20,19,19,19,19,19,20,19,19,19,19,20,19,18,18,19,19,19,19,19,20,20,20,20,20,20,21,20,19,19,18,19,19,19,19,17,21,21,20,20,20,19,18,18,20,20,19,18,19,18,19,19,21,21,20,20,19,19,21,23,23,22,22,22,22,23,23,22,22,23,24,24,25,24,19
3.15,0.85,180,14,16,16,18,18,19,19,20,19,19,19,20,20,20,20,20,20,20,20,20,19,19,19,19,19,18,19,18,18,19,18,18,18,18,19,18,17,17,17,18,17,18,16,16,16,17,18,17,17,17,17,18,17,17,16,17,17,17,17,17,17,18,17,18,17,17,18,18,17,17,17,16,17,16,15,16,17,16,16,17,17,17,18,19,19,20,19,20,20,19,20,21,21,22,23,23,23,24,23,23,24,25,24,25,25,26,26,22,19
3.2,0.85,180,14,15,17,17,18,18,18,19,19,19,19,19,20,20,19,19,19,19,19,19,19,19,18,18,18,18,17,17,18,18,18,17,17,17,16,17,17,17,16,16,17,17,17,17,17,17,17,16,17,17,17,17,17,18,17,17,18,17,17,17,18,17,17,17,18,18,19,18,18,19,19,17,17,18,18,17,18,17,16,17,17,17,17,17,18,18,17,17,17,17,17,17,19,20,20,21,22,22,23,21,21,22,22,22,22,23,24,19,16
3.25,0.85,180,11,15,16,16,16,18,18,19,19,19,19,19,19,19,20,20,19,19,19,19,19,19,19,19,19,18,19,19,18,19,18,18,18,17,17,17,17,17,17,17,18,18,18,18,18,17,18,17,17,17,17,17,17,18,18,18,18,18,19,18,17,17,17,18,18,18,18,18,18,18,17,17,17,18,18,18,18,16,16,16,15,15,15,16,16,17,19,19,18,19,18,17,17,18,19,21,20,21,22,21,23,25,24,24,24,24,25,24,19
3.3,0.85,180,14,17,18,19,19,19,19,20,20,21,21,21,21,22,22,22,23,23,22,22,22,22,22,22,22,22,22,21,22,21,21,21,20,20,21,21,20,20,20,20,20,19,20,19,19,18,20,20,20,18,18,18,17,18,18,18,18,18,17,17,17,18,19,19,19,19,20,20,18,19,18,19,20,20,20,20,21,20,20,19,22,20,21,22,21,20,22,23,22,20,22,21,22,22,22,23,22,21,23,24,27,25,24,24,24,26,26,24,21
3.35,0.85,180,15,18,19,21,21,22,21,23,23,23,23,24,23,23,24,24,23,24,24,24,24,24,24,23,23,24,24,23,22,22,22,22,22,22,22,21,22,22,21,21,20,20,20,20,21,22,21,21,22,22,22,22,21,20,20,21,22,21,21,21,21,21,20,20,20,20,20,19,21,21,20,20,20,21,20,20,21,20,20,20,20,22,22,22,22,22,22,25,25,24,22,24,23,22,22,23,24,24,24,25,24,24,25,26,26,26,26,23,20
3.4,0.85,180,13,17,21,21,21,22,25,25,26,26,24,25,26,26,26,25,27,27,27,28,28,27,28,27,26,26,26,27,25,26,26,26,28,27,27,26,26,25,26,25,25,25,25,24,24,25,24,23,23,23,23,23,23,23,23,23,24,22,20,20,21,22,19,0,0,0,0,0,0,0,0,0,0,0,0,0,0,0,0,0,0,0,0,0,0,0,0,0,0,0,0,0,0,0,0,0,0,0,0,0,0,0,0,0,0,0,0,0,0
0.05,0.9,180,11,13,15,17,19,19,17,17,18,17,19,22,20,20,21,21,20,18,17,18,18,17,18,17,17,17,17,17,17,17,17,16,16,16,16,16,15,17,18,18,17,17,17,18,19,21,21,22,23,25,25,24,23,23,23,25,27,27,29,31,31,33,33,25,26,23,21,21,21,20,21,24,25,24,21,20,19,19,18,17,18,19,20,23,21,21,20,22,20,22,22,21,20,20,23,23,24,20,20,21,21,21,21,20,22,23,24,22,19
0.1,0.9,180,2,11,16,15,17,18,18,18,19,20,20,20,20,20,21,21,21,20,21,19,20,20,21,20,19,19,19,19,18,18,18,19,19,18,18,17,17,17,17,17,16,18,20,21,19,19,19,20,19,18,18,19,18,20,21,21,24,26,27,25,24,25,25,21,22,22,23,21,21,21,20,20,20,23,22,20,21,20,21,20,21,21,22,23,24,23,23,22,23,22,22,18,17,18,18,21,25,21,21,22,23,23,25,27,27,26,29,29,27
0.15,0.9,180,7,11,15,15,18,18,19,19,19,20,19,20,20,21,21,21,21,21,21,21,21,19,21,20,20,20,20,19,19,19,19,19,19,18,18,19,18,18,17,17,18,18,18,18,16,17,17,18,18,19,23,27,26,24,19,20,22,22,21,21,21,20,23,24,23,24,25,25,25,25,27,24,23,22,21,20,21,26,27,28,28,29,30,31,30,29,31,33,38,39,30,25,24,26,27,27,26,27,31,30,28,34,35,33,31,31,31,30,26
0.2,0.9,180,0,8,14,16,17,18,19,20,21,20,20,21,21,21,21,22,21,22,21,21,21,22,21,20,20,20,20,20,20,20,20,20,20,19,19,19,19,19,19,18,18,19,19,19,20,22,22,23,22,21,19,19,19,19,19,19,19,20,21,20,20,21,29,28,20,20,20,20,20,22,22,22,20,20,21,21,21,21,21,23,24,24,23,24,22,22,24,24,23,25,25,28,31,25,25,25,26,27,26,27,27,27,27,30,33,34,27,28,27
0.25,0.9,180,1,11,14,16,17,17,19,19,20,20,20,20,21,22,21,21,22,22,22,21,21,21,22,21,21,21,20,20,19,20,19,19,19,18,19,20,19,19,19,19,19,19,20,19,20,19,19,19,19,19,19,19,19,19,19,19,19,19,19,18,19,18,19,19,18,18,18,18,18,19,18,18,18,18,18,20,19,19,21,23,23,23,24,22,22,24,23,22,21,22,21,21,21,21,23,21,21,21,22,23,24,24,25,24,25,26,27,28,25
0.3,0.9,180,6,12,12,16,17,18,18,19,19,19,20,20,20,20,20,22,22,22,23,22,21,22,21,21,21,21,20,20,20,20,20,19,20,19,19,19,20,23,19,19,19,19,19,18,19,18,18,19,18,18,17,18,17,18,17,17,18,17,17,17,17,18,18,17,18,17,17,17,17,17,17,17,17,18,17,16,18,18,18,18,16,16,17,17,16,16,18,18,17,18,18,18,18,18,20,20,21,21,22,25,22,23,22,22,22,22,22,23,18
0.35,0.9,180,0,8,14,17,18,18,18,20,20,21,21,22,22,22,22,23,22,23,23,22,22,22,22,22,22,22,21,21,21,20,21,21,20,19,20,19,19,19,19,19,19,19,19,19,19,18,18,19,19,19,19,18,19,19,19,19,18,19,18,18,18,18,18,18,18,19,18,20,22,20,20,19,20,26,23,19,16,15,16,16,17,17,17,18,17,19,18,19,19,18,18,19,18,20,20,21,20,20,20,20,19,20,22,23,24,24,23,24,25
0.4,0.9,180,0,9,13,15,16,17,19,20,20,20,20,21,22,22,23,23,23,23,22,22,22,22,22,22,21,22,21,21,21,21,21,20,20,20,19,19,19,18,18,18,19,18,19,19,19,18,19,19,19,19,19,20,19,19,19,19,19,19,18,18,18,19,20,19,19,19,18,18,21,20,20,21,19,18,18,19,19,19,18,19,19,19,18,18,19,18,18,19,19,19,19,19,20,19,19,19,20,21,20,21,22,22,23,23,23,24,24,23,23
0.45,0.9,180,2,12,15,16,19,20,21,19,19,20,20,21,22,23,24,24,24,24,23,23,23,22,24,23,24,24,24,26,25,24,23,23,21,22,22,21,20,21,22,21,22,21,21,21,20,19,21,21,20,21,21,21,20,21,21,19,22,18,17,19,19,18,19,20,20,19,20,21,19,19,19,19,20,20,19,19,20,20,20,19,19,21,21,22,22,22,24,24,28,26,29,36,30,31,30,24,24,25,25,25,26,28,29,27,26,27,31,25,24
0.5,0.9,180,0,9,13,15,21,21,21,23,22,21,22,22,23,23,25,24,22,23,25,25,23,24,25,24,26,24,24,26,24,23,25,26,25,27,31,31,30,31,29,29,29,29,28,27,27,26,25,25,25,22,22,22,23,21,24,27,27,26,24,22,20,20,21,18,19,20,20,20,20,19,20,20,20,20,19,20,19,20,19,21,21,18,18,20,23,21,21,22,22,22,22,23,23,24,24,25,24,24,25,26,26,25,25,24,23,24,26,26,27
1.1,0.9,180,2,11,13,15,17,18,16,16,18,16,16,16,16,16,17,18,18,17,17,18,18,18,19,18,18,20,18,17,17,19,19,19,20,21,21,22,19,21,21,22,23,21,20,22,23,26,26,25,22,23,22,20,17,17,16,16,17,18,19,17,16,18,19,19,21,20,17,17,16,17,17,17,18,19,21,21,20,16,16,19,19,17,18,18,19,20,20,20,20,21,22,21,21,21,23,24,22,25,24,22,24,22,23,20,20,21,21,22,20
1.15,0.9,180,5,9,12,14,14,16,16,17,17,17,17,17,18,18,18,18,17,19,21,18,18,18,17,17,16,16,16,16,16,16,16,17,17,17,17,16,15,15,16,15,15,15,15,15,16,20,13,15,15,14,16,15,16,16,16,16,16,16,16,17,19,18,17,15,17,15,15,15,15,15,14,16,15,15,16,16,16,17,17,21,25,16,19,19,21,19,17,18,17,18,18,17,19,19,20,22,22,22,23,23,26,25,23,23,23,23,22,23,19
1.2,0.9,180,7,13,15,18,17,17,18,19,20,18,20,21,20,20,20,21,21,20,20,21,21,20,20,20,19,19,19,19,19,19,19,18,18,18,18,18,17,18,17,17,17,18,17,17,17,17,17,18,18,17,17,17,18,18,18,19,19,19,19,19,20,20,21,21,22,23,25,28,24,23,23,24,20,18,17,17,17,18,19,20,20,19,19,19,19,20,20,19,20,20,20,22,20,19,21,26,27,28,27,27,28,29,30,31,31,31,30,30,22
1.25,0.9,180,0,12,16,18,19,21,20,21,23,24,24,24,25,25,25,25,24,24,23,24,24,23,22,25,33,28,24,24,23,22,22,21,21,21,21,20,20,21,20,21,21,21,21,22,21,21,20,22,22,22,21,21,21,21,21,21,21,21,20,20,20,20,24,25,26,27,28,28,29,28,28,28,26,25,23,22,22,19,20,21,24,26,27,27,27,30,26,26,24,25,25,24,24,23,25,26,24,26,26,26,26,26,27,28,28,27,27,28,27
1.3,0.9,180,7,14,17,18,19,20,20,23,24,25,27,25,26,27,26,26,27,27,28,36,39,33,31,31,31,30,29,29,28,28,28,28,29,29,28,27,26,28,28,29,30,28,25,25,25,25,24,26,26,25,25,24,24,24,23,22,22,23,23,24,24,24,25,26,25,26,24,25,23,22,24,22,21,23,25,25,26,29,28,30,29,30,29,28,28,29,28,29,30,30,30,30,31,31,28,27,28,29,31,31,32,32,33,33,33,32,32,33,33
1.8,0.9,180,4,11,14,15,16,16,17,17,17,17,18,17,18,17,18,19,19,19,19,19,16,17,16,17,18,17,17,16,15,18,17,17,19,19,18,17,16,16,14,14,16,17,17,17,16,16,15,17,16,16,16,15,17,18,18,17,16,15,14,14,16,17,17,18,18,14,15,14,14,14,16,16,15,18,21,20,17,18,17,18,18,18,19,22,16,19,21,20,21,21,21,18,18,17,18,20,21,19,22,20,22,23,23,21,21,21,23,23,22
1.85,0.9,180,10,15,16,19,19,20,21,22,22,22,22,22,24,25,23,23,22,23,22,22,22,22,22,22,22,21,20,20,19,19,19,18,18,18,18,18,18,18,18,17,18,18,18,18,18,19,20,18,19,18,19,19,18,19,20,19,19,19,19,18,18,18,19,18,19,18,18,17,18,18,17,19,19,20,20,21,20,20,21,20,20,22,22,21,21,20,21,22,21,20,21,20,20,21,22,23,21,22,21,22,22,22,23,22,26,26,26,23,19
1.9,0.9,180,6,19,25,20,18,21,22,21,20,21,20,21,23,22,21,22,24,25,26,24,22,22,23,22,21,21,22,22,22,22,22,23,23,22,22,20,21,22,21,20,20,20,21,20,21,20,21,20,19,19,21,19,19,19,21,20,20,21,21,20,19,20,20,20,20,19,21,22,21,22,21,22,22,21,21,21,21,20,19,20,20,21,24,23,22,25,26,25,24,25,23,24,23,23,23,23,22,22,22,23,24,23,23,23,24,24,26,25,22
2.15,0.9,180,14,15,20,25,24,26,25,25,26,26,27,28,28,27,27,29,26,27,26,26,25,25,22,20,21,19,19,18,19,19,17,21,23,24,23,24,22,20,19,21,24,27,21,24,27,31,28,16,20,23,27,28,28,27,25,25,25,25,27,26,21,22,24,19,17,17,23,22,22,22,22,22,24,23,21,18,26,24,23,22,18,17,19,20,21,21,21,22,19,18,19,20,21,19,20,22,25,26,27,27,26,26,26,27,29,30,28,28,28
2.2,0.9,180,12,14,16,17,17,17,18,18,18,19,20,20,20,19,21,21,20,20,20,20,21,21,20,19,21,20,21,21,20,23,20,19,18,20,20,21,21,19,19,19,19,18,19,25,26,28,26,19,18,19,20,20,21,23,22,22,23,21,21,20,20,17,18,17,17,16,17,16,15,15,15,15,16,16,17,18,19,18,19,20,18,16,15,17,17,17,18,17,17,18,20,19,19,18,18,19,19,20,20,21,20,21,21,23,22,23,24,19,17
2.25,0.9,180,13,14,17,18,20,20,20,20,21,20,22,21,21,21,21,22,21,20,21,21,21,21,22,20,20,20,20,20,18,18,18,18,18,18,18,20,20,20,22,23,27,27,22,20,22,21,20,20,20,20,20,17,17,16,16,17,16,16,16,16,16,16,16,16,16,16,16,16,16,17,17,16,16,15,15,16,17,17,17,18,18,18,18,17,18,18,18,19,19,19,19,19,19,19,19,19,20,21,21,22,23,23,23,24,22,23,22,21,19
2.3,0.9,180,15,16,18,18,19,19,19,19,20,21,21,20,21,21,21,20,20,19,20,19,20,19,19,19,20,18,18,18,28,29,25,23,22,19,17,17,17,17,17,17,17,16,19,19,19,18,19,16,16,15,17,17,17,18,17,16,18,16,16,18,17,17,17,17,18,18,18,18,17,17,18,18,19,19,19,19,20,19,19,24,26,28,27,27,26,26,26,26,24,21,22,21,20,19,21,20,21,20,21,21,22,23,23,24,23,24,22,19,18
2.35,0.9,180,12,15,16,19,20,20,20,20,21,20,21,21,22,22,22,22,22,22,21,22,22,21,21,21,20,20,20,20,19,19,19,19,19,19,18,18,19,18,18,19,18,19,17,18,18,18,18,18,18,18,19,20,19,18,18,19,19,18,20,19,20,19,20,20,20,20,21,21,21,20,19,19,20,19,20,22,21,22,21,22,21,22,22,21,21,22,21,20,21,23,24,22,22,24,24,24,24,24,23,25,26,27,27,28,27,29,29,27,25
2.4,0.9,180,15,17,18,19,20,21,20,20,20,20,20,20,20,21,21,21,22,21,22,21,21,20,20,21,20,20,21,20,21,20,19,19,19,20,19,19,19,19,19,19,19,19,20,19,20,20,22,22,22,25,29,31,24,22,21,20,21,20,20,19,20,20,20,20,20,20,20,20,21,22,23,22,21,20,22,22,23,23,22,22,26,27,28,27,26,26,25,23,23,23,23,23,25,25,26,26,26,26,27,28,27,30,30,29,28,30,28,22,21
2.45,0.9,180,17,18,19,21,21,22,22,22,22,21,23,23,23,23,23,23,24,23,23,24,23,22,29,30,21,25,24,22,21,21,21,20,20,20,20,20,21,20,20,20,21,20,20,20,19,19,20,19,20,20,20,19,20,21,21,20,21,22,22,25,26,28,26,22,22,22,21,21,21,22,22,24,26,26,27,26,26,26,25,26,26,27,27,25,26,27,28,29,28,28,29,28,28,28,29,31,31,31,31,32,32,32,32,33,33,35,34,33,31
2.5,0.9,180,17,18,18,21,23,22,23,22,23,23,22,23,24,23,23,24,22,23,26,24,28,27,30,25,24,24,24,26,26,26,26,25,24,24,22,22,23,23,22,22,22,22,21,22,25,21,26,25,25,26,25,23,24,24,22,21,21,22,22,22,22,24,22,21,22,22,23,22,21,22,23,24,24,27,26,23,25,28,29,30,30,27,28,29,28,28,24,25,30,29,28,27,27,30,28,27,28,28,27,29,29,31,31,31,31,31,31,30,26
2.55,0.9,180,17,19,22,22,23,21,23,22,22,23,22,24,23,23,22,22,23,22,23,22,23,23,23,22,21,21,21,21,21,20,20,23,23,21,20,25,28,27,27,26,27,26,26,26,27,31,27,27,26,26,27,24,24,23,21,21,24,25,24,24,28,30,29,28,25,25,24,34,31,30,29,30,30,25,23,23,21,30,27,27,25,24,31,28,23,21,20,21,22,20,25,22,23,24,23,23,23,23,24,24,26,26,27,28,29,28,27,24,18
2.6,0.9,180,16,19,19,21,22,21,22,22,23,23,24,25,24,23,24,23,23,22,22,23,23,22,22,22,22,21,21,22,22,22,22,21,22,21,21,21,21,19,20,20,20,20,20,24,23,22,18,18,18,21,26,25,26,29,28,24,27,24,21,20,20,20,20,20,21,22,24,22,23,22,24,26,28,30,28,26,26,22,21,21,21,23,19,20,18,19,20,20,21,22,22,22,21,21,21,21,21,22,22,23,24,24,24,25,25,26,24,21,18
2.65,0.9,180,16,18,20,21,22,20,20,22,23,23,24,25,26,29,34,27,25,24,24,24,24,23,23,22,22,22,22,21,21,22,22,22,23,23,24,25,25,25,24,25,25,24,24,24,23,24,25,26,23,22,23,24,24,24,20,21,23,25,22,21,21,19,19,18,17,18,17,18,19,18,18,18,17,19,18,18,17,17,18,18,19,19,17,18,17,18,18,18,18,18,18,19,18,19,20,18,19,19,19,20,20,21,23,23,23,25,25,23,19
2.7,0.9,180,13,16,19,20,21,21,22,22,23,22,22,22,23,22,22,22,22,22,21,22,22,21,22,21,21,20,20,20,19,20,19,20,19,19,19,20,20,19,18,20,20,19,19,19,19,19,19,19,19,19,19,18,19,18,19,19,26,28,29,25,21,21,21,20,20,20,18,18,17,18,17,18,19,20,21,21,21,22,23,24,23,24,26,27,23,19,18,19,17,17,18,18,18,19,19,20,19,20,22,21,23,23,27,28,30,30,33,27,21
2.75,0.9,180,15,17,18,17,17,18,19,20,21,21,23,21,22,21,22,22,22,22,21,22,21,21,21,21,20,20,20,19,19,19,19,19,19,19,19,18,19,19,19,19,19,18,18,18,18,18,18,17,17,17,17,18,19,18,18,17,18,19,18,19,19,19,20,25,21,18,18,18,18,18,18,17,18,18,18,17,18,18,19,16,17,16,18,18,17,18,17,19,25,28,28,29,30,26,23,21,21,24,25,28,29,28,26,26,26,26,27,21,17
2.8,0.9,180,12,15,16,18,18,20,19,19,20,20,21,21,22,21,21,20,21,21,21,22,21,21,20,20,20,20,20,19,20,19,20,19,18,19,18,18,18,18,18,18,18,18,18,17,17,17,17,17,16,16,16,16,16,17,16,15,20,26,31,26,24,19,18,18,18,18,18,19,19,19,18,19,19,18,19,19,18,19,18,18,17,19,17,17,17,18,18,18,18,19,19,19,20,20,19,19,21,22,22,22,23,23,24,24,25,27,28,28,27
2.85,0.9,180,14,15,16,18,20,20,20,21,22,22,22,22,22,22,22,22,21,22,21,21,21,21,21,21,21,20,20,19,19,19,18,18,19,19,19,23,25,25,22,19,19,18,19,23,26,28,29,28,27,26,25,25,23,26,26,22,21,18,19,19,19,19,19,19,19,19,17,16,18,18,18,18,18,18,19,20,19,22,22,24,23,22,22,21,21,22,22,23,23,24,24,23,23,25,26,26,26,26,27,28,27,28,29,28,28,28,28,24,20
2.9,0.9,180,12,14,16,18,19,18,20,19,19,19,19,19,20,20,21,22,22,23,22,22,22,21,23,22,21,21,21,21,22,22,22,22,22,22,22,21,21,20,20,20,20,20,21,21,21,21,20,20,20,21,20,20,22,23,22,22,23,22,23,24,20,19,19,19,20,20,19,19,20,19,20,19,18,19,20,20,20,20,21,20,18,20,21,22,22,22,22,22,22,22,23,24,24,26,27,29,29,31,31,33,30,28,26,27,27,26,27,21,19
2.95,0.9,180,14,16,18,19,18,19,20,21,21,22,22,24,22,24,24,23,23,23,23,23,23,23,23,22,23,23,23,21,22,22,20,20,21,21,20,20,20,19,20,19,20,21,20,19,19,20,21,20,20,21,22,23,20,21,23,22,21,20,20,22,22,23,21,21,21,21,21,20,19,21,22,21,21,20,20,20,20,20,22,23,21,21,23,23,22,24,22,23,24,23,24,27,25,25,25,25,26,29,30,31,31,31,32,30,30,29,29,28,25
3,0.9,180,13,16,18,20,19,21,22,22,22,21,23,23,22,21,22,22,22,23,23,23,23,23,23,24,24,23,23,22,22,22,22,21,21,22,21,22,22,21,21,21,21,21,20,21,20,22,22,22,21,21,20,21,23,23,23,28,29,28,27,25,26,27,27,27,26,26,27,27,25,25,25,22,20,20,20,20,20,21,20,21,21,20,21,22,21,24,23,22,23,24,22,25,24,25,29,28,28,27,28,28,29,29,29,29,29,30,33,32,26
3.05,0.9,180,14,16,18,19,20,20,21,20,20,22,21,22,22,22,22,23,23,23,23,21,22,22,23,23,22,22,22,22,22,21,21,21,22,24,24,26,24,24,23,23,24,24,24,22,22,22,22,23,24,24,23,25,25,26,24,24,25,24,24,25,25,23,22,23,22,22,21,21,20,22,21,20,21,23,25,26,28,27,27,24,23,23,24,26,26,26,27,27,28,28,29,31,33,32,30,31,29,28,31,27,27,26,26,26,27,27,29,25,19
3.1,0.9,180,11,14,16,18,19,18,19,20,20,20,21,21,21,20,21,20,20,21,21,20,22,20,20,25,26,26,25,24,22,20,20,19,19,20,19,20,20,19,20,20,19,19,19,18,18,19,19,20,19,19,19,19,20,20,21,22,22,24,21,20,21,23,21,23,19,17,17,17,19,19,20,18,18,18,18,19,18,18,18,18,18,18,19,19,18,18,18,18,18,18,18,18,19,19,19,19,19,20,20,21,24,24,24,24,24,24,24,24,20
3.15,0.9,180,11,14,16,17,18,19,19,19,20,20,20,20,20,20,20,20,20,20,21,20,20,19,20,20,18,19,19,18,19,18,18,18,19,18,18,18,18,17,18,18,18,18,19,17,17,18,18,17,18,17,17,17,18,19,18,18,18,18,18,18,17,18,17,17,17,17,17,17,16,16,17,17,17,17,19,18,18,18,18,18,18,18,18,19,19,19,19,19,18,18,19,19,19,20,21,21,21,22,23,25,25,25,26,26,26,27,26,24,20
3.2,0.9,180,13,14,16,17,17,17,19,19,21,19,20,20,20,22,22,21,21,20,21,20,20,19,19,20,19,20,20,19,19,20,20,19,20,18,18,18,19,18,17,17,18,18,18,18,18,18,18,18,18,18,17,18,18,18,18,18,18,18,17,17,17,18,18,18,17,18,17,18,18,18,19,19,18,19,19,19,19,19,18,18,18,18,17,18,18,18,18,18,18,18,18,19,18,19,19,21,21,21,21,21,22,23,22,23,23,23,24,22,21
3.25,0.9,180,9,13,16,17,19,20,20,20,21,21,22,22,22,23,21,21,21,21,21,21,21,21,21,21,21,19,20,20,19,19,19,19,19,19,19,18,19,19,19,19,18,18,18,18,18,19,18,18,18,18,18,18,18,18,19,19,18,18,18,19,18,19,18,18,18,18,17,17,18,18,18,18,17,18,18,17,17,17,18,17,17,17,17,18,19,18,18,18,19,18,19,19,19,20,19,21,20,20,21,20,21,22,22,23,22,24,25,26,21
3.3,0.9,180,11,15,17,19,20,20,20,20,21,22,23,22,22,21,22,23,23,23,24,23,22,23,22,22,22,21,21,21,21,21,21,21,20,21,20,20,20,20,21,20,20,20,20,19,18,19,20,19,19,19,19,20,19,18,19,20,19,19,20,19,17,17,18,18,17,18,19,19,19,18,18,18,18,19,20,20,21,20,21,23,23,23,23,22,23,23,23,23,22,22,22,22,22,23,25,25,25,26,26,27,26,27,28,29,29,29,29,28,23
3.35,0.9,180,12,16,19,19,20,20,21,21,21,22,23,23,23,24,23,24,24,24,24,24,24,24,23,24,24,23,23,23,23,23,23,24,24,23,24,24,22,22,23,23,21,21,21,20,21,20,21,20,20,21,21,20,20,21,20,20,18,18,20,20,19,19,20,20,21,22,22,21,22,24,23,24,25,26,26,26,26,25,26,26,26,26,24,24,22,21,22,22,24,24,24,25,27,26,28,28,29,29,26,27,26,26,26,26,27,27,26,25,22
3.4,0.9,180,10,17,20,20,21,22,23,23,23,23,23,25,25,24,25,25,25,26,27,26,26,24,26,26,27,27,27,24,25,24,25,24,23,23,25,26,26,25,25,24,24,26,25,24,24,23,24,25,25,25,24,24,24,24,21,22,24,24,25,24,23,23,22,0,0,0,0,0,0,0,0,0,0,0,0,0,0,0,0,0,0,0,0,0,0,0,0,0,0,0,0,0,0,0,0,0,0,0,0,0,0,0,0,0,0,0,0,0,0
